transaction_id,device_id,employee_id,checkout_timestamp,return_timestamp
TX000001,DEV0252,EMP0072,2026-05-29 15:55:00,2026-06-02 22:57:18.135113700
TX000002,DEV0022,EMP0079,2024-04-26 11:04:00,2024-05-18 19:17:53.682005524
TX000003,DEV0213,EMP0309,2025-07-19 08:46:00,2025-07-26 05:27:44.378189423
TX000004,DEV0134,EMP0395,2025-11-25 11:26:00,2025-12-14 08:46:46.177725978
TX000005,DEV0205,EMP0329,2024-09-10 12:09:00,2024-10-06 20:53:35.639534462
TX000006,DEV0177,EMP0272,2026-04-14 17:04:00,2026-04-19 23:23:52.186816555
TX000007,DEV0178,EMP0274,2026-06-05 08:17:00,2026-06-06 21:38:50.195536107
TX000008,DEV0161,EMP0188,2025-08-17 08:37:00,2025-08-24 09:30:13.460936857
TX000009,DEV0176,EMP0256,2024-03-13 16:26:00,2024-03-17 09:40:05.889739108
TX000010,DEV0113,EMP0350,2025-12-24 16:14:00,2025-12-29 20:42:10.058733308
TX000011,DEV0122,EMP0228,2025-05-01 07:37:00,2025-05-09 15:18:29.715355490
TX000012,DEV0155,EMP0420,2025-12-19 08:04:00,2025-12-30 02:14:59.618312046
TX000013,DEV0127,EMP0235,2025-04-01 18:57:00,2025-04-02 15:22:40.152932950
TX000014,DEV0023,EMP0247,2024-01-01 14:25:00,2024-01-06 19:57:39.725327964
TX000015,DEV0147,EMP0410,2024-05-30 08:56:00,2024-06-02 06:23:35.856165326
TX000016,DEV0165,EMP0130,2025-02-05 10:45:00,2025-02-15 10:38:43.201181786
TX000017,DEV0260,EMP0339,2024-08-06 15:17:00,2024-08-08 00:25:59.691773107
TX000018,DEV0257,EMP0004,2026-08-22 08:31:00,2026-08-25 17:38:35.040117130
TX000019,DEV0052,EMP0160,2025-05-29 15:49:00,2025-06-09 10:41:38.921586196
TX000020,DEV0254,EMP0387,2026-06-01 13:47:00,2026-06-12 00:36:54.126148390
TX000021,DEV0144,EMP0074,2025-05-07 13:38:00,2025-05-15 16:40:48.457331152
TX000022,DEV0084,EMP0222,2024-05-03 12:11:00,2024-05-05 19:34:09.546103920
TX000023,DEV0196,EMP0414,2025-06-23 09:01:00,2025-06-30 01:29:35.534781444
TX000024,DEV0071,EMP0289,2024-03-04 07:03:00,2024-03-07 23:42:11.535180578
TX000025,DEV0041,EMP0218,2025-08-13 09:26:00,2025-08-15 21:08:30.308182518
TX000026,DEV0232,EMP0053,2024-01-11 13:10:00,2024-01-22 08:51:10.218538032
TX000027,DEV0052,EMP0340,2025-10-04 08:43:00,2025-10-06 13:38:53.915975382
TX000028,DEV0077,EMP0387,2025-04-09 16:21:00,2025-04-10 11:52:33.664212812
TX000029,DEV0183,EMP0151,2024-01-18 10:26:00,2024-01-26 13:49:13.490089612
TX000030,DEV0211,EMP0094,2025-11-24 07:06:00,2025-11-27 16:20:27.875692809
TX000031,DEV0011,EMP0364,2024-08-05 13:27:00,2024-08-14 20:25:06.157200869
TX000032,DEV0241,EMP0184,2024-07-15 14:55:00,2024-07-21 15:20:12.438280114
TX000033,DEV0002,EMP0367,2026-01-13 15:58:00,2026-01-22 20:13:50.817788236
TX000034,DEV0021,EMP0029,2026-04-07 07:36:00,2026-04-20 19:17:19.436168526
TX000035,DEV0019,EMP0296,2025-12-11 09:50:00,2025-12-16 19:05:08.803065714
TX000036,DEV0252,EMP0055,2025-12-15 07:22:00,2025-12-26 12:23:20.366198213
TX000037,DEV0243,EMP0219,2025-12-16 08:12:00,2026-01-04 04:44:42.312730477
TX000038,DEV0062,EMP0248,2025-08-25 12:55:00,2025-09-01 16:57:33.028247255
TX000039,DEV0039,EMP0190,2024-03-27 15:40:00,2024-03-28 18:33:25.250311274
TX000040,DEV0194,EMP0059,2024-10-04 13:20:00,2024-10-10 07:07:55.712616143
TX000041,DEV0114,EMP0337,2026-07-17 10:39:00,2026-07-23 13:21:19.799140577
TX000042,DEV0035,EMP0114,2024-05-28 09:41:00,2024-06-11 15:37:50.098954927
TX000043,DEV0113,EMP0290,2025-02-07 13:31:00,2025-02-12 18:26:11.633337512
TX000044,DEV0095,EMP0139,2025-09-26 16:06:00,2025-10-08 10:48:00.413516877
TX000045,DEV0102,EMP0322,2026-02-28 07:22:00,2026-03-30 16:22:56.592174983
TX000046,DEV0090,EMP0359,2025-02-14 15:06:00,2025-02-25 18:14:53.225791148
TX000047,DEV0197,EMP0380,2024-10-04 16:47:00,2024-10-08 13:51:32.202182377
TX000048,DEV0011,EMP0154,2025-03-09 18:32:00,2025-03-17 19:49:14.903406902
TX000049,DEV0003,EMP0033,2025-03-16 08:50:00,2025-03-26 19:34:42.026538070
TX000050,DEV0122,EMP0008,2024-05-07 09:03:00,2024-05-26 02:07:52.438809128
TX000051,DEV0023,EMP0231,2025-02-16 07:55:00,2025-02-23 01:44:34.661695298
TX000052,DEV0131,EMP0305,2026-04-17 08:26:00,2026-04-27 09:11:37.579548950
TX000053,DEV0136,EMP0383,2026-08-09 09:11:00,2026-08-16 01:27:31.912168336
TX000054,DEV0052,EMP0301,2025-10-24 12:10:00,2025-10-27 05:54:28.125662609
TX000055,DEV0091,EMP0128,2025-11-29 12:27:00,2025-12-01 07:09:55.897119503
TX000056,DEV0054,EMP0018,2026-05-26 12:20:00,2026-06-12 16:59:15.410395913
TX000057,DEV0062,EMP0285,2025-12-28 11:07:00,2026-01-07 14:48:39.515095044
TX000058,DEV0183,EMP0175,2025-11-26 15:59:00,2025-12-16 18:26:43.965550782
TX000059,DEV0137,EMP0329,2024-06-22 12:36:00,2024-06-26 14:06:57.719288100
TX000060,DEV0011,EMP0397,2024-04-15 16:14:00,2024-04-21 01:57:23.475547352
TX000061,DEV0051,EMP0384,2025-01-03 12:23:00,2025-01-04 02:19:25.443672129
TX000062,DEV0005,EMP0095,2024-07-15 10:45:00,2024-08-04 15:24:32.851762044
TX000063,DEV0137,EMP0392,2024-11-02 07:46:00,2024-11-07 03:39:12.421772329
TX000064,DEV0112,EMP0052,2026-01-16 15:48:00,2026-01-28 21:48:40.348310451
TX000065,DEV0257,EMP0188,2026-01-20 07:05:00,2026-01-22 13:21:20.881766629
TX000066,DEV0206,EMP0338,2025-08-09 13:51:00,2025-08-11 15:53:27.789008929
TX000067,DEV0011,EMP0277,2025-03-12 12:15:00,2025-03-22 00:53:19.386817175
TX000068,DEV0071,EMP0362,2026-05-20 18:25:00,2026-05-30 17:33:07.487849141
TX000069,DEV0065,EMP0158,2025-05-04 07:09:00,2025-06-11 23:25:54.174427864
TX000070,DEV0213,EMP0406,2024-09-07 15:58:00,2024-09-12 13:32:19.075759540
TX000071,DEV0035,EMP0390,2025-05-27 13:10:00,2025-06-09 05:30:32.671157632
TX000072,DEV0241,EMP0395,2024-04-22 11:33:00,2024-04-26 01:55:11.587783209
TX000073,DEV0212,EMP0006,2024-03-06 13:30:00,2024-03-12 21:45:26.584377413
TX000074,DEV0243,EMP0110,2026-05-21 10:11:00,2026-05-29 23:02:08.301941945
TX000075,DEV0113,EMP0198,2024-06-01 15:06:00,2024-06-17 12:36:11.084544574
TX000076,DEV0022,EMP0378,2024-04-21 14:55:00,2024-04-25 03:44:35.924370793
TX000077,DEV0116,EMP0310,2025-02-09 10:11:00,2025-02-14 18:26:43.475061526
TX000078,DEV0016,EMP0249,2024-02-07 08:39:00,2024-02-22 19:21:56.208562690
TX000079,DEV0245,EMP0374,2025-12-30 11:52:00,2026-01-08 13:55:38.541149058
TX000080,DEV0140,EMP0197,2024-10-16 17:03:00,2024-10-17 06:40:06.559009972
TX000081,DEV0051,EMP0293,2024-09-12 10:37:00,2024-09-18 01:24:21.164565629
TX000082,DEV0201,EMP0008,2025-01-04 10:35:00,2025-01-18 09:24:05.090959455
TX000083,DEV0205,EMP0148,2024-02-27 15:25:00,2024-03-16 02:22:47.537227250
TX000084,DEV0023,EMP0187,2025-07-01 07:07:00,2025-07-08 00:31:06.409852369
TX000085,DEV0224,EMP0252,2025-09-04 18:36:00,2025-09-15 10:56:38.560373073
TX000086,DEV0009,EMP0042,2025-06-25 15:12:00,2025-07-05 04:54:44.456824589
TX000087,DEV0048,EMP0377,2024-11-26 15:42:00,2024-11-27 18:12:03.353205951
TX000088,DEV0197,EMP0035,2024-07-13 10:17:00,2024-07-22 22:56:09.398005839
TX000089,DEV0080,EMP0255,2024-10-18 15:02:00,2024-10-20 12:53:11.428580553
TX000090,DEV0245,EMP0132,2026-01-06 09:28:00,2026-01-06 23:10:46.837090381
TX000091,DEV0134,EMP0236,2025-02-23 10:35:00,2025-03-10 08:15:41.703071935
TX000092,DEV0101,EMP0002,2024-06-25 16:21:00,2024-07-07 07:28:27.567155323
TX000093,DEV0128,EMP0259,2026-06-14 17:01:00,2026-06-15 15:16:01.247903707
TX000094,DEV0067,EMP0167,2026-08-18 10:12:00,2026-09-01 03:00:31.518518547
TX000095,DEV0151,EMP0066,2025-01-01 10:49:00,2025-01-09 15:39:17.188594414
TX000096,DEV0224,EMP0350,2024-12-25 13:34:00,2024-12-27 15:21:00.109844254
TX000097,DEV0189,EMP0399,2024-10-07 07:43:00,2024-10-12 01:59:14.674734416
TX000098,DEV0022,EMP0127,2024-01-24 17:03:00,2024-01-27 18:09:05.538647116
TX000099,DEV0111,EMP0120,2026-02-13 17:29:00,2026-02-20 11:08:48.489779110
TX000100,DEV0214,EMP0397,2024-02-20 10:28:00,2024-03-01 21:01:00.826200004
TX000101,DEV0067,EMP0348,2025-02-11 07:21:00,2025-02-14 15:50:00.249163194
TX000102,DEV0079,EMP0322,2024-09-01 17:21:00,2024-09-05 08:42:37.558720639
TX000103,DEV0033,EMP0190,2025-11-06 18:50:00,2025-11-11 10:12:01.232964350
TX000104,DEV0197,EMP0075,2026-08-19 10:02:00,2026-08-27 23:20:45.200290517
TX000105,DEV0195,EMP0355,2024-12-15 13:00:00,2025-01-02 05:44:30.492993415
TX000106,DEV0049,EMP0212,2024-04-30 11:33:00,2024-05-04 11:12:38.112781780
TX000107,DEV0232,EMP0164,2026-02-23 09:14:00,2026-03-02 20:33:49.671485478
TX000108,DEV0242,EMP0227,2025-10-26 17:58:00,2025-10-31 18:09:32.564235816
TX000109,DEV0026,EMP0164,2024-08-18 18:31:00,2024-08-20 16:31:09.378838686
TX000110,DEV0051,EMP0316,2026-01-15 17:05:00,2026-01-20 17:01:36.414107944
TX000111,DEV0180,EMP0356,2025-09-07 10:45:00,2025-09-08 13:30:14.355283273
TX000112,DEV0083,EMP0388,2025-11-10 09:57:00,2025-11-11 17:55:04.413609542
TX000113,DEV0195,EMP0160,2026-08-29 12:09:00,2026-08-31 08:55:44.551067063
TX000114,DEV0147,EMP0025,2024-02-17 12:24:00,2024-02-19 22:20:23.041772033
TX000115,DEV0185,EMP0080,2025-09-16 10:47:00,2025-09-21 03:06:45.867643439
TX000116,DEV0135,EMP0411,2026-04-30 13:40:00,2026-05-05 02:06:32.126568767
TX000117,DEV0191,EMP0378,2026-03-16 11:35:00,2026-03-19 23:52:29.200597595
TX000118,DEV0223,EMP0016,2025-12-05 11:31:00,2025-12-23 18:43:33.796072835
TX000119,DEV0051,EMP0068,2024-12-29 18:56:00,2025-01-05 08:51:20.607037254
TX000120,DEV0086,EMP0016,2026-03-05 17:23:00,2026-03-09 03:44:34.222598763
TX000121,DEV0157,EMP0379,2026-07-23 09:24:00,2026-07-31 16:02:04.234441285
TX000122,DEV0134,EMP0417,2025-06-21 14:12:00,2025-07-09 09:00:51.643022072
TX000123,DEV0176,EMP0325,2026-07-14 12:49:00,2026-07-17 04:49:53.915162214
TX000124,DEV0243,EMP0024,2025-06-02 16:38:00,2025-06-15 22:31:36.352508694
TX000125,DEV0023,EMP0295,2024-08-14 10:50:00,2024-08-20 08:25:34.829003461
TX000126,DEV0054,EMP0148,2024-06-07 11:33:00,2024-06-23 12:50:19.682123010
TX000127,DEV0039,EMP0405,2026-06-08 07:54:00,2026-06-09 10:49:50.868431672
TX000128,DEV0164,EMP0216,2025-11-03 13:00:00,2025-12-05 05:50:59.885367296
TX000129,DEV0097,EMP0139,2024-01-13 16:30:00,2024-01-18 05:01:40.312608621
TX000130,DEV0063,EMP0058,2025-05-28 17:22:00,2025-06-09 13:10:39.342471277
TX000131,DEV0075,EMP0232,2025-06-13 09:29:00,2025-06-22 11:29:43.604034682
TX000132,DEV0181,EMP0417,2024-01-25 09:15:00,2024-02-07 17:38:35.982004450
TX000133,DEV0175,EMP0049,2025-12-28 09:30:00,2026-01-16 04:11:27.956710510
TX000134,DEV0024,EMP0193,2025-09-29 07:59:00,2025-10-10 07:43:47.213775265
TX000135,DEV0213,EMP0156,2025-06-15 08:37:00,2025-06-20 23:23:43.242275263
TX000136,DEV0241,EMP0160,2024-01-26 10:50:00,2024-05-20 10:11:10.690675624
TX000137,DEV0085,EMP0086,2024-06-10 09:27:00,2024-06-25 05:00:54.548498742
TX000138,DEV0170,EMP0363,2024-05-01 16:17:00,2024-05-02 07:53:38.165170276
TX000139,DEV0243,EMP0239,2026-07-14 12:24:00,2026-07-19 15:52:15.059152211
TX000140,DEV0007,EMP0043,2024-05-20 12:36:00,2024-05-21 05:25:21.014472653
TX000141,DEV0231,EMP0387,2026-03-08 13:29:00,2026-03-17 10:42:15.343059189
TX000142,DEV0051,EMP0159,2026-04-18 13:49:00,2026-04-27 06:33:16.826843836
TX000143,DEV0059,EMP0246,2026-06-26 17:34:00,2026-06-29 15:25:09.253158867
TX000144,DEV0073,EMP0282,2024-08-23 18:04:00,2024-09-10 06:57:16.884324771
TX000145,DEV0134,EMP0078,2025-02-21 09:27:00,2025-03-16 18:13:04.674732762
TX000146,DEV0185,EMP0347,2026-01-10 18:34:00,2026-01-24 18:41:30.942732196
TX000147,DEV0190,EMP0388,2026-02-16 07:39:00,2026-02-16 23:45:55.684922002
TX000148,DEV0211,EMP0166,2025-12-26 07:27:00,2026-01-10 15:07:38.351143987
TX000149,DEV0026,EMP0321,2024-08-07 10:50:00,2024-08-11 08:10:57.887676655
TX000150,DEV0126,EMP0237,2026-02-23 11:53:00,2026-03-02 22:36:51.724928174
TX000151,DEV0160,EMP0239,2025-03-11 10:23:00,2025-03-11 15:05:08.859669385
TX000152,DEV0122,EMP0330,2026-03-07 15:44:00,2026-03-11 09:00:17.272660254
TX000153,DEV0040,EMP0037,2025-07-21 14:17:00,2025-07-25 00:10:46.668569314
TX000154,DEV0065,EMP0205,2025-05-12 08:56:00,2025-05-21 22:43:45.948337520
TX000155,DEV0226,EMP0076,2024-06-10 16:49:00,2024-06-13 21:25:20.557657326
TX000156,DEV0178,EMP0283,2025-06-02 07:23:00,2025-06-03 08:39:56.554545543
TX000157,DEV0232,EMP0131,2024-08-11 11:10:00,2024-08-19 18:02:20.203814544
TX000158,DEV0063,EMP0348,2024-05-15 07:51:00,2024-05-18 13:41:52.708649027
TX000159,DEV0002,EMP0178,2025-06-26 13:30:00,2025-07-05 19:58:24.296006063
TX000160,DEV0043,EMP0107,2025-12-22 17:47:00,2025-12-30 00:57:45.572881975
TX000161,DEV0001,EMP0298,2024-10-17 09:33:00,2024-11-03 13:39:31.428171414
TX000162,DEV0045,EMP0024,2025-05-30 10:42:00,2025-06-13 22:13:27.805087972
TX000163,DEV0044,EMP0090,2026-01-14 17:21:00,2026-01-20 06:33:28.633581572
TX000164,DEV0129,EMP0416,2024-02-02 18:13:00,2024-02-03 02:01:53.519387600
TX000165,DEV0229,EMP0171,2026-02-15 17:52:00,2026-02-20 14:02:52.244609680
TX000166,DEV0170,EMP0316,2026-06-14 14:06:00,2026-06-15 02:10:32.521929027
TX000167,DEV0114,EMP0038,2025-10-19 07:50:00,2025-10-19 12:06:29.673324327
TX000168,DEV0231,EMP0065,2024-02-17 09:45:00,2024-02-19 17:57:27.541920654
TX000169,DEV0066,EMP0222,2024-05-11 12:07:00,2024-05-13 01:22:38.232548808
TX000170,DEV0055,EMP0320,2025-11-04 09:41:00,2025-11-11 19:09:11.084597656
TX000171,DEV0216,EMP0299,2024-03-14 12:44:00,2024-03-15 17:59:16.534434012
TX000172,DEV0162,EMP0358,2024-12-10 13:40:00,2024-12-16 02:15:24.539288564
TX000173,DEV0014,EMP0190,2025-08-03 14:07:00,2025-08-05 04:11:27.142587494
TX000174,DEV0046,EMP0380,2024-06-10 07:02:00,2024-06-17 09:04:42.220866446
TX000175,DEV0144,EMP0219,2024-10-02 16:35:00,2024-10-05 23:41:40.413164656
TX000176,DEV0175,EMP0257,2024-02-22 17:57:00,2024-02-24 17:23:08.580758903
TX000177,DEV0055,EMP0349,2026-03-02 13:44:00,2026-04-02 05:14:32.799705597
TX000178,DEV0213,EMP0319,2025-10-28 11:38:00,2025-11-03 08:10:59.716151850
TX000179,DEV0012,EMP0080,2026-02-05 11:25:00,2026-02-08 03:59:19.111700605
TX000180,DEV0152,EMP0373,2024-08-14 14:03:00,2024-08-21 18:02:45.928009871
TX000181,DEV0112,EMP0131,2026-03-04 11:19:00,2026-03-10 14:14:18.864406420
TX000182,DEV0112,EMP0084,2025-12-29 07:27:00,2026-01-08 07:25:34.251113236
TX000183,DEV0025,EMP0175,2025-02-08 17:07:00,2025-02-27 03:05:51.923467219
TX000184,DEV0009,EMP0316,2025-08-28 17:27:00,2025-08-31 19:20:15.526182125
TX000185,DEV0055,EMP0051,2024-09-24 08:24:00,2024-09-30 18:12:51.507051650
TX000186,DEV0023,EMP0133,2025-06-19 10:19:00,2025-09-20 04:49:25.319047141
TX000187,DEV0027,EMP0297,2024-05-03 09:08:00,2024-05-16 18:27:24.270495914
TX000188,DEV0255,EMP0308,2024-03-27 11:58:00,2024-04-16 01:22:16.175456705
TX000189,DEV0100,EMP0184,2026-06-26 10:08:00,2026-06-29 12:52:47.922543580
TX000190,DEV0251,EMP0250,2024-02-26 11:55:00,2024-03-01 06:52:33.598334942
TX000191,DEV0137,EMP0065,2025-10-18 08:27:00,2025-10-22 00:54:30.749029460
TX000192,DEV0008,EMP0117,2025-11-21 16:59:00,2025-11-24 02:11:31.005245153
TX000193,DEV0014,EMP0072,2025-07-28 10:41:00,2025-08-02 12:31:07.603213116
TX000194,DEV0153,EMP0243,2024-07-21 17:33:00,2024-07-28 17:41:21.083205098
TX000195,DEV0083,EMP0299,2024-03-24 17:14:00,2024-04-01 00:10:25.111496944
TX000196,DEV0212,EMP0416,2024-06-13 14:17:00,2024-06-21 23:13:20.214152189
TX000197,DEV0248,EMP0273,2026-05-02 18:09:00,2026-05-06 09:12:03.559173934
TX000198,DEV0133,EMP0083,2024-11-23 15:09:00,2024-11-29 19:46:43.464520974
TX000199,DEV0205,EMP0276,2026-08-02 17:06:00,2026-08-22 08:56:04.044431560
TX000200,DEV0082,EMP0352,2024-10-03 08:34:00,2024-10-16 19:26:17.456183913
TX000201,DEV0032,EMP0110,2026-06-25 18:30:00,2026-06-27 23:09:01.633387275
TX000202,DEV0184,EMP0258,2026-05-02 09:36:00,2026-05-15 10:21:14.046417278
TX000203,DEV0015,EMP0314,2024-08-23 12:03:00,2024-08-28 21:17:43.267873566
TX000204,DEV0204,EMP0390,2026-03-11 08:18:00,2026-03-28 22:03:08.551059584
TX000205,DEV0171,EMP0056,2024-07-23 17:58:00,2024-08-07 12:54:34.710045629
TX000206,DEV0063,EMP0118,2025-12-27 07:05:00,2026-01-01 02:19:40.309915273
TX000207,DEV0021,EMP0319,2026-01-01 10:17:00,2026-01-07 10:27:48.175998919
TX000208,DEV0072,EMP0369,2025-11-21 16:56:00,2025-11-23 23:20:31.779153546
TX000209,DEV0102,EMP0148,2025-12-24 14:28:00,2025-12-27 06:32:57.378219924
TX000210,DEV0069,EMP0357,2026-04-17 07:36:00,2026-04-19 18:20:02.481566331
TX000211,DEV0064,EMP0161,2024-08-12 08:59:00,2024-09-03 07:33:42.469129669
TX000212,DEV0164,EMP0378,2025-01-04 09:55:00,2025-01-15 08:45:01.131782913
TX000213,DEV0253,EMP0074,2025-03-24 10:38:00,2025-03-28 10:18:21.845492496
TX000214,DEV0024,EMP0347,2025-09-23 07:46:00,2025-09-26 04:23:52.537834839
TX000215,DEV0039,EMP0355,2024-07-28 13:16:00,2024-08-03 19:17:19.084799190
TX000216,DEV0229,EMP0135,2024-12-30 07:26:00,2024-12-31 14:23:45.369146017
TX000217,DEV0115,EMP0134,2024-01-16 13:57:00,2024-02-01 21:50:16.522318729
TX000218,DEV0234,EMP0277,2024-11-24 07:36:00,2024-12-14 23:36:33.064454491
TX000219,DEV0030,EMP0105,2025-10-04 10:46:00,2025-10-05 23:15:31.424382015
TX000220,DEV0116,EMP0314,2025-06-16 16:55:00,2025-06-27 20:05:59.731165058
TX000221,DEV0101,EMP0260,2024-09-07 08:10:00,2024-09-18 13:46:07.254212139
TX000222,DEV0196,EMP0123,2025-09-16 07:40:00,2025-09-17 15:27:50.005168750
TX000223,DEV0243,EMP0119,2024-10-20 15:15:00,2024-10-23 20:28:58.921323985
TX000224,DEV0163,EMP0064,2024-06-04 16:40:00,2024-06-12 10:52:20.511122714
TX000225,DEV0085,EMP0338,2024-11-18 16:27:00,2024-12-08 13:15:59.955741811
TX000226,DEV0033,EMP0263,2025-11-01 15:56:00,2025-11-06 07:11:51.588038166
TX000227,DEV0011,EMP0116,2025-12-03 13:45:00,2026-01-01 21:12:12.330759578
TX000228,DEV0096,EMP0007,2024-10-22 14:10:00,2024-11-06 16:41:57.609165723
TX000229,DEV0165,EMP0015,2025-12-16 07:42:00,2026-05-05 10:46:11.956597390
TX000230,DEV0092,EMP0340,2024-04-30 11:11:00,2024-05-02 21:21:03.883135984
TX000231,DEV0237,EMP0196,2024-10-30 16:58:00,2024-11-01 13:57:13.247393881
TX000232,DEV0154,EMP0028,2025-11-03 09:05:00,2025-11-08 10:49:51.992277526
TX000233,DEV0255,EMP0277,2025-10-16 09:42:00,2025-10-31 17:15:58.588617520
TX000234,DEV0224,EMP0311,2024-12-21 15:00:00,2024-12-31 23:23:53.572872694
TX000235,DEV0126,EMP0347,2024-06-18 07:03:00,2024-06-27 17:50:23.587650975
TX000236,DEV0035,EMP0242,2024-10-07 10:11:00,2024-10-16 06:48:33.735734983
TX000237,DEV0167,EMP0320,2025-01-12 10:33:00,2025-01-18 15:05:48.328359387
TX000238,DEV0196,EMP0131,2026-06-17 16:55:00,2026-06-23 04:22:28.547571978
TX000239,DEV0001,EMP0099,2024-03-01 09:06:00,2024-03-03 18:15:20.202210587
TX000240,DEV0204,EMP0410,2025-07-28 15:08:00,2025-09-23 07:03:57.864485413
TX000241,DEV0084,EMP0352,2024-09-24 13:48:00,2024-10-03 17:14:21.711112188
TX000242,DEV0211,EMP0413,2025-10-21 12:11:00,2025-10-27 12:08:26.886654373
TX000243,DEV0029,EMP0056,2025-05-19 11:05:00,2025-05-20 20:07:53.526915743
TX000244,DEV0073,EMP0102,2024-12-11 15:19:00,2024-12-20 05:19:36.377470372
TX000245,DEV0076,EMP0056,2024-04-21 17:33:00,2024-04-28 12:56:07.509068511
TX000246,DEV0122,EMP0052,2026-08-04 13:33:00,2026-08-12 04:31:14.224940130
TX000247,DEV0208,EMP0037,2024-04-08 16:18:00,2024-04-12 10:34:14.723336890
TX000248,DEV0181,EMP0126,2024-03-10 07:28:00,2024-03-12 03:04:00.624050987
TX000249,DEV0197,EMP0145,2026-07-15 10:08:00,2026-07-24 00:34:51.256031538
TX000250,DEV0183,EMP0239,2025-11-16 13:49:00,2025-12-01 05:40:19.432319405
TX000251,DEV0026,EMP0267,2025-10-09 12:02:00,2025-10-14 18:57:56.326325567
TX000252,DEV0164,EMP0013,2025-09-04 08:25:00,2025-09-08 07:49:44.552545274
TX000253,DEV0186,EMP0307,2025-07-17 13:29:00,2025-07-25 20:53:21.475924214
TX000254,DEV0129,EMP0362,2025-04-11 08:01:00,2025-04-12 20:29:41.959980431
TX000255,DEV0260,EMP0036,2025-12-01 11:02:00,2025-12-01 19:10:02.760535826
TX000256,DEV0017,EMP0049,2026-06-28 16:56:00,2026-07-04 21:26:52.864398751
TX000257,DEV0015,EMP0081,2025-12-19 17:06:00,2026-01-13 05:34:19.617539944
TX000258,DEV0183,EMP0060,2026-02-19 13:36:00,2026-03-03 19:53:42.061980739
TX000259,DEV0131,EMP0244,2024-08-05 07:56:00,2024-08-10 06:16:51.366452745
TX000260,DEV0094,EMP0079,2024-12-08 11:31:00,2024-12-19 08:03:03.671819375
TX000261,DEV0087,EMP0312,2026-03-11 11:09:00,2026-03-14 16:48:32.232993070
TX000262,DEV0201,EMP0139,2025-01-17 17:01:00,2025-01-18 13:37:57.051290098
TX000263,DEV0128,EMP0126,2024-12-13 13:33:00,2024-12-21 04:32:37.198198863
TX000264,DEV0082,EMP0075,2024-12-03 10:35:00,2024-12-05 06:20:56.527430091
TX000265,DEV0181,EMP0139,2025-09-22 11:08:00,2025-09-26 21:18:56.724076694
TX000266,DEV0222,EMP0006,2024-06-07 11:30:00,2024-06-12 02:47:39.979827518
TX000267,DEV0117,EMP0125,2026-07-18 07:17:00,2026-07-24 05:43:01.877566631
TX000268,DEV0142,EMP0395,2026-07-08 13:26:00,2026-07-14 08:48:11.347280356
TX000269,DEV0252,EMP0273,2024-01-28 09:44:00,2024-02-11 19:42:25.631052454
TX000270,DEV0180,EMP0201,2025-09-23 17:04:00,2025-09-26 07:51:11.314393056
TX000271,DEV0227,EMP0343,2026-03-02 11:30:00,2026-03-06 16:58:41.793906682
TX000272,DEV0171,EMP0419,2024-05-10 13:30:00,2024-05-16 00:49:04.322844425
TX000273,DEV0161,EMP0027,2026-02-05 15:03:00,2026-02-25 08:33:51.698785647
TX000274,DEV0171,EMP0047,2025-01-27 11:09:00,2025-02-06 07:43:41.318731028
TX000275,DEV0241,EMP0180,2026-03-11 15:33:00,2026-03-16 16:28:18.617912874
TX000276,DEV0020,EMP0064,2025-07-01 18:19:00,2025-07-03 08:06:41.554169294
TX000277,DEV0067,EMP0320,2024-07-01 07:02:00,2024-07-02 12:58:43.851000595
TX000278,DEV0175,EMP0294,2026-01-06 10:19:00,2026-01-08 15:01:34.411255042
TX000279,DEV0001,EMP0013,2024-02-04 08:59:00,2024-02-09 16:48:46.300949065
TX000280,DEV0004,EMP0034,2026-02-10 10:27:00,2026-02-16 02:20:17.771383196
TX000281,DEV0194,EMP0039,2026-02-11 07:37:00,2026-02-17 20:37:33.169739627
TX000282,DEV0113,EMP0212,2025-03-11 16:33:00,2025-03-21 23:12:24.141973518
TX000283,DEV0213,EMP0181,2026-06-04 09:55:00,2026-06-16 07:28:42.898858128
TX000284,DEV0216,EMP0380,2025-07-02 13:41:00,2025-07-14 19:00:50.114554769
TX000285,DEV0152,EMP0417,2024-01-03 18:51:00,2024-01-04 12:18:11.642623655
TX000286,DEV0185,EMP0315,2026-01-08 11:23:00,2026-01-27 17:14:43.329400469
TX000287,DEV0001,EMP0257,2025-09-20 18:43:00,2025-09-23 13:30:30.326675146
TX000288,DEV0175,EMP0195,2024-09-27 13:57:00,2024-10-15 01:28:59.585395062
TX000289,DEV0238,EMP0375,2026-01-05 17:36:00,2026-01-09 09:31:43.680768725
TX000290,DEV0134,EMP0257,2026-04-25 17:06:00,2026-05-06 01:51:04.355046633
TX000291,DEV0027,EMP0392,2024-05-29 11:50:00,2024-07-12 10:53:06.511925541
TX000292,DEV0042,EMP0264,2025-11-17 10:47:00,2025-12-04 20:56:03.985733674
TX000293,DEV0078,EMP0144,2026-05-15 15:32:00,2026-05-18 08:23:27.698225960
TX000294,DEV0122,EMP0178,2025-04-12 18:59:00,2025-04-29 06:12:25.551141902
TX000295,DEV0143,EMP0119,2024-12-01 08:31:00,2024-12-15 10:19:02.355301985
TX000296,DEV0241,EMP0215,2025-08-29 12:30:00,2025-09-12 23:01:47.693822532
TX000297,DEV0046,EMP0124,2026-08-06 10:48:00,2026-08-14 02:57:58.762643057
TX000298,DEV0080,EMP0076,2026-01-12 18:08:00,2026-01-13 04:56:23.662516573
TX000299,DEV0101,EMP0059,2026-03-09 12:15:00,2026-03-22 19:37:19.617497435
TX000300,DEV0204,EMP0264,2025-01-26 14:43:00,2025-02-11 09:23:24.802447249
TX000301,DEV0124,EMP0314,2026-01-29 11:17:00,2026-02-13 07:44:20.993184265
TX000302,DEV0022,EMP0110,2024-02-13 12:59:00,2024-02-22 05:23:45.407578932
TX000303,DEV0033,EMP0002,2025-05-03 18:13:00,2025-05-07 07:56:24.707792147
TX000304,DEV0063,EMP0258,2024-07-12 10:13:00,2024-07-21 06:47:26.682306578
TX000305,DEV0231,EMP0385,2025-08-09 13:41:00,2025-08-25 12:28:47.761463119
TX000306,DEV0251,EMP0213,2025-08-28 09:16:00,2025-09-09 13:50:34.399484462
TX000307,DEV0144,EMP0326,2026-05-12 09:40:00,2026-05-20 11:28:15.351360713
TX000308,DEV0251,EMP0218,2025-08-06 16:24:00,2025-08-10 04:52:40.256384841
TX000309,DEV0055,EMP0111,2026-02-22 13:32:00,2026-03-03 00:18:54.455940988
TX000310,DEV0044,EMP0185,2024-02-20 15:45:00,2024-02-23 17:47:13.898326821
TX000311,DEV0222,EMP0321,2024-10-16 18:12:00,2024-10-26 07:01:51.833840950
TX000312,DEV0021,EMP0211,2024-06-03 17:25:00,2024-06-10 03:54:11.064872412
TX000313,DEV0234,EMP0201,2026-05-16 09:40:00,2026-05-19 05:00:02.273305441
TX000314,DEV0032,EMP0408,2025-01-05 08:34:00,2025-01-28 23:44:13.098950261
TX000315,DEV0090,EMP0389,2026-02-09 16:52:00,2026-02-13 02:29:34.527815740
TX000316,DEV0013,EMP0026,2025-12-19 07:10:00,2025-12-23 10:18:28.261447728
TX000317,DEV0023,EMP0250,2024-12-04 11:57:00,2024-12-21 21:14:54.573251937
TX000318,DEV0154,EMP0262,2024-03-30 16:32:00,2024-04-09 09:22:20.141484770
TX000319,DEV0012,EMP0204,2024-01-25 07:25:00,2024-02-01 16:26:44.517743537
TX000320,DEV0176,EMP0227,2024-02-29 07:09:00,2024-03-03 15:57:33.582692362
TX000321,DEV0191,EMP0301,2026-04-25 09:45:00,2026-05-18 21:58:42.141758323
TX000322,DEV0215,EMP0161,2025-12-12 11:48:00,2026-01-03 20:09:00.583904492
TX000323,DEV0133,EMP0285,2026-04-08 08:25:00,2026-04-24 13:45:49.444106852
TX000324,DEV0063,EMP0237,2025-11-22 08:45:00,2025-11-26 05:10:40.968987925
TX000325,DEV0151,EMP0380,2024-06-11 15:58:00,2024-06-18 14:27:14.033994461
TX000326,DEV0113,EMP0272,2024-07-24 12:11:00,2024-08-02 03:17:40.663549260
TX000327,DEV0185,EMP0086,2024-08-31 17:52:00,2024-09-14 04:43:29.880625389
TX000328,DEV0132,EMP0319,2025-03-15 08:45:00,2025-03-17 19:26:21.626047424
TX000329,DEV0072,EMP0006,2026-06-22 09:09:00,2026-06-23 05:16:16.187194119
TX000330,DEV0063,EMP0338,2024-02-26 12:47:00,2024-03-04 14:51:43.675976753
TX000331,DEV0163,EMP0276,2026-07-04 11:57:00,2026-07-12 15:29:02.747904749
TX000332,DEV0126,EMP0210,2025-11-17 14:04:00,2025-11-21 11:34:51.766162366
TX000333,DEV0216,EMP0118,2026-06-27 12:13:00,2026-07-01 03:55:35.088146684
TX000334,DEV0032,EMP0390,2024-12-05 14:41:00,2024-12-18 09:21:33.608216063
TX000335,DEV0144,EMP0050,2025-09-28 13:38:00,2025-10-12 16:08:42.848928330
TX000336,DEV0003,EMP0115,2024-07-20 07:18:00,2024-07-31 18:48:31.114260971
TX000337,DEV0172,EMP0332,2025-09-05 14:56:00,2025-09-18 09:03:36.679203547
TX000338,DEV0145,EMP0094,2024-02-29 15:25:00,2024-03-12 23:46:11.898354497
TX000339,DEV0177,EMP0337,2026-03-30 14:46:00,2026-04-04 00:22:02.332607350
TX000340,DEV0186,EMP0155,2025-06-14 10:16:00,2025-06-15 06:48:58.221491822
TX000341,DEV0123,EMP0178,2025-08-27 16:24:00,2025-08-28 21:58:31.958658834
TX000342,DEV0177,EMP0414,2024-02-08 16:47:00,2024-02-12 07:37:20.918147130
TX000343,DEV0170,EMP0030,2025-08-15 07:57:00,2025-08-16 12:24:30.863657455
TX000344,DEV0061,EMP0031,2024-10-02 13:25:00,2024-10-10 21:59:26.061609310
TX000345,DEV0155,EMP0111,2024-08-02 11:48:00,2024-08-21 12:49:36.524265115
TX000346,DEV0122,EMP0341,2024-01-28 17:40:00,2024-02-11 18:26:17.728691791
TX000347,DEV0145,EMP0003,2024-09-07 08:37:00,2024-09-20 13:19:20.687603551
TX000348,DEV0028,EMP0344,2024-04-26 13:59:00,2024-04-28 11:56:22.822219169
TX000349,DEV0003,EMP0343,2025-02-11 11:43:00,2025-02-16 09:37:01.009292066
TX000350,DEV0252,EMP0096,2024-02-08 13:59:00,2024-02-11 03:35:08.719586222
TX000351,DEV0035,EMP0354,2025-10-08 12:30:00,2025-10-21 00:56:34.110185034
TX000352,DEV0081,EMP0017,2025-01-24 17:08:00,2025-02-02 16:30:48.664117272
TX000353,DEV0182,EMP0099,2025-05-31 08:22:00,2025-06-05 01:22:32.450287423
TX000354,DEV0142,EMP0291,2026-03-09 08:30:00,2026-03-22 07:10:32.419765495
TX000355,DEV0102,EMP0075,2024-10-23 11:31:00,2024-11-04 14:27:19.144292863
TX000356,DEV0055,EMP0364,2026-04-24 09:20:00,2026-05-03 01:46:10.512569881
TX000357,DEV0139,EMP0314,2026-03-18 08:08:00,2026-03-20 06:30:28.632714205
TX000358,DEV0132,EMP0296,2024-02-05 14:29:00,2024-02-12 17:22:48.310302939
TX000359,DEV0129,EMP0336,2024-03-31 11:04:00,2024-04-04 06:56:42.028894606
TX000360,DEV0044,EMP0090,2026-05-08 10:12:00,2026-05-11 21:41:08.114048452
TX000361,DEV0111,EMP0141,2026-07-23 14:56:00,2026-07-25 20:29:46.470034470
TX000362,DEV0255,EMP0056,2026-07-11 15:06:00,2026-07-24 06:33:38.832818034
TX000363,DEV0181,EMP0416,2024-09-23 18:20:00,2024-09-25 18:25:14.247434537
TX000364,DEV0112,EMP0030,2024-05-19 14:57:00,2024-05-27 22:33:54.160578646
TX000365,DEV0020,EMP0263,2024-07-16 17:03:00,2024-07-18 03:51:14.628657605
TX000366,DEV0022,EMP0251,2025-03-05 07:34:00,2025-03-07 00:32:25.453235353
TX000367,DEV0055,EMP0057,2025-03-30 07:59:00,2025-04-12 00:45:03.248336200
TX000368,DEV0062,EMP0102,2024-01-14 15:05:00,2024-02-12 14:05:31.444635587
TX000369,DEV0184,EMP0113,2024-12-13 18:51:00,2025-01-25 17:35:38.346326576
TX000370,DEV0128,EMP0335,2024-05-28 11:09:00,2024-05-29 21:41:07.438331221
TX000371,DEV0242,EMP0232,2024-02-11 12:33:00,2024-02-22 06:04:11.977134556
TX000372,DEV0022,EMP0137,2025-12-03 17:13:00,2025-12-07 04:39:26.910122276
TX000373,DEV0205,EMP0107,2026-07-11 12:39:00,2026-07-23 05:33:56.929388623
TX000374,DEV0132,EMP0076,2024-12-11 16:38:00,2024-12-16 21:48:03.761631473
TX000375,DEV0081,EMP0345,2026-04-04 13:22:00,2026-04-20 12:21:59.016958048
TX000376,DEV0033,EMP0283,2026-06-19 16:28:00,2026-06-26 00:24:08.855758619
TX000377,DEV0094,EMP0035,2025-11-29 12:56:00,2025-12-19 06:03:08.059410210
TX000378,DEV0214,EMP0134,2026-04-07 09:17:00,2026-04-14 06:13:42.407648806
TX000379,DEV0251,EMP0311,2025-11-16 16:09:00,2025-11-19 07:07:15.660174716
TX000380,DEV0072,EMP0310,2025-11-08 16:54:00,2025-11-17 00:28:28.134933850
TX000381,DEV0108,EMP0420,2024-06-19 08:01:00,2024-06-21 08:54:09.260466430
TX000382,DEV0041,EMP0392,2025-03-14 09:22:00,2025-03-23 14:18:59.016699971
TX000383,DEV0141,EMP0370,2026-06-18 10:32:00,2026-06-22 03:19:14.597063555
TX000384,DEV0024,EMP0314,2026-01-14 13:50:00,2026-01-17 16:06:14.899508633
TX000385,DEV0153,EMP0063,2025-08-28 11:41:00,2025-09-02 16:30:57.535015849
TX000386,DEV0144,EMP0198,2024-10-24 10:54:00,2024-11-05 13:48:11.634483868
TX000387,DEV0236,EMP0206,2025-05-20 10:19:00,2025-05-28 13:32:42.041394638
TX000388,DEV0200,EMP0134,2024-09-17 17:35:00,2024-09-18 00:50:45.140136491
TX000389,DEV0245,EMP0231,2026-02-16 14:53:00,2026-02-28 05:16:35.088565378
TX000390,DEV0133,EMP0339,2025-04-11 13:47:00,2025-04-19 02:40:01.142895253
TX000391,DEV0111,EMP0060,2025-05-12 08:30:00,2025-05-18 06:29:11.839948301
TX000392,DEV0183,EMP0073,2026-02-14 14:23:00,2026-02-18 17:58:14.764619695
TX000393,DEV0122,EMP0180,2024-09-05 07:01:00,2024-09-09 12:50:32.016004976
TX000394,DEV0063,EMP0207,2025-06-07 10:26:00,2025-08-29 21:29:54.696617740
TX000395,DEV0017,EMP0286,2025-03-15 09:12:00,2025-03-20 03:55:20.074338276
TX000396,DEV0102,EMP0069,2025-09-14 07:14:00,2025-09-19 21:31:54.388303157
TX000397,DEV0119,EMP0372,2026-07-26 09:42:00,2026-07-26 11:46:11.480944816
TX000398,DEV0143,EMP0146,2025-08-18 13:59:00,2025-08-25 15:49:40.137707700
TX000399,DEV0032,EMP0371,2025-11-12 11:29:00,2025-11-17 02:47:03.734935118
TX000400,DEV0033,EMP0071,2024-03-08 18:29:00,2024-03-18 17:06:07.834338571
TX000401,DEV0216,EMP0379,2024-09-29 18:31:00,2024-10-06 00:58:13.096362507
TX000402,DEV0025,EMP0287,2024-07-18 07:48:00,2024-07-18 20:30:31.015440998
TX000403,DEV0194,EMP0097,2024-07-04 15:03:00,2024-07-10 10:17:22.253449845
TX000404,DEV0092,EMP0028,2025-03-13 10:06:00,2025-03-17 01:33:04.443641184
TX000405,DEV0017,EMP0081,2026-08-08 10:41:00,2026-08-15 12:24:23.419235088
TX000406,DEV0040,EMP0347,2024-07-31 13:52:00,2024-08-03 08:57:53.730560624
TX000407,DEV0065,EMP0313,2026-08-08 15:01:00,2026-09-02 14:48:50.864703626
TX000408,DEV0043,EMP0205,2025-01-09 16:52:00,2025-01-15 08:06:10.230433552
TX000409,DEV0214,EMP0057,2025-04-08 12:30:00,2025-05-13 06:58:35.131095172
TX000410,DEV0004,EMP0411,2024-07-09 14:48:00,2024-07-14 10:11:31.218729888
TX000411,DEV0136,EMP0007,2026-04-04 15:04:00,2026-04-10 10:42:40.996003817
TX000412,DEV0072,EMP0244,2026-07-23 15:53:00,2026-08-01 00:36:57.928498955
TX000413,DEV0132,EMP0135,2025-02-15 12:48:00,2025-02-25 20:26:38.446251329
TX000414,DEV0123,EMP0054,2026-02-24 15:51:00,2026-03-01 00:31:07.813582309
TX000415,DEV0222,EMP0377,2024-10-08 14:42:00,2024-10-15 16:43:11.005389719
TX000416,DEV0033,EMP0018,2026-05-23 18:09:00,2026-05-28 16:46:44.859068524
TX000417,DEV0155,EMP0083,2024-03-23 10:03:00,2024-03-27 11:40:35.942172534
TX000418,DEV0103,EMP0087,2025-03-09 09:35:00,2025-03-17 20:21:41.790510624
TX000419,DEV0184,EMP0079,2026-08-29 10:21:00,2026-09-06 13:37:17.744140481
TX000420,DEV0089,EMP0325,2026-07-04 07:37:00,2026-07-07 10:42:01.687562584
TX000421,DEV0212,EMP0118,2024-01-03 12:37:00,2024-01-18 14:12:23.648054814
TX000422,DEV0102,EMP0248,2026-03-13 17:33:00,2026-04-24 13:43:27.948651750
TX000423,DEV0142,EMP0136,2024-02-27 07:44:00,2024-03-02 02:22:15.137521965
TX000424,DEV0243,EMP0136,2024-03-06 17:28:00,2024-04-23 08:35:59.820739564
TX000425,DEV0132,EMP0245,2026-03-01 17:07:00,2026-03-04 21:18:41.655290707
TX000426,DEV0199,EMP0191,2026-05-04 15:31:00,2026-05-08 05:55:54.673079364
TX000427,DEV0171,EMP0247,2024-02-20 12:53:00,2024-03-04 15:52:25.863317611
TX000428,DEV0062,EMP0318,2025-06-11 18:39:00,2025-06-26 01:16:47.488246468
TX000429,DEV0123,EMP0328,2025-07-27 12:08:00,2025-07-30 20:06:23.874995199
TX000430,DEV0132,EMP0036,2024-06-10 18:35:00,2024-06-19 16:38:24.344604753
TX000431,DEV0232,EMP0096,2024-01-26 18:31:00,2024-01-31 16:03:49.732757074
TX000432,DEV0218,EMP0215,2026-06-10 13:18:00,2026-06-12 08:10:41.813198619
TX000433,DEV0052,EMP0052,2026-01-10 10:31:00,2026-01-15 01:45:54.161356427
TX000434,DEV0045,EMP0186,2026-01-06 11:09:00,2026-01-14 13:45:27.087436451
TX000435,DEV0003,EMP0251,2024-09-23 16:28:00,2024-09-27 06:36:00.822167377
TX000436,DEV0226,EMP0318,2024-06-08 12:22:00,2024-06-13 20:44:20.549335597
TX000437,DEV0065,EMP0396,2026-01-25 18:32:00,2026-02-06 19:13:14.556939836
TX000438,DEV0079,EMP0271,2024-06-24 13:36:00,2024-07-08 16:24:20.238970371
TX000439,DEV0047,EMP0239,2024-05-14 08:14:00,2024-05-17 05:43:33.805185355
TX000440,DEV0214,EMP0043,2024-12-28 15:34:00,2024-12-31 23:11:06.856630730
TX000441,DEV0075,EMP0146,2024-10-20 12:02:00,2024-10-27 06:42:03.281023913
TX000442,DEV0027,EMP0380,2025-03-22 15:22:00,2025-04-11 18:10:18.507180702
TX000443,DEV0252,EMP0254,2025-09-28 17:39:00,2025-10-04 10:09:42.900273185
TX000444,DEV0152,EMP0130,2024-02-13 15:49:00,2024-02-25 16:51:27.222272195
TX000445,DEV0252,EMP0280,2024-06-19 17:09:00,2024-06-24 15:33:55.856441918
TX000446,DEV0061,EMP0040,2026-06-01 18:16:00,2026-06-07 17:51:17.609804562
TX000447,DEV0171,EMP0156,2025-06-06 17:14:00,2025-06-19 00:08:38.509296140
TX000448,DEV0164,EMP0365,2026-02-08 15:14:00,2026-03-14 12:41:51.686077006
TX000449,DEV0028,EMP0322,2024-10-07 16:32:00,2024-10-09 16:18:16.700762885
TX000450,DEV0026,EMP0003,2024-09-21 07:21:00,2024-09-22 21:02:16.775355959
TX000451,DEV0201,EMP0188,2024-01-19 15:27:00,2024-01-22 07:48:20.210378011
TX000452,DEV0102,EMP0334,2025-02-04 17:11:00,2025-02-10 23:11:44.180906605
TX000453,DEV0133,EMP0361,2026-05-04 18:07:00,2026-05-21 20:26:55.789468182
TX000454,DEV0076,EMP0260,2026-01-13 18:14:00,2026-01-23 07:46:38.857053309
TX000455,DEV0221,EMP0173,2025-12-15 07:33:00,2025-12-17 00:06:53.200537031
TX000456,DEV0142,EMP0284,2026-01-20 14:19:00,2026-01-26 08:02:45.694099549
TX000457,DEV0022,EMP0009,2025-10-10 12:51:00,2025-10-18 04:18:01.986914838
TX000458,DEV0006,EMP0174,2026-08-21 15:29:00,2026-08-23 09:55:22.366232034
TX000459,DEV0064,EMP0054,2025-12-07 12:17:00,2025-12-31 11:48:57.664767102
TX000460,DEV0063,EMP0065,2025-12-27 17:46:00,2025-12-29 14:18:05.170450616
TX000461,DEV0256,EMP0419,2024-08-24 07:16:00,2024-08-26 20:58:12.085459604
TX000462,DEV0195,EMP0089,2024-02-06 14:33:00,2024-02-26 08:31:37.141850441
TX000463,DEV0042,EMP0296,2024-12-20 12:50:00,2024-12-28 20:40:15.993845318
TX000464,DEV0125,EMP0248,2024-03-14 15:40:00,2024-03-26 18:49:52.904247029
TX000465,DEV0173,EMP0228,2026-01-19 07:30:00,2026-01-28 11:05:21.775008751
TX000466,DEV0061,EMP0367,2025-04-28 18:43:00,2025-05-07 21:46:59.769526566
TX000467,DEV0112,EMP0091,2024-06-26 17:19:00,2024-07-05 04:50:48.544326567
TX000468,DEV0255,EMP0155,2025-09-26 11:41:00,2025-09-28 19:43:24.594669247
TX000469,DEV0026,EMP0045,2026-08-05 08:51:00,2026-08-12 10:52:16.805601637
TX000470,DEV0083,EMP0232,2024-10-06 13:08:00,2024-10-22 04:16:30.612547645
TX000471,DEV0054,EMP0273,2026-07-03 16:38:00,2026-07-11 14:49:53.699828888
TX000472,DEV0221,EMP0366,2024-11-18 12:11:00,2024-11-24 11:41:45.557785777
TX000473,DEV0083,EMP0225,2024-09-21 15:38:00,2024-09-25 07:16:05.720990567
TX000474,DEV0044,EMP0412,2024-08-03 13:12:00,2024-08-13 11:45:59.483117980
TX000475,DEV0071,EMP0240,2026-08-26 15:55:00,2026-09-09 10:05:18.657968804
TX000476,DEV0220,EMP0232,2026-02-20 12:07:00,2026-02-22 01:06:15.912478955
TX000477,DEV0041,EMP0122,2025-10-30 16:54:00,2025-11-20 10:42:02.636801608
TX000478,DEV0104,EMP0270,2026-02-28 18:20:00,2026-03-16 15:06:11.630765547
TX000479,DEV0072,EMP0016,2025-10-04 15:08:00,2025-10-04 17:08:00.000000000
TX000480,DEV0226,EMP0302,2026-07-08 18:02:00,2026-07-12 14:17:44.445442235
TX000481,DEV0091,EMP0011,2024-10-05 10:27:00,2024-10-19 01:56:55.481174476
TX000482,DEV0063,EMP0179,2025-12-09 16:51:00,2025-12-14 16:57:26.140223297
TX000483,DEV0123,EMP0100,2025-05-26 17:46:00,2025-06-05 09:00:35.149480630
TX000484,DEV0095,EMP0109,2024-05-10 17:17:00,2024-06-07 02:38:34.030658035
TX000485,DEV0091,EMP0198,2026-02-11 12:14:00,2026-02-23 17:51:01.872442356
TX000486,DEV0051,EMP0358,2024-12-01 12:35:00,2024-12-08 10:06:58.639299016
TX000487,DEV0141,EMP0314,2024-09-17 18:36:00,2024-10-03 15:11:47.874043236
TX000488,DEV0066,EMP0025,2025-08-12 16:24:00,2025-08-15 01:10:25.132764154
TX000489,DEV0061,EMP0372,2026-06-04 11:44:00,2026-06-14 16:42:19.046024118
TX000490,DEV0164,EMP0248,2024-07-22 07:13:00,2024-08-04 14:56:19.251654203
TX000491,DEV0009,EMP0221,2025-03-07 13:37:00,2025-03-08 02:18:42.756273014
TX000492,DEV0136,EMP0013,2024-12-20 09:28:00,2024-12-22 00:26:32.840349512
TX000493,DEV0255,EMP0171,2024-03-04 17:55:00,2024-03-14 14:24:18.031133865
TX000494,DEV0132,EMP0068,2025-03-03 15:16:00,2025-03-09 03:44:12.072011933
TX000495,DEV0183,EMP0019,2025-09-19 10:23:00,2025-10-10 12:04:26.722333761
TX000496,DEV0112,EMP0197,2024-03-20 16:16:00,2024-03-30 17:19:22.722884374
TX000497,DEV0237,EMP0093,2025-07-24 11:58:00,2025-08-06 23:06:02.326654070
TX000498,DEV0034,EMP0058,2025-10-28 12:29:00,2025-11-08 17:46:01.733618944
TX000499,DEV0082,EMP0098,2024-06-25 18:11:00,2024-06-28 05:12:06.201576382
TX000500,DEV0113,EMP0067,2024-07-22 12:02:00,2024-07-26 03:16:14.511072426
TX000501,DEV0104,EMP0307,2025-08-02 12:26:00,2025-08-14 23:08:38.853310756
TX000502,DEV0132,EMP0163,2026-07-05 14:25:00,2026-07-11 19:03:35.860514547
TX000503,DEV0141,EMP0380,2025-06-22 11:42:00,2025-06-30 15:19:01.030638165
TX000504,DEV0105,EMP0124,2025-01-26 17:10:00,2025-02-10 15:02:23.780112236
TX000505,DEV0153,EMP0042,2024-10-18 07:40:00,2024-11-06 12:14:21.109400562
TX000506,DEV0019,EMP0170,2024-01-11 16:07:00,2024-01-12 19:04:43.075398470
TX000507,DEV0071,EMP0291,2025-02-21 10:23:00,2025-02-23 23:50:24.686011369
TX000508,DEV0034,EMP0315,2026-01-25 07:12:00,2026-02-04 06:30:53.464842335
TX000509,DEV0121,EMP0289,2025-09-05 14:01:00,2025-09-11 16:32:18.520442274
TX000510,DEV0071,EMP0394,2026-01-25 17:39:00,2026-01-27 20:28:55.590963217
TX000511,DEV0113,EMP0386,2025-09-10 11:26:00,2025-09-12 03:36:48.749787897
TX000512,DEV0133,EMP0123,2025-06-24 16:13:00,2025-06-28 21:36:34.777504192
TX000513,DEV0038,EMP0389,2025-08-04 16:36:00,2025-08-07 23:22:48.763914268
TX000514,DEV0027,EMP0046,2025-11-07 17:23:00,2025-11-07 20:31:48.934548112
TX000515,DEV0070,EMP0286,2025-11-05 09:28:00,2025-11-05 19:10:19.964350920
TX000516,DEV0204,EMP0300,2025-04-30 14:17:00,2025-05-13 05:20:10.293102838
TX000517,DEV0147,EMP0143,2026-05-06 13:07:00,2026-05-12 21:01:56.525309082
TX000518,DEV0121,EMP0017,2025-01-12 17:56:00,2025-01-15 19:43:15.392273124
TX000519,DEV0173,EMP0247,2026-06-15 08:24:00,2026-06-22 03:33:05.140501029
TX000520,DEV0122,EMP0080,2024-11-28 17:12:00,2024-12-21 16:34:04.526642509
TX000521,DEV0195,EMP0363,2025-09-05 14:47:00,2025-09-15 11:33:24.780086204
TX000522,DEV0093,EMP0369,2025-12-06 18:37:00,2025-12-16 21:54:12.314877179
TX000523,DEV0153,EMP0265,2026-08-16 18:31:00,2026-08-28 04:03:34.005126463
TX000524,DEV0171,EMP0277,2025-11-04 13:13:00,2025-11-06 11:16:41.452009622
TX000525,DEV0059,EMP0395,2024-08-18 12:51:00,2024-08-18 19:28:38.465841610
TX000526,DEV0041,EMP0295,2024-06-03 07:29:00,2024-06-10 10:01:51.295114390
TX000527,DEV0082,EMP0244,2024-01-31 14:37:00,2024-02-07 09:40:42.918884875
TX000528,DEV0225,EMP0386,2025-07-21 11:24:00,2025-08-13 02:29:54.678837610
TX000529,DEV0236,EMP0045,2026-06-05 16:13:00,2026-06-12 01:46:39.893533933
TX000530,DEV0085,EMP0254,2025-09-08 13:11:00,2025-11-03 02:50:13.258754849
TX000531,DEV0182,EMP0206,2024-12-12 14:35:00,2024-12-15 05:07:45.075148548
TX000532,DEV0092,EMP0238,2025-08-22 11:13:00,2025-08-26 17:04:06.417156397
TX000533,DEV0011,EMP0275,2025-03-04 14:46:00,2025-03-12 12:27:02.080450304
TX000534,DEV0061,EMP0258,2025-06-01 07:12:00,2025-06-03 17:47:22.500203966
TX000535,DEV0131,EMP0330,2025-04-19 12:36:00,2025-04-27 21:54:48.713169592
TX000536,DEV0227,EMP0197,2025-09-05 10:38:00,2025-09-20 18:35:26.528783640
TX000537,DEV0153,EMP0217,2024-01-25 08:00:00,2024-01-28 17:51:20.637344702
TX000538,DEV0160,EMP0100,2024-07-12 11:53:00,2024-07-12 17:32:14.729912474
TX000539,DEV0062,EMP0092,2024-05-26 09:18:00,2024-06-03 01:37:56.237871407
TX000540,DEV0060,EMP0341,2026-03-20 18:09:00,2026-03-24 10:56:11.340745201
TX000541,DEV0144,EMP0324,2024-04-27 13:49:00,2024-05-04 20:59:47.549686781
TX000542,DEV0155,EMP0214,2024-02-24 13:10:00,2024-03-08 16:52:01.229815849
TX000543,DEV0240,EMP0120,2025-05-14 18:37:00,2025-05-18 06:01:33.323658059
TX000544,DEV0075,EMP0174,2024-11-30 09:27:00,2024-12-09 19:20:23.256800727
TX000545,DEV0125,EMP0200,2024-05-25 08:20:00,2024-06-09 20:15:23.434438540
TX000546,DEV0107,EMP0152,2024-02-20 17:55:00,2024-02-23 03:33:58.755811266
TX000547,DEV0243,EMP0349,2024-10-09 16:24:00,2024-10-15 11:19:34.215686389
TX000548,DEV0257,EMP0010,2025-06-25 07:41:00,2025-06-29 23:36:21.455617260
TX000549,DEV0145,EMP0344,2024-10-13 15:01:00,2024-10-15 08:43:58.859061132
TX000550,DEV0042,EMP0346,2024-10-07 13:30:00,2024-10-11 23:41:54.960564681
TX000551,DEV0194,EMP0143,2026-06-30 07:07:00,2026-07-13 23:58:17.159770670
TX000552,DEV0013,EMP0171,2025-05-07 15:37:00,2025-05-13 01:43:45.260213410
TX000553,DEV0143,EMP0245,2024-02-10 14:26:00,2024-02-11 20:37:32.489049566
TX000554,DEV0076,EMP0391,2024-06-19 14:13:00,2024-06-20 15:53:13.750995692
TX000555,DEV0013,EMP0099,2024-02-08 17:13:00,2024-02-13 01:55:34.507118562
TX000556,DEV0082,EMP0313,2026-06-24 10:19:00,2026-06-27 00:42:54.265999077
TX000557,DEV0232,EMP0324,2024-09-26 07:39:00,2024-09-27 05:14:44.256881707
TX000558,DEV0015,EMP0149,2024-01-04 12:19:00,2024-01-06 21:33:01.381751652
TX000559,DEV0256,EMP0205,2026-07-04 13:07:00,2026-07-06 13:53:31.264235593
TX000560,DEV0094,EMP0126,2025-12-27 09:07:00,2025-12-31 10:07:53.465739352
TX000561,DEV0216,EMP0397,2024-02-15 15:10:00,2024-04-04 04:32:30.146399331
TX000562,DEV0136,EMP0188,2025-10-02 13:23:00,2025-10-06 20:04:20.186920210
TX000563,DEV0223,EMP0139,2024-01-23 15:31:00,2024-02-01 08:07:42.613662704
TX000564,DEV0175,EMP0313,2024-04-29 08:40:00,2024-05-08 23:42:01.871138857
TX000565,DEV0090,EMP0315,2026-01-03 09:32:00,2026-01-04 20:42:20.930983822
TX000566,DEV0119,EMP0156,2024-06-14 14:01:00,2024-06-16 16:19:40.611721389
TX000567,DEV0018,EMP0378,2025-03-15 17:14:00,2025-03-24 13:42:36.200155538
TX000568,DEV0115,EMP0102,2024-12-31 14:02:00,2025-01-08 18:02:40.955346172
TX000569,DEV0144,EMP0368,2024-04-06 12:06:00,2024-05-04 19:39:01.330081738
TX000570,DEV0001,EMP0150,2024-07-06 08:14:00,2024-07-11 05:37:02.744172111
TX000571,DEV0104,EMP0320,2025-11-24 14:37:00,2025-12-12 02:55:07.152548420
TX000572,DEV0145,EMP0115,2024-05-15 18:17:00,2024-05-31 17:32:47.392339828
TX000573,DEV0170,EMP0019,2025-05-11 12:12:00,2025-05-15 04:17:42.466017763
TX000574,DEV0014,EMP0164,2024-09-08 07:48:00,2024-09-18 10:01:28.475318530
TX000575,DEV0110,EMP0347,2025-02-19 13:11:00,2025-02-21 11:54:14.317326884
TX000576,DEV0231,EMP0351,2024-12-24 10:02:00,2025-01-07 08:28:22.383393384
TX000577,DEV0126,EMP0200,2026-07-20 14:52:00,2026-07-21 20:03:00.928305872
TX000578,DEV0195,EMP0386,2025-07-16 18:43:00,2025-07-21 09:57:49.592472475
TX000579,DEV0077,EMP0408,2026-08-18 09:22:00,2026-08-19 08:56:52.407507251
TX000580,DEV0143,EMP0360,2024-10-26 13:36:00,2024-10-29 00:21:34.002189820
TX000581,DEV0173,EMP0396,2026-01-12 18:35:00,2026-01-15 14:54:20.840016879
TX000582,DEV0023,EMP0311,2025-06-23 07:36:00,2025-07-16 15:17:54.711145568
TX000583,DEV0260,EMP0247,2024-10-13 18:11:00,2024-10-15 09:47:06.171389604
TX000584,DEV0091,EMP0120,2025-09-13 15:20:00,2025-09-20 20:53:48.958993634
TX000585,DEV0104,EMP0321,2024-11-15 12:05:00,2024-11-26 01:34:57.746998086
TX000586,DEV0036,EMP0224,2024-05-22 18:36:00,2024-05-24 14:13:12.091411795
TX000587,DEV0198,EMP0111,2025-12-24 10:14:00,2025-12-26 05:43:30.760186853
TX000588,DEV0181,EMP0303,2025-10-10 10:49:00,2025-10-20 07:05:36.140806984
TX000589,DEV0224,EMP0298,2025-07-21 17:17:00,2025-08-09 17:46:02.535523570
TX000590,DEV0172,EMP0321,2024-07-17 12:54:00,2024-07-24 11:02:25.583856424
TX000591,DEV0233,EMP0125,2026-06-23 14:35:00,2026-06-27 20:24:40.083783654
TX000592,DEV0166,EMP0014,2024-03-16 17:08:00,2024-03-18 22:15:25.942553536
TX000593,DEV0111,EMP0164,2026-02-02 07:49:00,2026-02-16 01:24:38.081702276
TX000594,DEV0006,EMP0249,2025-08-04 07:39:00,2025-08-06 05:59:21.284272678
TX000595,DEV0055,EMP0247,2026-03-18 09:13:00,2026-03-21 11:17:14.482309825
TX000596,DEV0062,EMP0024,2026-01-28 14:05:00,2026-02-10 02:11:20.841255065
TX000597,DEV0144,EMP0184,2025-01-12 16:58:00,2025-01-13 19:57:52.523752665
TX000598,DEV0081,EMP0126,2024-11-13 11:41:00,2024-11-23 16:33:40.674685296
TX000599,DEV0100,EMP0310,2024-05-22 08:33:00,2024-05-27 03:19:19.894702158
TX000600,DEV0058,EMP0212,2026-03-07 17:16:00,2026-03-11 00:40:48.731422610
TX000601,DEV0188,EMP0126,2025-04-01 11:01:00,2025-04-02 14:13:34.444912423
TX000602,DEV0101,EMP0420,2025-04-21 16:47:00,2025-04-28 03:37:25.871181334
TX000603,DEV0245,EMP0125,2026-03-07 14:55:00,2026-03-29 23:34:07.711197833
TX000604,DEV0171,EMP0134,2025-02-19 11:43:00,2025-03-02 13:21:38.808906601
TX000605,DEV0244,EMP0320,2024-05-31 07:07:00,2024-06-21 02:49:00.102464715
TX000606,DEV0250,EMP0200,2024-09-20 09:49:00,2024-09-20 17:13:43.888261984
TX000607,DEV0001,EMP0017,2025-07-13 13:44:00,2025-07-16 20:32:42.940448932
TX000608,DEV0045,EMP0008,2025-09-21 12:11:00,2025-10-21 02:27:41.112462012
TX000609,DEV0026,EMP0316,2025-12-21 10:03:00,2025-12-30 09:47:06.997242301
TX000610,DEV0133,EMP0283,2024-04-04 11:37:00,2024-04-08 06:15:53.049496803
TX000611,DEV0176,EMP0024,2024-05-04 18:12:00,2024-05-09 22:56:24.878589730
TX000612,DEV0005,EMP0038,2024-01-01 11:21:00,2024-01-08 12:03:44.983397779
TX000613,DEV0105,EMP0265,2025-12-27 13:18:00,2026-01-08 23:43:01.684517290
TX000614,DEV0223,EMP0149,2024-08-31 17:57:00,2024-09-12 02:05:56.443609813
TX000615,DEV0043,EMP0267,2025-05-08 14:06:00,2025-05-15 04:28:49.884871977
TX000616,DEV0043,EMP0201,2025-01-24 17:47:00,2025-02-08 22:43:18.330218794
TX000617,DEV0121,EMP0308,2024-11-14 11:06:00,2024-11-16 12:41:46.705863098
TX000618,DEV0036,EMP0260,2025-07-09 14:26:00,2025-07-10 10:08:53.395610260
TX000619,DEV0236,EMP0391,2024-10-25 08:11:00,2024-10-31 16:40:40.567637538
TX000620,DEV0218,EMP0343,2025-05-20 17:20:00,2025-05-21 10:26:58.555059584
TX000621,DEV0156,EMP0202,2024-12-25 15:00:00,2024-12-27 04:17:33.673127772
TX000622,DEV0154,EMP0018,2025-06-20 13:17:00,2025-07-15 05:35:25.196926707
TX000623,DEV0117,EMP0374,2024-10-07 18:03:00,2024-10-15 18:19:03.305908520
TX000624,DEV0227,EMP0366,2024-10-21 13:19:00,2024-10-23 21:06:35.567103114
TX000625,DEV0093,EMP0265,2024-04-08 10:10:00,2024-04-10 21:45:05.569461971
TX000626,DEV0041,EMP0310,2024-07-08 13:52:00,2024-07-17 01:21:28.459147035
TX000627,DEV0223,EMP0357,2024-11-13 07:07:00,2024-11-27 22:36:11.198856962
TX000628,DEV0194,EMP0197,2025-11-11 13:23:00,2025-11-20 02:08:41.488599889
TX000629,DEV0245,EMP0088,2025-07-07 07:17:00,2025-07-08 17:10:51.071917310
TX000630,DEV0204,EMP0117,2025-07-23 13:00:00,2025-07-27 08:38:47.972950970
TX000631,DEV0106,EMP0076,2025-07-13 13:28:00,2025-07-19 01:06:58.801612229
TX000632,DEV0235,EMP0224,2025-06-17 12:33:00,2025-06-29 18:09:04.348138514
TX000633,DEV0183,EMP0254,2024-02-15 12:42:00,2024-02-26 07:02:04.811665176
TX000634,DEV0058,EMP0064,2025-03-05 08:50:00,2025-03-13 16:27:01.375892190
TX000635,DEV0081,EMP0229,2025-09-16 08:36:00,2025-09-22 00:14:40.385305550
TX000636,DEV0200,EMP0035,2024-02-27 14:18:00,2024-02-29 22:00:44.593352480
TX000637,DEV0017,EMP0361,2024-04-20 12:40:00,2024-04-24 22:31:20.167215333
TX000638,DEV0145,EMP0071,2025-01-16 08:47:00,2025-01-29 19:37:28.384386420
TX000639,DEV0059,EMP0324,2025-07-19 16:04:00,2025-07-21 11:03:27.936569329
TX000640,DEV0114,EMP0309,2025-07-29 09:21:00,2025-08-14 14:50:53.421264483
TX000641,DEV0206,EMP0067,2024-05-09 16:44:00,2024-05-15 12:17:59.044790038
TX000642,DEV0033,EMP0019,2024-07-23 18:41:00,2024-07-30 05:21:30.410518791
TX000643,DEV0215,EMP0408,2025-08-22 13:52:00,2025-09-06 14:54:25.102421731
TX000644,DEV0233,EMP0244,2024-06-09 18:34:00,2024-06-16 02:37:33.392091431
TX000645,DEV0095,EMP0363,2024-06-17 15:35:00,2024-07-04 07:29:54.701226659
TX000646,DEV0051,EMP0405,2026-01-19 08:53:00,2026-01-27 09:23:16.641657149
TX000647,DEV0222,EMP0070,2025-12-30 07:17:00,2026-01-01 04:53:46.607831763
TX000648,DEV0024,EMP0351,2024-03-02 18:45:00,2024-03-14 09:02:53.380974025
TX000649,DEV0217,EMP0327,2024-02-26 14:36:00,2024-03-01 12:20:16.620374033
TX000650,DEV0177,EMP0270,2024-04-11 11:11:00,2024-04-17 10:10:45.547006049
TX000651,DEV0024,EMP0309,2026-01-13 10:03:00,2026-01-30 19:03:37.190295418
TX000652,DEV0229,EMP0324,2025-09-25 18:19:00,2025-09-29 02:30:20.442599329
TX000653,DEV0231,EMP0058,2025-10-25 16:53:00,2025-10-30 19:02:47.955266358
TX000654,DEV0173,EMP0028,2026-06-09 09:22:00,2026-06-11 10:26:18.722569089
TX000655,DEV0232,EMP0153,2025-10-24 13:04:00,2025-10-28 05:42:05.209608548
TX000656,DEV0251,EMP0097,2024-02-05 16:22:00,2024-02-11 19:58:16.990199730
TX000657,DEV0157,EMP0095,2024-05-19 15:29:00,2024-05-20 09:28:36.579844046
TX000658,DEV0235,EMP0145,2025-12-26 11:55:00,2025-12-28 01:58:24.170415684
TX000659,DEV0161,EMP0271,2024-12-08 16:44:00,2024-12-21 11:24:45.240287034
TX000660,DEV0135,EMP0136,2024-08-05 11:02:00,2024-08-20 16:59:53.242623763
TX000661,DEV0022,EMP0161,2026-08-27 17:59:00,2026-08-30 22:22:18.024593533
TX000662,DEV0212,EMP0331,2026-03-01 18:27:00,2026-03-12 01:06:31.350342002
TX000663,DEV0030,EMP0378,2026-01-21 08:37:00,2026-01-22 22:29:58.702654601
TX000664,DEV0102,EMP0375,2025-02-07 16:36:00,2025-02-13 21:03:13.821311595
TX000665,DEV0188,EMP0370,2025-11-17 16:49:00,2025-11-21 00:36:42.956886945
TX000666,DEV0019,EMP0271,2025-10-23 13:42:00,2025-10-26 21:18:45.491424959
TX000667,DEV0052,EMP0141,2024-12-07 10:24:00,2024-12-10 12:36:11.801500898
TX000668,DEV0044,EMP0191,2024-12-22 12:09:00,2024-12-27 01:08:04.168326337
TX000669,DEV0204,EMP0164,2025-10-15 17:17:00,2025-11-23 07:05:00.694281216
TX000670,DEV0023,EMP0382,2026-05-01 17:30:00,2026-05-16 05:24:30.918968748
TX000671,DEV0085,EMP0258,2024-09-20 14:34:00,2024-10-04 07:52:25.606703689
TX000672,DEV0055,EMP0298,2024-04-07 18:47:00,2024-04-16 00:39:01.183558767
TX000673,DEV0212,EMP0354,2025-07-20 14:30:00,2025-08-01 07:02:48.038253791
TX000674,DEV0006,EMP0121,2025-09-21 15:44:00,2025-09-24 07:16:06.029268668
TX000675,DEV0184,EMP0053,2024-05-04 09:11:00,2024-05-14 17:08:55.211876435
TX000676,DEV0041,EMP0033,2024-06-10 08:28:00,2024-06-24 18:17:11.917224528
TX000677,DEV0072,EMP0086,2024-10-30 09:13:00,2024-11-11 14:47:27.827803938
TX000678,DEV0011,EMP0164,2024-09-10 12:09:00,2024-09-18 23:51:25.992895282
TX000679,DEV0152,EMP0136,2025-05-19 13:50:00,2025-05-25 07:37:06.450805234
TX000680,DEV0217,EMP0188,2025-05-30 18:03:00,2025-06-13 17:57:45.678076590
TX000681,DEV0206,EMP0347,2025-03-28 10:52:00,2025-04-02 02:53:53.933952296
TX000682,DEV0033,EMP0303,2026-07-25 13:06:00,2026-08-02 23:45:01.679786062
TX000683,DEV0153,EMP0272,2026-02-16 17:46:00,2026-02-18 04:51:12.911429467
TX000684,DEV0002,EMP0059,2025-12-28 16:18:00,2025-12-31 15:47:30.604611700
TX000685,DEV0212,EMP0271,2026-05-04 09:02:00,2026-05-18 16:52:05.762686094
TX000686,DEV0063,EMP0040,2024-09-17 09:33:00,2024-09-20 19:23:22.889342950
TX000687,DEV0216,EMP0096,2025-11-05 14:35:00,2025-11-08 20:22:55.682267830
TX000688,DEV0067,EMP0071,2024-02-25 13:40:00,2024-03-10 07:30:02.443655599
TX000689,DEV0117,EMP0213,2025-03-22 16:02:00,2025-03-27 18:39:56.585846625
TX000690,DEV0020,EMP0178,2025-10-12 10:18:00,2025-10-13 23:33:12.674877641
TX000691,DEV0081,EMP0408,2025-11-07 09:14:00,2025-11-12 05:28:56.432435404
TX000692,DEV0206,EMP0125,2025-01-10 11:02:00,2025-01-14 02:05:10.025030124
TX000693,DEV0056,EMP0285,2026-01-06 11:20:00,2026-01-09 00:40:01.830865506
TX000694,DEV0141,EMP0106,2026-03-16 14:20:00,2026-03-29 13:39:25.828541808
TX000695,DEV0097,EMP0225,2026-07-14 18:28:00,2026-07-21 09:35:12.157379863
TX000696,DEV0234,EMP0412,2025-07-11 08:22:00,2025-08-01 23:49:22.760559091
TX000697,DEV0212,EMP0214,2025-03-19 07:07:00,2025-03-23 19:54:28.437933661
TX000698,DEV0130,EMP0260,2025-09-30 18:51:00,2025-10-02 17:33:03.534866037
TX000699,DEV0182,EMP0387,2024-01-10 09:37:00,2024-01-12 09:39:58.131143814
TX000700,DEV0213,EMP0216,2025-12-25 15:56:00,2026-01-09 01:14:22.319276104
TX000701,DEV0227,EMP0054,2026-03-27 08:52:00,2026-04-01 20:10:46.921867208
TX000702,DEV0043,EMP0178,2024-12-25 07:27:00,2025-01-01 02:39:11.216517017
TX000703,DEV0055,EMP0346,2025-02-18 11:27:00,2025-02-28 21:07:56.604165056
TX000704,DEV0136,EMP0196,2025-01-13 16:23:00,2025-01-26 05:14:02.478129710
TX000705,DEV0112,EMP0064,2025-06-14 07:50:00,2025-07-03 09:25:15.753086053
TX000706,DEV0033,EMP0277,2025-07-09 09:48:00,2025-07-16 09:07:48.721564553
TX000707,DEV0041,EMP0389,2025-01-25 16:19:00,2025-02-27 10:12:09.739246867
TX000708,DEV0073,EMP0249,2024-05-12 11:55:00,2024-05-22 16:56:58.875098206
TX000709,DEV0211,EMP0052,2025-05-24 15:37:00,2025-05-26 00:38:14.950266825
TX000710,DEV0050,EMP0073,2024-02-02 08:34:00,2024-02-02 13:23:24.684992173
TX000711,DEV0126,EMP0046,2024-08-23 17:20:00,2024-08-31 05:54:56.278987050
TX000712,DEV0161,EMP0056,2025-08-14 09:58:00,2025-08-15 10:12:43.587567974
TX000713,DEV0035,EMP0225,2025-06-22 15:11:00,2025-06-25 02:04:07.797862616
TX000714,DEV0251,EMP0100,2026-08-12 07:07:00,2026-09-03 11:06:36.059574279
TX000715,DEV0099,EMP0202,2024-09-11 09:57:00,2024-09-14 20:40:03.157867696
TX000716,DEV0033,EMP0224,2026-04-20 12:00:00,2026-04-25 07:52:07.777415887
TX000717,DEV0088,EMP0415,2024-03-05 09:19:00,2024-03-07 12:13:04.412075652
TX000718,DEV0073,EMP0140,2025-09-16 10:43:00,2025-09-24 02:12:29.635563318
TX000719,DEV0248,EMP0275,2024-07-04 17:10:00,2024-07-05 18:31:59.055101299
TX000720,DEV0023,EMP0196,2025-09-15 10:36:00,2025-09-23 08:09:10.972920092
TX000721,DEV0238,EMP0344,2025-12-15 16:48:00,2025-12-16 17:12:09.104183331
TX000722,DEV0110,EMP0089,2024-04-04 13:27:00,2024-04-06 22:37:56.784259789
TX000723,DEV0179,EMP0003,2025-07-01 18:20:00,2025-07-06 22:38:53.963070455
TX000724,DEV0155,EMP0309,2025-03-24 18:20:00,2025-04-09 07:25:35.622754820
TX000725,DEV0102,EMP0330,2025-02-20 16:25:00,2025-02-21 05:15:38.287240376
TX000726,DEV0095,EMP0418,2025-02-23 07:02:00,2025-03-01 03:10:39.222061042
TX000727,DEV0051,EMP0038,2025-12-10 07:43:00,2025-12-16 16:10:08.513210489
TX000728,DEV0217,EMP0091,2024-05-12 17:11:00,2024-05-15 09:16:54.978954386
TX000729,DEV0203,EMP0255,2024-05-24 18:27:00,2024-06-16 21:19:37.312630401
TX000730,DEV0144,EMP0207,2024-06-30 10:08:00,2024-07-04 06:52:56.414957669
TX000731,DEV0007,EMP0062,2026-04-04 13:01:00,2026-04-10 12:51:54.607016976
TX000732,DEV0137,EMP0146,2025-11-08 11:11:00,2025-11-10 05:35:07.057405709
TX000733,DEV0145,EMP0020,2024-05-22 13:30:00,2024-05-22 22:10:08.890946979
TX000734,DEV0116,EMP0198,2025-02-26 12:54:00,2025-02-28 01:33:12.233674317
TX000735,DEV0109,EMP0347,2025-10-13 08:50:00,2025-10-14 18:16:26.053214272
TX000736,DEV0010,EMP0071,2026-02-10 08:10:00,2026-02-13 03:15:30.682015845
TX000737,DEV0161,EMP0101,2025-01-03 09:49:00,2025-01-07 01:05:27.793888275
TX000738,DEV0236,EMP0244,2026-06-14 18:39:00,2026-07-02 20:57:37.816623506
TX000739,DEV0231,EMP0189,2024-05-14 14:03:00,2024-05-18 05:55:42.836774704
TX000740,DEV0019,EMP0066,2026-02-19 12:02:00,2026-02-21 05:56:10.770228082
TX000741,DEV0153,EMP0345,2024-01-26 07:02:00,2024-01-27 22:07:40.641584368
TX000742,DEV0193,EMP0178,2024-02-27 11:46:00,2024-03-04 10:49:50.143066920
TX000743,DEV0217,EMP0082,2025-06-30 16:30:00,2025-07-02 06:52:13.213747565
TX000744,DEV0185,EMP0379,2026-06-23 17:54:00,2026-07-27 22:37:08.350370217
TX000745,DEV0209,EMP0393,2025-09-19 16:16:00,2025-09-19 22:24:56.967551551
TX000746,DEV0134,EMP0254,2024-06-06 11:43:00,2024-06-09 20:24:03.494191265
TX000747,DEV0091,EMP0015,2025-11-21 17:09:00,2025-11-24 08:08:42.703998541
TX000748,DEV0180,EMP0005,2025-05-07 07:31:00,2025-05-11 06:18:54.404395296
TX000749,DEV0061,EMP0101,2025-01-03 15:51:00,2025-01-19 18:54:11.698077934
TX000750,DEV0221,EMP0314,2025-07-17 10:24:00,2025-07-20 20:51:38.304555645
TX000751,DEV0193,EMP0365,2025-01-04 10:25:00,2025-01-05 06:16:03.433379305
TX000752,DEV0225,EMP0419,2026-06-01 08:52:00,2026-07-01 09:28:05.455888574
TX000753,DEV0247,EMP0177,2025-12-09 13:29:00,2025-12-15 16:38:43.915882746
TX000754,DEV0197,EMP0165,2025-02-25 16:16:00,2025-02-27 20:45:43.649451986
TX000755,DEV0091,EMP0058,2025-09-14 18:31:00,2025-09-21 02:50:04.020003536
TX000756,DEV0112,EMP0099,2024-07-19 11:33:00,2024-07-23 09:52:26.256065879
TX000757,DEV0073,EMP0270,2024-07-18 11:17:00,2024-07-25 02:14:54.695112973
TX000758,DEV0183,EMP0058,2026-04-29 11:39:00,2026-05-06 06:12:18.797240385
TX000759,DEV0071,EMP0061,2024-05-05 18:58:00,2024-05-09 14:04:24.946930352
TX000760,DEV0082,EMP0084,2024-05-09 11:36:00,2024-05-15 08:58:22.412058566
TX000761,DEV0143,EMP0227,2026-03-03 17:09:00,2026-03-18 03:14:19.833888236
TX000762,DEV0051,EMP0050,2025-12-06 14:57:00,2025-12-09 18:48:01.462334695
TX000763,DEV0003,EMP0167,2026-01-08 13:26:00,2026-01-21 21:33:25.665101286
TX000764,DEV0115,EMP0134,2024-07-16 08:52:00,2024-07-19 23:35:25.155805748
TX000765,DEV0173,EMP0174,2026-02-01 10:04:00,2026-02-08 08:32:29.525543495
TX000766,DEV0121,EMP0390,2024-05-12 18:24:00,2024-05-21 13:17:18.899429793
TX000767,DEV0154,EMP0271,2025-01-13 08:30:00,2025-01-30 06:58:45.265673939
TX000768,DEV0127,EMP0294,2026-06-06 14:50:00,2026-06-13 03:12:40.217245426
TX000769,DEV0179,EMP0215,2025-04-01 07:41:00,2025-04-03 23:12:01.561429421
TX000770,DEV0126,EMP0185,2024-09-23 10:40:00,2024-09-24 21:36:11.393565651
TX000771,DEV0132,EMP0039,2025-11-25 18:13:00,2025-12-14 06:27:48.175473403
TX000772,DEV0143,EMP0172,2026-04-13 11:14:00,2026-04-14 13:08:53.842696365
TX000773,DEV0256,EMP0287,2025-07-07 13:06:00,2025-07-11 23:16:58.068913602
TX000774,DEV0091,EMP0292,2026-01-07 08:27:00,2026-01-10 07:22:15.606890157
TX000775,DEV0231,EMP0382,2024-09-04 07:39:00,2024-09-12 12:53:44.079176295
TX000776,DEV0172,EMP0140,2026-04-07 13:09:00,2026-04-24 18:02:28.095756125
TX000777,DEV0122,EMP0078,2024-12-30 09:35:00,2025-01-08 05:21:07.162848483
TX000778,DEV0227,EMP0386,2026-01-22 09:02:00,2026-01-28 21:23:31.732519750
TX000779,DEV0150,EMP0320,2026-02-04 07:08:00,2026-02-06 11:55:21.820663117
TX000780,DEV0122,EMP0268,2025-12-13 17:39:00,2026-01-01 02:20:58.137257205
TX000781,DEV0115,EMP0150,2024-02-13 17:13:00,2024-02-26 15:48:02.232434121
TX000782,DEV0021,EMP0123,2024-09-23 12:59:00,2024-09-26 06:00:19.384919204
TX000783,DEV0043,EMP0196,2024-04-29 18:35:00,2024-05-07 02:44:59.614506858
TX000784,DEV0063,EMP0066,2026-06-17 15:31:00,2026-06-24 00:29:20.683917296
TX000785,DEV0144,EMP0019,2025-12-03 18:16:00,2026-01-08 23:21:14.320843355
TX000786,DEV0021,EMP0338,2024-06-04 08:22:00,2024-06-06 02:02:59.062131014
TX000787,DEV0060,EMP0055,2025-03-16 12:21:00,2025-03-16 22:30:12.330069894
TX000788,DEV0179,EMP0302,2025-07-14 16:30:00,2025-07-15 08:28:17.561311759
TX000789,DEV0137,EMP0378,2025-09-20 10:36:00,2025-09-22 20:18:59.757455285
TX000790,DEV0195,EMP0175,2026-08-01 07:57:00,2026-08-03 08:37:42.435178741
TX000791,DEV0045,EMP0145,2025-04-11 15:15:00,2025-04-21 08:37:24.193982295
TX000792,DEV0133,EMP0284,2024-09-04 15:41:00,2024-09-17 15:29:35.532204384
TX000793,DEV0091,EMP0329,2024-08-26 17:16:00,2024-09-06 10:36:43.041667326
TX000794,DEV0071,EMP0160,2024-06-04 16:43:00,2024-06-18 17:58:36.983571865
TX000795,DEV0027,EMP0128,2024-01-10 12:42:00,2024-01-14 09:49:23.393010590
TX000796,DEV0254,EMP0304,2024-05-02 10:24:00,2024-05-28 14:06:41.540649879
TX000797,DEV0211,EMP0143,2024-09-23 09:00:00,2024-09-27 03:58:49.688795049
TX000798,DEV0165,EMP0220,2025-07-21 11:12:00,2025-08-10 00:25:47.945515669
TX000799,DEV0228,EMP0273,2025-07-18 09:47:00,2025-07-21 04:50:03.820757630
TX000800,DEV0205,EMP0023,2025-01-10 14:01:00,2025-01-14 15:36:19.275402181
TX000801,DEV0162,EMP0040,2024-04-07 07:04:00,2024-04-12 18:17:55.710059266
TX000802,DEV0172,EMP0245,2026-08-21 14:40:00,2026-08-25 18:47:13.428101855
TX000803,DEV0154,EMP0330,2026-07-22 13:47:00,2026-07-29 15:53:49.136797530
TX000804,DEV0034,EMP0347,2026-04-07 18:15:00,2026-04-26 02:28:27.905293214
TX000805,DEV0050,EMP0373,2026-04-02 07:22:00,2026-04-04 16:21:27.221542172
TX000806,DEV0176,EMP0019,2024-05-13 11:26:00,2024-05-19 01:32:14.736365742
TX000807,DEV0172,EMP0060,2026-05-14 12:35:00,2026-05-16 03:29:30.084309460
TX000808,DEV0243,EMP0338,2026-05-12 11:33:00,2026-05-23 20:09:30.778771153
TX000809,DEV0232,EMP0371,2026-03-07 11:27:00,2026-03-16 06:44:03.824010608
TX000810,DEV0186,EMP0241,2025-06-26 17:14:00,2025-07-07 07:12:25.121537496
TX000811,DEV0042,EMP0183,2025-06-01 14:36:00,2025-06-12 05:24:49.604691334
TX000812,DEV0081,EMP0034,2025-09-05 07:37:00,2025-09-25 01:14:38.602673725
TX000813,DEV0162,EMP0152,2025-03-13 17:23:00,2025-03-19 18:15:40.409860257
TX000814,DEV0111,EMP0013,2025-01-14 10:02:00,2025-01-20 06:21:21.356950060
TX000815,DEV0210,EMP0230,2025-06-12 16:51:00,2025-06-14 19:53:30.133041960
TX000816,DEV0003,EMP0385,2025-08-04 09:47:00,2025-08-19 20:32:18.780070937
TX000817,DEV0014,EMP0321,2024-01-09 18:05:00,2024-01-11 09:04:00.191266269
TX000818,DEV0117,EMP0048,2025-11-04 09:01:00,2025-11-10 00:47:35.521571253
TX000819,DEV0113,EMP0354,2024-03-20 11:47:00,2024-03-27 08:30:15.201133999
TX000820,DEV0011,EMP0112,2025-07-29 14:54:00,2025-08-02 22:19:51.749730047
TX000821,DEV0215,EMP0152,2025-04-08 12:49:00,2025-04-16 08:21:26.092770973
TX000822,DEV0121,EMP0384,2026-08-09 07:30:00,2026-08-15 16:24:51.194033260
TX000823,DEV0092,EMP0211,2025-12-05 10:22:00,2025-12-12 10:24:55.815391269
TX000824,DEV0171,EMP0036,2025-05-06 08:27:00,2025-05-10 09:53:30.480345511
TX000825,DEV0096,EMP0331,2024-11-14 07:42:00,2024-11-16 14:17:51.391494742
TX000826,DEV0201,EMP0411,2024-07-04 08:33:00,2024-07-12 22:20:35.902361570
TX000827,DEV0127,EMP0356,2025-01-04 07:53:00,2025-01-07 12:58:49.555366851
TX000828,DEV0111,EMP0359,2026-02-06 16:10:00,2026-02-10 19:40:51.679551822
TX000829,DEV0131,EMP0168,2024-07-06 16:38:00,2024-07-09 12:19:40.665605380
TX000830,DEV0171,EMP0413,2026-07-01 10:29:00,2026-07-10 12:50:51.722494894
TX000831,DEV0003,EMP0272,2026-04-18 15:37:00,2026-05-11 12:07:54.480826214
TX000832,DEV0065,EMP0333,2026-08-06 10:24:00,2026-08-13 12:43:13.921200523
TX000833,DEV0254,EMP0375,2026-05-22 15:42:00,2026-05-26 00:02:51.892060454
TX000834,DEV0155,EMP0331,2024-03-18 14:13:00,2024-03-25 19:36:02.722799016
TX000835,DEV0258,EMP0351,2024-12-27 13:42:00,2024-12-29 09:00:08.209792891
TX000836,DEV0061,EMP0076,2024-11-15 14:12:00,2024-12-06 18:31:55.836583742
TX000837,DEV0022,EMP0037,2024-11-12 12:31:00,2024-11-15 00:03:23.880293445
TX000838,DEV0167,EMP0283,2025-07-02 13:40:00,2025-07-15 05:15:26.865005963
TX000839,DEV0058,EMP0177,2025-05-02 18:01:00,2025-05-04 15:25:02.824352039
TX000840,DEV0015,EMP0369,2025-09-27 12:23:00,2025-10-02 14:22:31.374078668
TX000841,DEV0111,EMP0296,2024-09-14 16:36:00,2024-09-21 02:55:25.014780922
TX000842,DEV0015,EMP0319,2024-07-23 09:09:00,2024-07-31 19:35:34.424023118
TX000843,DEV0093,EMP0328,2025-05-28 15:41:00,2025-05-30 10:52:43.781198703
TX000844,DEV0193,EMP0350,2026-02-26 16:59:00,2026-03-01 10:01:50.444160025
TX000845,DEV0172,EMP0177,2025-12-21 07:44:00,2025-12-27 08:39:53.495221115
TX000846,DEV0072,EMP0296,2025-08-02 14:45:00,2025-08-07 13:12:53.828174323
TX000847,DEV0085,EMP0094,2024-06-13 11:15:00,2024-06-27 18:05:46.727452962
TX000848,DEV0062,EMP0174,2025-12-05 18:34:00,2025-12-10 15:09:18.865793282
TX000849,DEV0234,EMP0371,2025-07-02 14:04:00,2025-07-12 05:18:42.829439415
TX000850,DEV0142,EMP0123,2025-08-04 18:22:00,2025-08-10 03:49:36.540448663
TX000851,DEV0184,EMP0352,2026-05-17 18:35:00,2026-06-14 07:57:12.353805151
TX000852,DEV0185,EMP0014,2025-04-09 10:17:00,2025-04-13 01:52:34.036918699
TX000853,DEV0092,EMP0141,2024-06-20 16:34:00,2024-06-25 14:24:18.643472179
TX000854,DEV0140,EMP0358,2024-06-17 13:35:00,2024-06-18 14:42:14.864522245
TX000855,DEV0063,EMP0355,2026-07-15 10:33:00,2026-07-21 11:45:50.375572579
TX000856,DEV0203,EMP0002,2025-11-17 14:58:00,2025-11-29 04:02:33.854764184
TX000857,DEV0082,EMP0414,2025-09-04 09:35:00,2025-09-12 10:16:02.317689370
TX000858,DEV0032,EMP0031,2024-09-07 16:54:00,2024-09-13 17:28:00.794398534
TX000859,DEV0191,EMP0222,2025-01-16 17:51:00,2025-01-17 12:33:14.923447487
TX000860,DEV0154,EMP0080,2025-05-29 07:53:00,2025-06-17 06:52:35.051692078
TX000861,DEV0001,EMP0241,2025-05-29 13:04:00,2025-06-15 04:59:29.936468510
TX000862,DEV0062,EMP0346,2026-07-31 13:22:00,2026-08-05 16:05:17.097682993
TX000863,DEV0255,EMP0214,2026-08-12 16:20:00,2026-09-04 13:23:04.084806139
TX000864,DEV0154,EMP0034,2024-09-01 14:36:00,2024-09-08 16:44:35.834833584
TX000865,DEV0053,EMP0192,2024-04-30 13:09:00,2024-05-07 03:48:26.530629451
TX000866,DEV0231,EMP0093,2026-06-21 08:39:00,2026-06-25 10:29:02.507895439
TX000867,DEV0251,EMP0413,2026-07-26 08:22:00,2026-08-09 23:14:20.377126530
TX000868,DEV0253,EMP0140,2024-08-03 13:22:00,2024-08-08 00:20:10.045653765
TX000869,DEV0222,EMP0375,2024-05-16 18:35:00,2024-06-07 03:51:18.479919679
TX000870,DEV0014,EMP0162,2025-01-01 08:48:00,2025-01-05 05:37:23.458819310
TX000871,DEV0183,EMP0039,2025-10-10 16:13:00,2025-10-17 19:55:34.407321194
TX000872,DEV0059,EMP0190,2026-08-25 11:06:00,2026-08-26 19:04:13.234696684
TX000873,DEV0205,EMP0370,2024-07-21 18:37:00,2024-08-01 04:34:35.690628344
TX000874,DEV0045,EMP0412,2024-11-15 11:28:00,2024-11-17 10:06:26.059003613
TX000875,DEV0174,EMP0015,2024-09-13 14:28:00,2025-01-10 09:56:37.422883966
TX000876,DEV0065,EMP0349,2025-07-11 17:03:00,2025-07-20 00:46:52.795200127
TX000877,DEV0146,EMP0067,2024-11-24 12:08:00,2024-11-29 07:34:13.909598016
TX000878,DEV0137,EMP0327,2026-02-24 14:53:00,2026-02-28 12:00:05.110135245
TX000879,DEV0169,EMP0321,2025-01-23 14:00:00,2025-01-29 04:48:00.390885178
TX000880,DEV0259,EMP0369,2024-11-04 16:27:00,2024-11-12 18:07:34.119195787
TX000881,DEV0172,EMP0394,2024-05-07 18:25:00,2024-05-18 04:25:21.564353344
TX000882,DEV0061,EMP0114,2025-11-23 16:09:00,2025-12-02 23:30:52.955224782
TX000883,DEV0023,EMP0333,2026-04-09 13:43:00,2026-04-23 13:48:15.934034762
TX000884,DEV0154,EMP0089,2025-06-27 07:44:00,2025-06-28 17:04:38.272119192
TX000885,DEV0193,EMP0159,2026-04-13 17:57:00,2026-04-17 22:08:44.429205267
TX000886,DEV0115,EMP0073,2025-07-09 12:47:00,2025-07-26 10:23:07.972407325
TX000887,DEV0051,EMP0207,2025-06-04 12:01:00,2025-06-11 08:17:38.668411181
TX000888,DEV0168,EMP0352,2024-12-15 08:00:00,2024-12-18 20:38:22.637932852
TX000889,DEV0083,EMP0188,2024-09-09 17:26:00,2024-09-20 18:01:52.401903461
TX000890,DEV0103,EMP0419,2024-09-10 14:19:00,2024-09-14 14:17:03.795089172
TX000891,DEV0071,EMP0291,2025-06-23 07:29:00,2025-07-02 19:56:12.030308203
TX000892,DEV0230,EMP0107,2025-11-17 16:41:00,2025-11-20 02:00:50.034643259
TX000893,DEV0156,EMP0420,2025-01-26 14:32:00,2025-02-01 15:07:53.963100047
TX000894,DEV0133,EMP0412,2026-02-05 18:39:00,2026-02-07 22:28:57.111879059
TX000895,DEV0180,EMP0378,2025-11-27 18:16:00,2025-11-30 18:59:30.831737777
TX000896,DEV0134,EMP0334,2024-05-12 13:39:00,2024-05-29 07:31:48.103696017
TX000897,DEV0050,EMP0329,2026-08-20 18:18:00,2026-08-25 12:26:34.595879551
TX000898,DEV0156,EMP0246,2026-01-31 18:21:00,2026-02-05 00:26:23.287419121
TX000899,DEV0146,EMP0044,2024-10-09 12:42:00,2024-10-15 06:40:22.754353444
TX000900,DEV0227,EMP0004,2024-07-10 17:47:00,2024-07-18 20:14:20.931868723
TX000901,DEV0222,EMP0150,2025-08-17 15:32:00,2025-08-22 17:37:04.729108482
TX000902,DEV0183,EMP0148,2024-02-19 16:53:00,2024-05-01 03:02:25.770399833
TX000903,DEV0013,EMP0408,2024-11-08 10:37:00,2024-11-11 00:49:40.465739229
TX000904,DEV0238,EMP0145,2024-01-21 17:14:00,2024-01-22 10:38:35.937516604
TX000905,DEV0171,EMP0225,2025-08-19 12:44:00,2025-08-29 14:15:01.585944878
TX000906,DEV0033,EMP0062,2026-06-27 09:54:00,2026-07-07 13:28:13.353544879
TX000907,DEV0047,EMP0079,2024-12-24 09:16:00,2024-12-25 08:26:17.036916373
TX000908,DEV0254,EMP0270,2025-10-31 07:04:00,2025-11-15 18:35:31.515284844
TX000909,DEV0171,EMP0048,2026-05-06 18:28:00,2026-05-11 14:40:55.672243277
TX000910,DEV0203,EMP0325,2024-05-03 09:23:00,2024-05-09 02:53:28.465585891
TX000911,DEV0161,EMP0136,2024-10-30 14:10:00,2024-11-01 08:50:22.147237042
TX000912,DEV0010,EMP0204,2025-01-17 18:55:00,2025-01-21 17:27:07.230842485
TX000913,DEV0111,EMP0060,2024-09-26 14:25:00,2024-10-11 15:56:29.075653878
TX000914,DEV0171,EMP0237,2025-01-13 18:54:00,2025-01-21 04:31:06.079010222
TX000915,DEV0233,EMP0054,2025-06-16 12:17:00,2025-06-23 06:56:19.111337603
TX000916,DEV0140,EMP0008,2024-11-26 15:28:00,2024-11-27 21:16:08.297171990
TX000917,DEV0041,EMP0241,2026-07-17 15:34:00,2026-07-26 21:12:14.442354493
TX000918,DEV0035,EMP0008,2024-09-25 10:39:00,2024-10-02 09:37:27.964574660
TX000919,DEV0213,EMP0177,2024-06-28 08:05:00,2024-07-01 07:59:37.394190294
TX000920,DEV0241,EMP0209,2024-10-17 07:50:00,2024-10-20 23:54:14.460890341
TX000921,DEV0036,EMP0027,2024-03-18 18:57:00,2024-03-26 07:55:19.674437954
TX000922,DEV0097,EMP0265,2026-07-09 09:03:00,2026-07-19 05:56:13.622943527
TX000923,DEV0032,EMP0202,2024-02-03 12:13:00,2024-02-11 03:15:33.605473009
TX000924,DEV0192,EMP0373,2026-04-13 18:53:00,2026-04-20 00:34:01.445897633
TX000925,DEV0201,EMP0393,2025-06-07 11:15:00,2025-06-17 13:55:29.261989551
TX000926,DEV0003,EMP0009,2026-07-23 15:34:00,2026-07-26 13:15:28.147099248
TX000927,DEV0191,EMP0306,2024-04-02 08:35:00,2024-04-11 04:35:25.771738567
TX000928,DEV0227,EMP0298,2025-03-25 09:05:00,2025-04-03 04:37:21.742255051
TX000929,DEV0128,EMP0065,2025-12-30 12:11:00,2025-12-31 05:31:18.574076899
TX000930,DEV0241,EMP0392,2026-03-21 13:38:00,2026-04-05 03:32:11.390247322
TX000931,DEV0022,EMP0200,2024-12-14 08:13:00,2024-12-16 22:45:17.382388297
TX000932,DEV0184,EMP0309,2024-05-30 15:02:00,2024-06-13 06:09:19.211096569
TX000933,DEV0122,EMP0144,2025-04-21 13:14:00,2025-04-30 23:06:10.369860574
TX000934,DEV0247,EMP0120,2025-06-08 13:43:00,2025-06-11 02:37:48.834369064
TX000935,DEV0124,EMP0073,2025-07-11 15:02:00,2025-08-08 17:54:10.721419858
TX000936,DEV0045,EMP0393,2026-01-30 10:35:00,2026-02-05 10:36:33.191977705
TX000937,DEV0120,EMP0159,2025-01-12 12:31:00,2025-01-13 04:15:07.637668648
TX000938,DEV0234,EMP0222,2025-05-04 10:54:00,2025-05-10 09:40:17.917956160
TX000939,DEV0204,EMP0167,2024-09-14 17:01:00,2024-09-21 16:19:41.780983204
TX000940,DEV0260,EMP0113,2026-01-12 08:06:00,2026-01-13 10:42:55.581891337
TX000941,DEV0131,EMP0228,2025-10-06 12:01:00,2025-10-13 02:04:08.598572595
TX000942,DEV0114,EMP0414,2025-06-02 14:44:00,2025-06-06 04:10:45.766619973
TX000943,DEV0152,EMP0055,2025-08-10 15:32:00,2025-08-15 05:42:50.123162235
TX000944,DEV0132,EMP0021,2026-04-27 12:40:00,2026-05-20 10:52:54.815042619
TX000945,DEV0091,EMP0016,2025-03-26 18:10:00,2025-03-29 09:15:13.267364568
TX000946,DEV0201,EMP0301,2025-01-07 17:10:00,2025-01-08 15:43:08.849940707
TX000947,DEV0012,EMP0109,2024-11-20 15:57:00,2024-11-26 19:18:11.223714873
TX000948,DEV0070,EMP0194,2026-07-10 14:23:00,2026-07-11 15:14:13.589754224
TX000949,DEV0079,EMP0199,2025-06-02 10:03:00,2025-06-08 03:44:03.968500652
TX000950,DEV0173,EMP0281,2024-10-17 14:13:00,2024-10-28 04:41:22.789416896
TX000951,DEV0083,EMP0260,2026-04-12 10:53:00,2026-04-16 00:43:47.486175414
TX000952,DEV0113,EMP0037,2024-10-15 18:53:00,2024-10-19 03:20:52.955990032
TX000953,DEV0253,EMP0048,2025-09-25 08:56:00,2025-11-25 19:37:26.950488744
TX000954,DEV0233,EMP0276,2024-01-28 15:01:00,2024-01-30 11:39:03.410506905
TX000955,DEV0041,EMP0379,2026-02-09 11:33:00,2026-02-16 05:45:36.264746238
TX000956,DEV0161,EMP0136,2025-03-03 07:22:00,2025-03-08 15:51:02.731817036
TX000957,DEV0161,EMP0398,2026-05-14 14:17:00,2026-05-17 13:48:19.134662613
TX000958,DEV0259,EMP0043,2026-08-16 07:30:00,2026-08-17 14:53:12.970949961
TX000959,DEV0202,EMP0059,2024-03-04 11:19:00,2024-03-12 05:27:38.002834673
TX000960,DEV0173,EMP0161,2025-02-08 10:24:00,2025-02-22 02:39:10.992127409
TX000961,DEV0188,EMP0399,2026-04-02 13:19:00,2026-04-02 18:16:21.146138315
TX000962,DEV0107,EMP0144,2024-02-23 09:56:00,2024-02-26 08:32:42.754810856
TX000963,DEV0132,EMP0240,2025-11-14 18:53:00,2026-02-07 06:45:57.053859849
TX000964,DEV0245,EMP0233,2025-07-11 12:22:00,2025-07-19 04:36:44.539536321
TX000965,DEV0182,EMP0309,2025-11-07 08:15:00,2025-11-15 23:48:00.177976383
TX000966,DEV0182,EMP0291,2026-03-09 17:13:00,2026-03-18 22:58:48.776784865
TX000967,DEV0197,EMP0085,2026-02-11 18:46:00,2026-02-17 06:50:53.679414094
TX000968,DEV0256,EMP0380,2025-09-29 15:56:00,2025-10-04 10:36:26.530064562
TX000969,DEV0094,EMP0178,2025-09-08 14:30:00,2025-09-08 17:05:47.904301508
TX000970,DEV0103,EMP0147,2025-03-31 07:31:00,2025-04-06 03:51:05.959200627
TX000971,DEV0252,EMP0161,2026-08-28 14:40:00,2027-01-03 21:25:24.064166230
TX000972,DEV0129,EMP0141,2025-10-17 14:22:00,2025-10-19 04:05:57.874027293
TX000973,DEV0104,EMP0402,2024-08-06 11:14:00,2024-08-11 10:59:15.718221372
TX000974,DEV0028,EMP0101,2025-07-16 18:09:00,2025-07-19 13:48:42.384877560
TX000975,DEV0111,EMP0324,2025-05-11 09:10:00,2025-05-12 21:49:53.900919219
TX000976,DEV0112,EMP0156,2026-01-29 15:25:00,2026-02-16 08:10:05.540978919
TX000977,DEV0141,EMP0094,2026-03-20 16:46:00,2026-03-24 12:41:54.594457441
TX000978,DEV0013,EMP0238,2025-01-23 16:51:00,2025-02-01 04:36:36.307366067
TX000979,DEV0154,EMP0154,2024-05-28 16:39:00,2024-06-03 19:13:31.036854979
TX000980,DEV0213,EMP0223,2025-01-21 13:44:00,2025-01-30 23:30:14.794814973
TX000981,DEV0132,EMP0329,2025-03-21 14:48:00,2025-03-29 03:49:32.752451709
TX000982,DEV0141,EMP0361,2025-09-19 07:17:00,2025-09-23 07:00:13.198050275
TX000983,DEV0233,EMP0248,2026-04-06 18:25:00,2026-04-14 21:43:51.932458883
TX000984,DEV0091,EMP0191,2025-07-04 17:21:00,2025-07-14 00:19:40.290408223
TX000985,DEV0163,EMP0124,2024-01-04 17:43:00,2024-01-11 07:17:32.712011303
TX000986,DEV0013,EMP0104,2024-03-31 16:05:00,2024-04-05 05:46:41.717753702
TX000987,DEV0052,EMP0180,2026-04-30 14:12:00,2026-05-15 02:25:24.495797226
TX000988,DEV0131,EMP0385,2024-08-05 10:22:00,2024-08-07 22:11:43.133872144
TX000989,DEV0141,EMP0414,2024-08-20 11:42:00,2024-08-27 02:49:18.118984171
TX000990,DEV0163,EMP0067,2025-12-17 07:14:00,2025-12-23 21:06:01.278636572
TX000991,DEV0051,EMP0270,2026-02-22 17:21:00,2026-02-26 11:06:58.078967543
TX000992,DEV0202,EMP0291,2024-11-26 10:56:00,2024-12-01 20:06:55.841676747
TX000993,DEV0182,EMP0255,2024-09-01 16:33:00,2024-09-02 21:19:12.930405673
TX000994,DEV0252,EMP0286,2025-03-19 15:38:00,2025-03-24 03:02:44.560038440
TX000995,DEV0255,EMP0256,2024-07-20 18:47:00,2024-08-01 18:09:01.656732834
TX000996,DEV0251,EMP0188,2025-10-30 11:05:00,2025-11-14 16:08:58.368718807
TX000997,DEV0066,EMP0108,2025-12-01 11:44:00,2025-12-02 09:53:25.403834900
TX000998,DEV0017,EMP0192,2025-08-07 15:06:00,2025-08-10 14:23:38.178120433
TX000999,DEV0054,EMP0019,2025-11-15 10:32:00,2025-11-20 02:26:23.800398297
TX001000,DEV0066,EMP0334,2026-02-10 10:11:00,2026-02-26 00:55:19.263093972
TX001001,DEV0159,EMP0366,2024-02-07 15:07:00,2024-02-08 09:04:10.397908137
TX001002,DEV0152,EMP0288,2025-11-07 17:02:00,2025-11-17 12:28:32.740237223
TX001003,DEV0141,EMP0401,2024-04-30 07:38:00,2024-05-09 22:28:11.556518569
TX001004,DEV0071,EMP0192,2024-01-29 08:19:00,2024-02-09 15:00:27.391588079
TX001005,DEV0076,EMP0153,2024-08-01 10:42:00,2024-08-08 02:20:30.025386532
TX001006,DEV0025,EMP0293,2024-05-25 17:23:00,2024-06-01 20:56:22.997460664
TX001007,DEV0249,EMP0363,2024-10-24 11:21:00,2024-10-29 13:11:04.981500673
TX001008,DEV0247,EMP0149,2024-07-01 11:37:00,2024-07-10 10:00:25.787983706
TX001009,DEV0254,EMP0065,2024-05-17 15:24:00,2024-06-15 03:27:40.210306495
TX001010,DEV0242,EMP0132,2025-02-21 13:39:00,2025-02-27 14:13:27.623133234
TX001011,DEV0220,EMP0034,2024-07-07 10:11:00,2024-07-08 09:28:08.746655725
TX001012,DEV0075,EMP0031,2025-06-26 16:04:00,2025-07-10 11:26:28.790554815
TX001013,DEV0054,EMP0325,2024-08-10 07:12:00,2024-08-13 16:48:51.452575693
TX001014,DEV0178,EMP0089,2025-05-15 13:35:00,2025-05-18 00:58:15.070915990
TX001015,DEV0073,EMP0188,2026-05-30 18:39:00,2026-06-02 15:12:47.241873350
TX001016,DEV0093,EMP0179,2024-09-06 12:06:00,2024-09-08 03:32:44.486903680
TX001017,DEV0180,EMP0376,2025-11-22 12:09:00,2025-11-25 08:58:36.519766090
TX001018,DEV0022,EMP0166,2024-02-11 11:38:00,2024-04-10 23:21:45.223676732
TX001019,DEV0233,EMP0343,2026-03-28 13:57:00,2026-04-03 04:12:16.821829398
TX001020,DEV0232,EMP0191,2026-06-21 11:58:00,2026-06-27 08:52:27.014485029
TX001021,DEV0245,EMP0356,2025-10-10 12:51:00,2025-10-26 04:19:28.961757836
TX001022,DEV0223,EMP0221,2024-02-24 08:20:00,2024-03-01 06:53:53.484567990
TX001023,DEV0246,EMP0419,2025-06-28 07:53:00,2025-07-02 21:00:17.515413004
TX001024,DEV0182,EMP0173,2025-06-15 09:48:00,2025-06-19 07:47:23.126523953
TX001025,DEV0185,EMP0037,2025-10-21 08:21:00,2025-10-31 11:28:46.923425256
TX001026,DEV0183,EMP0125,2024-11-18 13:37:00,2024-11-29 08:23:09.865224710
TX001027,DEV0106,EMP0185,2024-08-26 16:29:00,2024-08-31 19:57:44.856217332
TX001028,DEV0153,EMP0007,2025-07-29 15:21:00,2025-09-27 15:10:19.267292357
TX001029,DEV0111,EMP0019,2025-04-24 18:05:00,2025-05-07 23:47:56.274951321
TX001030,DEV0217,EMP0372,2025-03-21 12:55:00,2025-03-31 03:42:08.259742864
TX001031,DEV0142,EMP0208,2025-11-05 17:23:00,2025-11-12 11:03:00.190924149
TX001032,DEV0242,EMP0005,2025-07-27 07:34:00,2025-08-01 06:56:06.728903014
TX001033,DEV0167,EMP0066,2024-08-14 09:32:00,2024-08-18 08:59:41.589202617
TX001034,DEV0032,EMP0187,2025-02-06 17:07:00,2025-02-17 18:36:54.681348267
TX001035,DEV0058,EMP0156,2025-03-13 16:59:00,2025-03-18 05:54:29.425472069
TX001036,DEV0253,EMP0267,2026-08-21 14:12:00,2026-08-23 08:38:07.763595088
TX001037,DEV0032,EMP0227,2026-03-08 17:56:00,2026-03-12 18:44:30.708079291
TX001038,DEV0087,EMP0311,2024-03-04 08:15:00,2024-03-19 03:53:30.604765231
TX001039,DEV0021,EMP0351,2025-05-30 11:27:00,2025-06-10 18:02:30.538788444
TX001040,DEV0193,EMP0016,2025-12-07 09:41:00,2025-12-12 19:22:40.566025856
TX001041,DEV0154,EMP0153,2025-08-09 13:17:00,2025-08-20 11:51:45.693681897
TX001042,DEV0032,EMP0311,2026-07-02 09:34:00,2026-07-03 14:48:50.844616111
TX001043,DEV0096,EMP0397,2025-07-17 18:42:00,2025-07-30 10:27:12.885089779
TX001044,DEV0108,EMP0327,2025-11-11 09:36:00,2025-11-12 17:33:42.886260209
TX001045,DEV0207,EMP0080,2026-03-13 16:15:00,2026-03-19 19:02:22.028968180
TX001046,DEV0201,EMP0133,2024-11-11 08:16:00,2024-11-18 05:33:02.182415057
TX001047,DEV0155,EMP0270,2025-07-22 18:15:00,2025-08-04 10:14:56.922004877
TX001048,DEV0132,EMP0093,2025-05-22 15:34:00,2025-05-28 08:15:24.800835451
TX001049,DEV0225,EMP0266,2024-07-28 16:14:00,2024-08-02 01:05:51.144637870
TX001050,DEV0061,EMP0129,2024-08-04 18:22:00,2024-08-14 02:32:53.768790872
TX001051,DEV0052,EMP0068,2025-01-17 17:57:00,2025-01-21 17:29:28.022585716
TX001052,DEV0020,EMP0407,2026-05-20 15:37:00,2026-05-21 07:25:02.030398128
TX001053,DEV0064,EMP0404,2026-01-05 17:30:00,2026-01-13 03:25:40.188374001
TX001054,DEV0095,EMP0281,2025-02-06 12:37:00,2025-02-12 15:29:54.201581959
TX001055,DEV0030,EMP0265,2026-06-19 17:54:00,2026-06-21 12:36:36.528749836
TX001056,DEV0115,EMP0395,2024-07-16 10:01:00,2024-07-17 19:30:30.119473914
TX001057,DEV0077,EMP0418,2024-12-26 15:23:00,2024-12-27 09:07:43.769544813
TX001058,DEV0111,EMP0058,2026-08-06 16:40:00,2026-08-21 05:32:06.139723677
TX001059,DEV0221,EMP0069,2025-07-13 08:24:00,2025-07-17 18:42:55.803430939
TX001060,DEV0084,EMP0046,2026-06-15 09:16:00,2026-06-26 10:38:35.716948774
TX001061,DEV0245,EMP0184,2025-09-30 08:13:00,2025-10-02 07:00:31.893018978
TX001062,DEV0232,EMP0004,2024-04-17 18:55:00,2024-04-25 03:12:41.616583023
TX001063,DEV0014,EMP0014,2026-07-22 09:59:00,2026-07-26 14:20:26.046678531
TX001064,DEV0041,EMP0332,2024-03-12 12:23:00,2024-03-22 11:33:32.854337085
TX001065,DEV0190,EMP0256,2026-03-22 07:41:00,2026-03-25 18:50:52.420407166
TX001066,DEV0196,EMP0005,2025-07-06 13:22:00,2025-07-12 17:41:28.360987222
TX001067,DEV0172,EMP0244,2026-07-28 14:56:00,2026-08-14 05:53:21.622416055
TX001068,DEV0125,EMP0163,2024-06-01 10:58:00,2024-06-06 02:59:48.955278064
TX001069,DEV0110,EMP0360,2025-12-29 16:55:00,2025-12-30 06:40:08.654033003
TX001070,DEV0102,EMP0047,2025-05-06 13:06:00,2025-05-16 21:56:32.419393508
TX001071,DEV0091,EMP0309,2024-08-31 18:44:00,2024-11-09 13:25:44.720452676
TX001072,DEV0106,EMP0363,2025-10-18 07:16:00,2025-10-22 10:01:35.204666408
TX001073,DEV0102,EMP0395,2024-08-01 13:27:00,2024-08-07 23:26:49.606456888
TX001074,DEV0173,EMP0268,2024-12-27 08:58:00,2025-01-02 11:39:51.079346199
TX001075,DEV0081,EMP0415,2024-07-18 13:32:00,2024-07-28 10:33:14.823257482
TX001076,DEV0111,EMP0408,2024-02-05 07:32:00,2024-02-09 14:11:13.444159064
TX001077,DEV0054,EMP0359,2025-11-12 07:34:00,2025-11-30 13:35:48.244972022
TX001078,DEV0165,EMP0404,2024-03-19 15:35:00,2024-04-04 12:30:05.142202453
TX001079,DEV0027,EMP0041,2025-01-24 11:44:00,2025-01-30 18:36:50.793097563
TX001080,DEV0092,EMP0232,2026-03-21 09:30:00,2026-04-11 10:32:11.721701232
TX001081,DEV0233,EMP0173,2026-05-09 15:48:00,2026-05-23 17:56:24.349448299
TX001082,DEV0174,EMP0350,2024-04-22 11:53:00,2024-05-06 23:02:19.268873591
TX001083,DEV0124,EMP0181,2024-12-29 11:33:00,2025-02-05 18:47:01.024251421
TX001084,DEV0085,EMP0131,2024-04-24 10:25:00,2024-04-30 00:00:57.894554132
TX001085,DEV0164,EMP0228,2025-07-15 09:43:00,2025-07-20 23:54:55.443509376
TX001086,DEV0128,EMP0054,2025-07-05 10:06:00,2025-07-08 19:42:33.657379679
TX001087,DEV0252,EMP0131,2025-07-21 13:25:00,2025-08-01 06:04:34.309864026
TX001088,DEV0115,EMP0031,2025-11-14 12:03:00,2025-12-05 17:57:39.480781590
TX001089,DEV0254,EMP0372,2026-02-14 12:30:00,2026-02-27 15:38:16.584455068
TX001090,DEV0242,EMP0411,2026-03-14 10:11:00,2026-03-16 19:25:13.945488940
TX001091,DEV0177,EMP0060,2025-05-02 11:38:00,2025-05-08 20:50:07.381079824
TX001092,DEV0244,EMP0390,2026-04-14 09:20:00,2026-05-02 08:55:01.123180724
TX001093,DEV0171,EMP0275,2026-07-30 08:20:00,2026-08-11 20:56:08.750985836
TX001094,DEV0251,EMP0244,2025-07-30 09:00:00,2025-08-08 15:50:47.594838860
TX001095,DEV0197,EMP0274,2026-02-02 10:25:00,2026-02-05 08:53:56.560069174
TX001096,DEV0197,EMP0286,2024-10-26 07:19:00,2024-11-24 05:01:20.528441785
TX001097,DEV0175,EMP0125,2024-04-17 10:47:00,2024-04-20 23:24:30.741029597
TX001098,DEV0252,EMP0212,2024-07-11 13:04:00,2024-07-27 12:53:58.641372783
TX001099,DEV0142,EMP0015,2026-06-14 12:39:00,2026-06-22 17:07:45.486681627
TX001100,DEV0131,EMP0010,2025-01-14 07:30:00,2025-01-22 09:49:03.692123806
TX001101,DEV0207,EMP0341,2025-02-09 16:01:00,2025-02-15 11:59:24.127187647
TX001102,DEV0115,EMP0026,2024-09-30 16:48:00,2024-10-08 10:58:52.605036742
TX001103,DEV0142,EMP0159,2026-01-23 15:50:00,2026-01-29 10:33:42.386434984
TX001104,DEV0183,EMP0144,2024-07-20 13:55:00,2024-07-29 23:21:11.047041843
TX001105,DEV0135,EMP0006,2024-06-04 08:54:00,2024-07-06 08:28:10.837940685
TX001106,DEV0042,EMP0371,2025-08-06 11:40:00,2025-08-16 12:37:52.775253019
TX001107,DEV0244,EMP0217,2026-04-17 10:17:00,2026-04-23 23:48:12.465587498
TX001108,DEV0102,EMP0005,2025-07-01 14:55:00,2025-07-05 14:50:51.093795187
TX001109,DEV0161,EMP0103,2024-12-22 15:58:00,2025-01-02 14:48:50.796175842
TX001110,DEV0212,EMP0104,2025-11-07 18:44:00,2025-11-13 07:11:53.876269459
TX001111,DEV0051,EMP0409,2026-06-27 07:44:00,2026-07-23 14:35:16.299848973
TX001112,DEV0029,EMP0061,2024-09-07 07:10:00,2024-09-09 14:48:24.721842709
TX001113,DEV0088,EMP0222,2025-05-06 17:44:00,2025-05-08 06:24:16.990347612
TX001114,DEV0157,EMP0150,2025-09-24 10:47:00,2025-09-25 11:58:56.033683935
TX001115,DEV0174,EMP0367,2025-12-18 12:17:00,2025-12-19 01:49:16.628462552
TX001116,DEV0063,EMP0232,2025-02-08 12:22:00,2025-02-13 18:09:19.231950621
TX001117,DEV0205,EMP0148,2025-09-03 15:56:00,2025-09-10 02:48:02.598361828
TX001118,DEV0135,EMP0286,2024-01-22 14:15:00,2024-02-16 14:25:14.965581728
TX001119,DEV0093,EMP0130,2025-06-04 10:00:00,2025-06-26 18:20:17.885590356
TX001120,DEV0113,EMP0249,2025-04-18 18:38:00,2025-04-27 07:22:11.032831207
TX001121,DEV0117,EMP0093,2024-03-15 10:46:00,2024-03-17 15:40:27.707761586
TX001122,DEV0105,EMP0364,2025-06-06 16:03:00,2025-06-21 01:12:00.491673730
TX001123,DEV0108,EMP0406,2024-08-04 07:44:00,2024-08-07 02:49:16.172240214
TX001124,DEV0190,EMP0296,2025-09-18 17:04:00,2025-09-21 11:49:13.482835454
TX001125,DEV0177,EMP0352,2024-06-22 17:43:00,2024-06-29 09:33:16.416122050
TX001126,DEV0175,EMP0289,2024-11-30 16:02:00,2024-12-13 01:38:53.111284534
TX001127,DEV0223,EMP0099,2025-05-10 10:31:00,2025-05-17 08:19:52.950013532
TX001128,DEV0123,EMP0273,2024-09-10 15:23:00,2024-09-14 07:12:30.018236007
TX001129,DEV0256,EMP0092,2024-02-25 09:19:00,2024-03-04 13:41:18.631744627
TX001130,DEV0063,EMP0175,2025-03-24 07:38:00,2025-04-04 08:32:06.509338347
TX001131,DEV0031,EMP0091,2024-11-30 10:12:00,2024-12-14 05:56:44.417468761
TX001132,DEV0111,EMP0134,2024-09-22 11:16:00,2024-10-03 18:13:03.293533159
TX001133,DEV0171,EMP0178,2025-03-20 12:41:00,2025-03-22 09:15:58.309963409
TX001134,DEV0091,EMP0255,2026-08-17 12:10:00,2026-08-24 06:07:41.914245349
TX001135,DEV0173,EMP0343,2026-01-26 15:41:00,2026-02-03 10:28:42.644339848
TX001136,DEV0223,EMP0189,2024-08-27 15:07:00,2024-09-02 04:40:22.919830879
TX001137,DEV0213,EMP0330,2025-05-07 13:19:00,2025-05-13 15:10:24.396094211
TX001138,DEV0126,EMP0092,2024-05-25 12:21:00,2024-05-31 08:12:35.959585564
TX001139,DEV0142,EMP0209,2024-07-23 15:20:00,2024-08-10 07:39:48.273561843
TX001140,DEV0011,EMP0254,2024-02-04 09:21:00,2024-02-06 18:23:20.663648466
TX001141,DEV0184,EMP0163,2024-01-04 15:01:00,2024-01-08 00:20:34.362012059
TX001142,DEV0011,EMP0194,2026-02-20 10:29:00,2026-02-21 04:59:39.016335954
TX001143,DEV0241,EMP0368,2026-08-22 15:21:00,2026-08-29 06:26:41.940327288
TX001144,DEV0137,EMP0249,2025-01-03 15:28:00,2025-01-07 05:07:35.468039331
TX001145,DEV0085,EMP0017,2026-02-03 16:38:00,2026-02-14 11:46:23.470476454
TX001146,DEV0187,EMP0361,2025-07-06 15:24:00,2025-07-14 05:25:12.696978763
TX001147,DEV0142,EMP0219,2025-12-04 12:24:00,2025-12-08 23:38:17.649661208
TX001148,DEV0062,EMP0086,2024-09-19 12:09:00,2024-09-24 17:11:48.171928297
TX001149,DEV0025,EMP0342,2024-09-19 08:39:00,2024-09-28 09:21:47.118174089
TX001150,DEV0254,EMP0043,2025-07-04 14:04:00,2025-07-07 20:12:57.878699556
TX001151,DEV0194,EMP0035,2025-10-20 07:10:00,2025-10-24 02:37:40.663920863
TX001152,DEV0061,EMP0125,2025-08-03 11:09:00,2025-08-04 11:35:13.900252051
TX001153,DEV0061,EMP0099,2025-08-23 07:39:00,2025-08-26 01:42:55.569816682
TX001154,DEV0222,EMP0074,2024-11-18 13:44:00,2024-11-29 13:59:00.874065224
TX001155,DEV0154,EMP0139,2024-05-12 10:24:00,2024-05-21 09:02:56.577106679
TX001156,DEV0054,EMP0166,2026-01-31 09:32:00,2026-02-13 20:14:05.217600765
TX001157,DEV0228,EMP0419,2026-03-12 11:59:00,2026-03-14 09:19:15.644365001
TX001158,DEV0204,EMP0091,2026-01-25 15:53:00,2026-02-05 10:05:54.694266798
TX001159,DEV0192,EMP0417,2026-05-06 14:52:00,2026-05-20 05:11:00.312116737
TX001160,DEV0245,EMP0007,2024-03-03 14:33:00,2024-03-09 19:04:50.908827656
TX001161,DEV0021,EMP0239,2025-09-23 10:43:00,2025-09-26 22:42:19.204495361
TX001162,DEV0034,EMP0150,2024-05-23 17:35:00,2024-06-04 19:16:47.076282697
TX001163,DEV0153,EMP0323,2026-02-15 09:58:00,2026-02-25 00:10:16.223518528
TX001164,DEV0154,EMP0164,2025-06-16 14:11:00,2025-06-25 20:02:52.068215047
TX001165,DEV0053,EMP0236,2024-07-27 16:23:00,2024-07-30 01:15:31.348943282
TX001166,DEV0122,EMP0168,2024-03-28 17:24:00,2024-04-05 09:51:56.706183128
TX001167,DEV0226,EMP0120,2024-01-16 07:46:00,2024-01-22 09:29:13.074197209
TX001168,DEV0179,EMP0254,2024-06-16 11:29:00,2024-06-23 04:23:31.677503409
TX001169,DEV0005,EMP0062,2025-05-01 16:09:00,2025-05-09 08:25:31.375656639
TX001170,DEV0009,EMP0124,2026-02-02 07:42:00,2026-02-04 18:29:14.530232439
TX001171,DEV0031,EMP0239,2024-08-20 13:18:00,2024-08-30 18:28:37.199392094
TX001172,DEV0233,EMP0075,2026-02-02 15:20:00,2026-02-13 04:42:13.092111052
TX001173,DEV0211,EMP0365,2025-03-07 15:14:00,2025-03-09 19:01:15.930842542
TX001174,DEV0104,EMP0330,2025-02-24 18:15:00,2025-03-11 21:16:02.751238118
TX001175,DEV0193,EMP0200,2025-02-03 14:44:00,2025-02-10 18:16:08.120207761
TX001176,DEV0122,EMP0106,2025-12-30 15:57:00,2026-01-06 14:59:33.736988190
TX001177,DEV0072,EMP0007,2024-05-17 13:57:00,2024-05-28 13:43:39.272995205
TX001178,DEV0003,EMP0249,2025-03-01 10:56:00,2025-03-08 00:06:23.049502939
TX001179,DEV0203,EMP0209,2025-11-08 18:03:00,2025-11-26 10:47:49.959321848
TX001180,DEV0075,EMP0003,2025-05-03 12:19:00,2025-05-06 10:33:19.151653917
TX001181,DEV0173,EMP0324,2025-09-25 13:00:00,2025-09-26 02:07:23.544950512
TX001182,DEV0183,EMP0203,2025-06-26 14:22:00,2025-07-01 01:57:18.510579743
TX001183,DEV0236,EMP0323,2025-06-04 12:51:00,2025-06-08 20:25:14.040163703
TX001184,DEV0076,EMP0320,2024-03-17 07:01:00,2024-03-21 21:33:47.089924591
TX001185,DEV0137,EMP0360,2025-07-08 10:38:00,2025-07-09 09:44:09.860923771
TX001186,DEV0072,EMP0381,2026-08-09 07:01:00,2026-08-16 16:32:49.172951424
TX001187,DEV0035,EMP0331,2024-12-21 07:25:00,2025-01-03 23:26:10.579123659
TX001188,DEV0252,EMP0332,2025-09-17 15:52:00,2025-10-05 15:49:32.541930882
TX001189,DEV0002,EMP0334,2025-11-18 16:07:00,2025-12-03 06:49:50.997945772
TX001190,DEV0115,EMP0357,2025-10-28 07:53:00,2025-11-04 20:19:40.966747603
TX001191,DEV0169,EMP0038,2025-01-16 14:42:00,2025-01-20 04:16:31.496132718
TX001192,DEV0234,EMP0183,2025-04-17 16:43:00,2025-04-24 14:32:24.265967437
TX001193,DEV0004,EMP0265,2024-03-18 11:20:00,2024-04-01 02:11:06.742709875
TX001194,DEV0121,EMP0039,2024-10-08 13:54:00,2024-10-19 13:11:41.287529824
TX001195,DEV0028,EMP0091,2024-05-15 15:21:00,2024-05-22 01:28:40.599553130
TX001196,DEV0068,EMP0038,2025-02-02 12:59:00,2025-02-06 04:53:20.187355374
TX001197,DEV0238,EMP0217,2026-02-05 10:50:00,2026-02-10 18:03:52.822680229
TX001198,DEV0007,EMP0185,2026-03-24 18:51:00,2026-03-30 15:10:01.566730435
TX001199,DEV0051,EMP0156,2025-08-10 10:21:00,2025-08-23 05:54:02.462988255
TX001200,DEV0054,EMP0030,2024-11-09 15:39:00,2024-11-13 03:26:49.833947185
TX001201,DEV0212,EMP0182,2025-11-01 15:01:00,2025-11-05 23:29:34.262621416
TX001202,DEV0031,EMP0377,2024-07-20 17:01:00,2024-07-23 08:04:50.764050198
TX001203,DEV0135,EMP0311,2025-02-17 18:39:00,2025-02-27 05:36:20.343469641
TX001204,DEV0154,EMP0345,2025-03-25 08:23:00,2025-03-31 16:08:05.655254168
TX001205,DEV0134,EMP0072,2025-04-12 10:42:00,2025-04-29 00:42:13.621099907
TX001206,DEV0115,EMP0132,2026-03-01 17:22:00,2026-03-06 10:03:46.371382311
TX001207,DEV0122,EMP0028,2025-02-26 11:50:00,2025-03-06 04:29:38.067233241
TX001208,DEV0221,EMP0253,2025-08-16 09:57:00,2025-08-17 20:35:51.405218875
TX001209,DEV0249,EMP0292,2024-09-07 11:36:00,2024-09-11 04:13:31.319918671
TX001210,DEV0191,EMP0013,2025-02-12 08:35:00,2025-02-20 18:27:34.076236161
TX001211,DEV0162,EMP0316,2024-11-03 18:08:00,2024-11-07 10:55:36.411239378
TX001212,DEV0174,EMP0229,2024-02-18 18:43:00,2024-03-10 08:54:15.269341646
TX001213,DEV0029,EMP0053,2024-12-02 11:21:00,2024-12-04 20:03:20.321302387
TX001214,DEV0236,EMP0313,2025-03-25 08:06:00,2025-03-28 10:12:51.579625259
TX001215,DEV0223,EMP0004,2025-10-23 18:34:00,2025-11-04 23:03:18.572678025
TX001216,DEV0032,EMP0381,2024-06-07 15:18:00,2024-06-29 14:29:15.061708913
TX001217,DEV0233,EMP0405,2026-08-29 08:29:00,2026-09-11 16:00:04.301267569
TX001218,DEV0111,EMP0263,2024-04-07 14:24:00,2024-04-09 11:39:07.406185964
TX001219,DEV0193,EMP0327,2025-08-15 11:45:00,2025-08-23 06:51:22.142129641
TX001220,DEV0134,EMP0268,2024-09-08 15:29:00,2024-09-20 08:05:13.719898880
TX001221,DEV0075,EMP0311,2025-05-01 12:09:00,2025-05-05 04:31:04.338906528
TX001222,DEV0006,EMP0327,2026-04-01 18:37:00,2026-04-09 13:21:08.095930363
TX001223,DEV0244,EMP0326,2025-01-05 15:08:00,2025-01-09 05:30:09.200611446
TX001224,DEV0253,EMP0406,2026-08-25 07:47:00,2026-08-29 05:17:13.089587707
TX001225,DEV0085,EMP0003,2025-10-31 11:02:00,2025-11-16 10:38:12.750553794
TX001226,DEV0202,EMP0112,2025-01-15 18:03:00,2025-01-19 20:56:58.830069214
TX001227,DEV0031,EMP0103,2024-10-24 11:21:00,2024-10-26 23:55:06.758074428
TX001228,DEV0075,EMP0378,2025-04-25 13:01:00,2025-05-05 19:45:04.011860435
TX001229,DEV0122,EMP0399,2024-12-20 11:37:00,2024-12-22 03:25:45.993409501
TX001230,DEV0182,EMP0378,2026-01-27 10:49:00,2026-01-29 18:12:12.166143562
TX001231,DEV0102,EMP0255,2025-02-22 11:59:00,2025-03-03 13:46:53.959837152
TX001232,DEV0039,EMP0073,2025-11-26 09:28:00,2025-11-29 21:01:19.215160116
TX001233,DEV0015,EMP0305,2026-01-07 18:55:00,2026-01-26 09:52:54.026832015
TX001234,DEV0222,EMP0076,2024-02-15 11:18:00,2024-02-27 23:39:38.576175150
TX001235,DEV0123,EMP0022,2024-06-21 09:29:00,2024-06-30 22:32:04.583326678
TX001236,DEV0103,EMP0077,2024-03-18 18:24:00,2024-03-23 04:47:17.196720088
TX001237,DEV0041,EMP0224,2025-01-17 16:06:00,2025-01-22 12:03:00.050292706
TX001238,DEV0203,EMP0365,2024-12-24 08:14:00,2024-12-26 12:25:10.560916498
TX001239,DEV0219,EMP0237,2026-06-22 13:20:00,2026-06-24 13:52:11.601972927
TX001240,DEV0064,EMP0383,2025-07-10 16:10:00,2025-07-15 20:46:49.845462123
TX001241,DEV0202,EMP0054,2024-04-03 08:44:00,2024-04-10 23:26:13.310104911
TX001242,DEV0122,EMP0314,2025-05-31 12:31:00,2025-06-13 06:18:14.023321968
TX001243,DEV0162,EMP0184,2024-02-15 18:22:00,2024-02-19 00:37:07.739549631
TX001244,DEV0109,EMP0338,2025-06-18 07:34:00,2025-07-12 13:55:27.491775779
TX001245,DEV0052,EMP0301,2025-09-05 07:34:00,2025-09-09 21:14:53.996720911
TX001246,DEV0004,EMP0027,2026-01-26 12:30:00,2026-01-30 13:31:08.793606547
TX001247,DEV0081,EMP0328,2026-08-15 07:38:00,2026-08-29 06:55:24.261309944
TX001248,DEV0114,EMP0012,2025-09-06 13:30:00,2025-09-17 07:45:18.546596137
TX001249,DEV0212,EMP0393,2026-01-15 07:46:00,2026-01-22 13:55:14.551472070
TX001250,DEV0252,EMP0227,2025-07-12 17:13:00,2025-07-27 23:55:12.613686724
TX001251,DEV0043,EMP0359,2025-03-28 11:25:00,2025-04-11 20:52:12.122992877
TX001252,DEV0133,EMP0365,2026-05-13 11:49:00,2026-06-10 06:01:35.117845683
TX001253,DEV0220,EMP0106,2025-06-22 08:12:00,2025-06-22 14:21:12.278938631
TX001254,DEV0223,EMP0005,2026-02-02 18:40:00,2026-02-12 19:48:01.725388169
TX001255,DEV0121,EMP0325,2025-11-22 10:36:00,2025-11-24 09:27:13.663746586
TX001256,DEV0166,EMP0279,2024-11-29 15:21:00,2024-12-01 04:51:07.058056865
TX001257,DEV0191,EMP0269,2025-05-29 12:58:00,2025-06-03 01:49:01.222398044
TX001258,DEV0052,EMP0120,2025-08-11 18:46:00,2025-08-18 05:08:48.707322838
TX001259,DEV0215,EMP0113,2025-04-28 15:12:00,2025-05-01 03:55:59.488395322
TX001260,DEV0143,EMP0380,2024-09-29 13:45:00,2024-10-07 08:59:43.133962420
TX001261,DEV0245,EMP0220,2025-11-18 11:17:00,2025-11-21 22:41:38.299041273
TX001262,DEV0135,EMP0108,2024-08-28 11:20:00,2024-09-11 13:35:09.298965864
TX001263,DEV0173,EMP0040,2025-06-02 07:08:00,2025-06-05 19:29:55.201554585
TX001264,DEV0252,EMP0163,2026-05-04 11:01:00,2026-05-09 23:53:35.596251085
TX001265,DEV0061,EMP0418,2024-07-15 16:37:00,2024-07-26 04:02:56.113760093
TX001266,DEV0024,EMP0066,2024-01-19 16:04:00,2024-02-03 19:02:27.184414511
TX001267,DEV0185,EMP0398,2026-07-30 13:21:00,2026-07-31 15:14:44.949124471
TX001268,DEV0064,EMP0410,2025-09-18 07:30:00,2025-09-23 02:29:12.784302003
TX001269,DEV0244,EMP0064,2026-05-11 12:35:00,2026-05-13 07:41:40.755469346
TX001270,DEV0027,EMP0323,2026-08-09 11:12:00,2026-08-20 01:19:17.910656830
TX001271,DEV0053,EMP0391,2025-07-18 17:37:00,2025-07-22 10:45:31.638155281
TX001272,DEV0018,EMP0068,2025-07-29 09:26:00,2025-07-31 21:16:55.299303974
TX001273,DEV0242,EMP0347,2026-05-11 11:21:00,2026-05-20 08:00:41.816501111
TX001274,DEV0162,EMP0360,2024-01-31 16:30:00,2024-02-05 10:37:08.736304868
TX001275,DEV0021,EMP0224,2026-03-05 08:15:00,2026-03-16 13:33:09.318748851
TX001276,DEV0127,EMP0035,2026-06-12 17:21:00,2026-06-20 00:42:07.502263257
TX001277,DEV0022,EMP0070,2026-08-18 17:57:00,2026-08-29 18:27:07.424256618
TX001278,DEV0071,EMP0123,2025-10-18 17:41:00,2025-10-26 05:38:45.569235736
TX001279,DEV0030,EMP0070,2025-09-04 07:06:00,2025-09-05 06:56:08.946860919
TX001280,DEV0165,EMP0072,2025-05-22 12:40:00,2025-05-29 07:23:03.482653247
TX001281,DEV0162,EMP0345,2025-09-28 18:33:00,2025-10-17 11:32:18.152064492
TX001282,DEV0163,EMP0279,2024-04-27 07:39:00,2024-05-02 11:10:08.851650483
TX001283,DEV0143,EMP0254,2024-05-21 08:40:00,2024-06-26 22:57:44.596484404
TX001284,DEV0015,EMP0404,2024-08-06 13:49:00,2024-08-12 04:04:18.335523692
TX001285,DEV0135,EMP0375,2026-01-23 18:08:00,2026-02-11 05:00:09.702957372
TX001286,DEV0164,EMP0398,2025-04-25 09:29:00,2025-04-28 16:35:02.052604844
TX001287,DEV0141,EMP0076,2025-05-30 16:11:00,2025-06-10 18:47:49.391995783
TX001288,DEV0244,EMP0186,2025-05-08 08:31:00,2025-06-25 18:21:41.667815230
TX001289,DEV0181,EMP0370,2025-09-08 12:14:00,2025-09-18 00:04:26.400186153
TX001290,DEV0153,EMP0388,2025-12-06 07:10:00,2025-12-16 22:40:45.863677246
TX001291,DEV0203,EMP0063,2025-11-13 18:13:00,2025-11-15 05:38:56.463530132
TX001292,DEV0203,EMP0315,2026-08-01 15:13:00,2026-08-17 13:01:42.743488016
TX001293,DEV0211,EMP0267,2025-08-17 16:17:00,2025-08-20 22:07:54.935366828
TX001294,DEV0024,EMP0377,2026-04-21 16:29:00,2026-04-26 21:12:22.727900785
TX001295,DEV0118,EMP0021,2026-04-07 17:48:00,2026-04-09 12:31:58.649845352
TX001296,DEV0212,EMP0033,2025-02-18 12:02:00,2025-02-21 12:51:22.466174573
TX001297,DEV0196,EMP0249,2024-09-14 11:50:00,2024-09-15 22:52:00.224545354
TX001298,DEV0258,EMP0159,2026-06-18 16:52:00,2026-06-20 06:16:24.854761435
TX001299,DEV0138,EMP0031,2025-01-26 13:06:00,2025-02-01 07:59:28.287366891
TX001300,DEV0104,EMP0228,2025-07-12 10:01:00,2025-08-10 02:33:53.276366550
TX001301,DEV0001,EMP0198,2026-04-14 15:51:00,2026-05-06 00:55:32.482693517
TX001302,DEV0047,EMP0177,2025-12-17 15:03:00,2025-12-19 06:15:30.528652632
TX001303,DEV0111,EMP0029,2024-05-29 10:13:00,2024-06-03 06:45:01.479594362
TX001304,DEV0072,EMP0211,2024-10-26 10:07:00,2024-11-02 18:46:54.651427685
TX001305,DEV0159,EMP0243,2026-03-03 13:24:00,2026-03-08 04:30:01.531523304
TX001306,DEV0068,EMP0268,2024-03-24 14:50:00,2024-03-26 16:00:01.986993743
TX001307,DEV0124,EMP0021,2024-12-27 10:36:00,2024-12-30 15:37:47.858535249
TX001308,DEV0156,EMP0311,2026-07-04 15:17:00,2026-07-08 16:46:38.228532892
TX001309,DEV0021,EMP0268,2025-07-28 14:01:00,2025-08-02 03:56:28.331002163
TX001310,DEV0132,EMP0193,2025-01-08 08:34:00,2025-01-12 11:20:26.208200410
TX001311,DEV0172,EMP0414,2026-05-20 11:50:00,2026-05-26 18:14:37.882478261
TX001312,DEV0082,EMP0339,2024-01-20 17:36:00,2024-01-23 09:02:15.659876751
TX001313,DEV0020,EMP0310,2024-08-26 13:52:00,2024-08-28 18:43:53.776127981
TX001314,DEV0116,EMP0025,2025-06-01 18:15:00,2025-06-04 04:48:03.354186861
TX001315,DEV0095,EMP0238,2025-12-26 07:43:00,2026-01-02 03:22:42.469002149
TX001316,DEV0031,EMP0102,2025-10-02 16:41:00,2025-10-12 21:16:29.417570212
TX001317,DEV0172,EMP0305,2024-08-05 08:31:00,2024-08-11 02:57:47.340823857
TX001318,DEV0054,EMP0284,2026-05-29 14:14:00,2026-06-01 20:10:04.727311356
TX001319,DEV0050,EMP0090,2025-08-15 16:01:00,2025-08-16 14:31:04.952980319
TX001320,DEV0012,EMP0227,2025-08-14 09:41:00,2025-08-30 14:44:21.469548082
TX001321,DEV0179,EMP0086,2024-02-25 07:26:00,2024-02-28 00:15:58.289243147
TX001322,DEV0163,EMP0274,2024-02-24 11:58:00,2024-03-13 17:05:52.971206191
TX001323,DEV0230,EMP0312,2026-03-09 18:54:00,2026-03-10 17:28:15.049590309
TX001324,DEV0012,EMP0356,2026-06-04 12:29:00,2026-06-22 18:20:54.436957318
TX001325,DEV0057,EMP0291,2025-11-22 18:42:00,2025-12-04 08:16:03.678658233
TX001326,DEV0122,EMP0032,2026-04-08 13:57:00,2026-04-24 07:04:30.628728210
TX001327,DEV0165,EMP0218,2024-07-23 13:33:00,2024-07-29 20:47:36.896003028
TX001328,DEV0009,EMP0316,2024-09-04 11:41:00,2024-09-04 13:41:00.000000000
TX001329,DEV0023,EMP0396,2025-10-03 09:36:00,2025-10-10 23:27:49.319720200
TX001330,DEV0131,EMP0124,2024-02-28 12:55:00,2024-03-16 06:35:56.194184977
TX001331,DEV0042,EMP0039,2026-06-19 16:02:00,2026-06-29 07:08:42.591184739
TX001332,DEV0052,EMP0150,2024-12-14 08:49:00,2024-12-16 03:44:20.005594294
TX001333,DEV0062,EMP0292,2024-04-29 18:38:00,2024-05-11 00:36:39.407719548
TX001334,DEV0193,EMP0238,2026-01-23 16:02:00,2026-01-28 17:45:58.442197074
TX001335,DEV0002,EMP0282,2026-05-24 11:32:00,2026-05-28 16:51:16.239203317
TX001336,DEV0181,EMP0139,2026-06-16 08:13:00,2026-06-18 17:07:24.130553215
TX001337,DEV0154,EMP0002,2025-11-21 07:32:00,2025-12-04 23:25:03.526485534
TX001338,DEV0026,EMP0245,2025-09-09 18:53:00,2025-09-14 00:44:13.280972248
TX001339,DEV0145,EMP0123,2025-02-06 11:06:00,2025-02-14 07:21:46.593077243
TX001340,DEV0153,EMP0302,2024-02-09 08:05:00,2024-02-13 09:41:30.541487668
TX001341,DEV0205,EMP0195,2025-05-10 16:04:00,2025-05-17 02:17:35.326930056
TX001342,DEV0227,EMP0048,2024-10-10 08:17:00,2024-10-15 18:28:01.819733687
TX001343,DEV0233,EMP0338,2024-08-11 14:47:00,2024-08-13 17:19:58.782843462
TX001344,DEV0212,EMP0274,2024-08-22 07:37:00,2024-08-31 15:37:35.961017642
TX001345,DEV0211,EMP0348,2025-04-18 10:40:00,2025-04-22 16:54:24.203497069
TX001346,DEV0114,EMP0051,2024-11-22 09:27:00,2024-11-27 04:57:11.618376480
TX001347,DEV0003,EMP0238,2024-01-10 07:22:00,2024-02-13 19:15:48.008586637
TX001348,DEV0186,EMP0282,2024-04-01 17:59:00,2024-04-03 02:48:49.534049002
TX001349,DEV0183,EMP0147,2026-03-29 07:06:00,2026-05-21 00:47:49.449958964
TX001350,DEV0154,EMP0415,2025-08-14 16:57:00,2025-09-13 11:45:31.167887898
TX001351,DEV0085,EMP0167,2024-10-11 12:20:00,2024-10-11 14:22:14.372886351
TX001352,DEV0114,EMP0010,2024-10-28 15:09:00,2024-10-29 01:00:53.920249399
TX001353,DEV0183,EMP0238,2024-07-16 12:02:00,2024-07-26 05:43:24.000379958
TX001354,DEV0253,EMP0118,2024-06-25 13:19:00,2024-06-26 12:48:12.141418638
TX001355,DEV0042,EMP0147,2026-06-29 17:06:00,2026-07-07 05:50:29.293831986
TX001356,DEV0187,EMP0287,2024-06-14 18:17:00,2024-06-21 18:48:43.549131907
TX001357,DEV0033,EMP0072,2026-06-20 09:09:00,2026-06-27 03:38:37.132275828
TX001358,DEV0194,EMP0371,2025-12-08 17:06:00,2025-12-11 02:29:39.617685064
TX001359,DEV0003,EMP0087,2025-05-01 11:37:00,2025-05-05 05:54:48.976511046
TX001360,DEV0164,EMP0138,2025-02-21 18:57:00,2025-06-01 08:21:59.763567630
TX001361,DEV0105,EMP0340,2026-03-28 12:10:00,2026-04-08 05:04:51.402439166
TX001362,DEV0252,EMP0335,2026-05-10 08:29:00,2026-05-15 05:04:27.829236574
TX001363,DEV0241,EMP0040,2025-01-21 10:57:00,2025-01-23 04:32:59.694018465
TX001364,DEV0234,EMP0182,2024-10-30 11:48:00,2024-11-07 15:54:20.998473633
TX001365,DEV0044,EMP0004,2025-11-30 14:42:00,2025-12-09 05:26:00.818504319
TX001366,DEV0248,EMP0055,2025-09-30 13:48:00,2025-10-04 07:59:10.544064504
TX001367,DEV0129,EMP0277,2025-10-11 16:06:00,2025-10-14 14:37:23.334125832
TX001368,DEV0171,EMP0316,2024-02-05 17:58:00,2024-02-13 00:57:27.681864352
TX001369,DEV0201,EMP0178,2026-07-01 18:48:00,2026-07-09 17:12:06.465683428
TX001370,DEV0245,EMP0206,2026-04-18 10:21:00,2026-04-19 10:47:26.970145332
TX001371,DEV0223,EMP0184,2024-01-11 07:26:00,2024-01-16 21:30:22.600724268
TX001372,DEV0081,EMP0008,2024-03-12 13:13:00,2024-03-16 01:10:54.380925731
TX001373,DEV0077,EMP0123,2024-01-11 08:57:00,2024-01-25 14:49:07.961494990
TX001374,DEV0026,EMP0207,2025-04-16 14:50:00,2025-04-21 15:29:49.210031894
TX001375,DEV0175,EMP0291,2024-12-18 18:02:00,2024-12-28 07:20:42.060430988
TX001376,DEV0034,EMP0282,2025-05-20 09:55:00,2025-06-01 11:01:10.776387067
TX001377,DEV0174,EMP0007,2025-04-08 16:53:00,2025-04-15 06:34:55.936999435
TX001378,DEV0087,EMP0122,2025-04-20 07:47:00,2025-04-27 23:33:19.498907279
TX001379,DEV0144,EMP0149,2024-12-31 13:32:00,2025-01-02 18:08:14.345127040
TX001380,DEV0213,EMP0371,2026-05-19 08:08:00,2026-05-25 18:32:03.871182697
TX001381,DEV0049,EMP0102,2024-08-02 15:41:00,2024-08-03 08:46:57.930626795
TX001382,DEV0172,EMP0249,2026-04-30 10:36:00,2026-05-15 03:39:31.746271160
TX001383,DEV0022,EMP0291,2025-07-18 18:20:00,2025-07-18 22:00:12.121151224
TX001384,DEV0031,EMP0260,2024-10-23 09:28:00,2024-10-30 02:21:46.648454919
TX001385,DEV0176,EMP0419,2025-09-04 07:48:00,2025-09-10 10:00:00.983504291
TX001386,DEV0125,EMP0269,2025-11-14 08:34:00,2025-11-23 02:37:51.653868148
TX001387,DEV0092,EMP0319,2024-01-10 12:25:00,2024-01-17 01:51:36.010634478
TX001388,DEV0144,EMP0016,2025-11-06 13:00:00,2025-11-25 21:46:22.114398572
TX001389,DEV0185,EMP0259,2025-10-07 16:42:00,2025-10-21 08:42:04.196828831
TX001390,DEV0019,EMP0184,2024-03-02 08:21:00,2024-03-04 17:27:40.704319446
TX001391,DEV0071,EMP0372,2026-01-31 15:14:00,2026-02-03 07:30:02.042505915
TX001392,DEV0103,EMP0419,2024-10-18 11:00:00,2024-11-04 22:27:14.068506902
TX001393,DEV0203,EMP0412,2024-02-16 17:23:00,2024-02-25 16:18:47.835415630
TX001394,DEV0254,EMP0313,2026-06-05 17:18:00,2026-06-09 03:15:01.955319664
TX001395,DEV0105,EMP0191,2025-01-01 16:54:00,2025-01-24 19:52:52.827146026
TX001396,DEV0062,EMP0352,2024-10-20 16:25:00,2024-10-29 03:31:49.860630304
TX001397,DEV0057,EMP0302,2025-11-09 09:51:00,2025-11-11 00:33:07.008604786
TX001398,DEV0033,EMP0065,2025-12-25 08:28:00,2026-01-03 23:27:36.303024701
TX001399,DEV0219,EMP0330,2025-03-02 15:57:00,2025-03-03 23:15:23.388375547
TX001400,DEV0232,EMP0120,2025-05-01 13:07:00,2025-05-14 20:31:31.324050979
TX001401,DEV0091,EMP0344,2024-02-29 12:39:00,2024-03-09 03:07:27.237160177
TX001402,DEV0063,EMP0087,2025-07-12 11:36:00,2025-07-23 09:05:39.041342884
TX001403,DEV0132,EMP0180,2024-04-29 09:42:00,2024-05-06 19:10:59.326429413
TX001404,DEV0148,EMP0226,2026-08-31 09:42:00,2026-09-07 04:21:41.381502032
TX001405,DEV0252,EMP0075,2025-02-10 17:48:00,2025-02-18 02:38:45.596660701
TX001406,DEV0055,EMP0220,2024-01-03 15:14:00,2024-01-08 01:09:08.448731837
TX001407,DEV0101,EMP0025,2026-04-03 15:33:00,2026-04-10 17:30:59.232874916
TX001408,DEV0155,EMP0281,2026-06-24 07:18:00,2026-06-28 06:35:58.959310119
TX001409,DEV0003,EMP0416,2026-07-16 07:23:00,2026-07-18 03:32:54.528037854
TX001410,DEV0092,EMP0129,2026-03-17 12:15:00,2026-03-21 02:16:08.143272334
TX001411,DEV0122,EMP0229,2025-10-24 16:29:00,2025-11-02 17:46:24.238366748
TX001412,DEV0213,EMP0224,2025-06-10 17:11:00,2025-06-22 10:14:03.134321316
TX001413,DEV0204,EMP0153,2025-02-27 07:29:00,2025-05-27 02:02:40.778314444
TX001414,DEV0063,EMP0124,2025-12-08 17:46:00,2025-12-11 10:41:26.114147703
TX001415,DEV0003,EMP0193,2025-10-26 12:36:00,2025-11-03 06:00:16.728230652
TX001416,DEV0081,EMP0046,2025-09-10 17:36:00,2025-09-18 09:15:30.959438470
TX001417,DEV0242,EMP0252,2025-07-15 12:34:00,2025-07-23 08:42:15.651414922
TX001418,DEV0102,EMP0256,2026-05-26 15:48:00,2026-05-29 15:52:10.128311507
TX001419,DEV0152,EMP0007,2024-07-23 08:12:00,2024-07-27 18:14:23.076814575
TX001420,DEV0069,EMP0317,2025-05-08 16:01:00,2025-05-11 00:56:22.897749683
TX001421,DEV0251,EMP0419,2025-04-04 15:05:00,2025-04-10 06:55:05.347124784
TX001422,DEV0048,EMP0022,2025-02-16 13:15:00,2025-02-21 17:59:19.311916794
TX001423,DEV0203,EMP0177,2025-02-18 17:36:00,2025-02-25 00:02:59.149349561
TX001424,DEV0127,EMP0319,2024-10-16 13:59:00,2024-10-22 16:41:09.200041063
TX001425,DEV0098,EMP0001,2026-08-21 10:37:00,2026-08-26 12:51:10.618634241
TX001426,DEV0022,EMP0096,2024-02-15 18:16:00,2024-03-05 23:57:50.347978711
TX001427,DEV0051,EMP0045,2024-12-28 13:46:00,2025-01-06 07:04:31.381880383
TX001428,DEV0162,EMP0392,2026-08-05 15:39:00,2026-08-13 04:29:56.935382895
TX001429,DEV0223,EMP0041,2025-01-08 18:11:00,2025-01-17 22:19:56.528842412
TX001430,DEV0148,EMP0006,2026-01-17 15:50:00,2026-01-20 07:35:49.771467043
TX001431,DEV0112,EMP0314,2024-07-10 17:53:00,2024-07-25 18:57:03.761248007
TX001432,DEV0166,EMP0341,2024-09-11 17:38:00,2024-09-15 17:42:33.075578619
TX001433,DEV0164,EMP0411,2024-09-03 15:27:00,2024-09-19 19:14:49.406906817
TX001434,DEV0224,EMP0136,2024-12-01 09:41:00,2024-12-14 15:39:31.086920428
TX001435,DEV0013,EMP0383,2024-06-15 16:36:00,2024-06-25 17:38:04.940198807
TX001436,DEV0022,EMP0150,2024-01-17 13:46:00,2024-01-26 18:59:44.338499515
TX001437,DEV0104,EMP0205,2026-06-14 12:10:00,2026-07-06 01:47:30.078620096
TX001438,DEV0246,EMP0121,2026-06-01 14:44:00,2026-06-05 01:22:42.135576393
TX001439,DEV0112,EMP0305,2026-07-26 17:39:00,2026-08-11 14:16:35.919644849
TX001440,DEV0015,EMP0347,2024-12-01 11:43:00,2024-12-16 11:59:33.769931920
TX001441,DEV0201,EMP0030,2025-05-20 11:57:00,2025-05-25 08:55:29.796181965
TX001442,DEV0201,EMP0285,2024-08-24 16:50:00,2024-08-26 12:44:49.193425970
TX001443,DEV0137,EMP0285,2026-06-19 09:12:00,2026-06-20 10:51:22.475913217
TX001444,DEV0238,EMP0086,2025-01-18 13:04:00,2025-01-19 13:25:59.896968424
TX001445,DEV0133,EMP0096,2026-02-27 15:11:00,2026-03-06 02:50:38.258044616
TX001446,DEV0214,EMP0394,2024-11-12 10:56:00,2024-12-06 08:26:02.324187528
TX001447,DEV0103,EMP0276,2026-03-07 13:40:00,2026-03-13 00:03:23.286267986
TX001448,DEV0022,EMP0095,2026-01-26 17:24:00,2026-02-01 23:23:22.099361075
TX001449,DEV0176,EMP0060,2025-08-15 08:58:00,2025-08-18 23:36:43.175227261
TX001450,DEV0211,EMP0197,2025-08-23 18:25:00,2025-08-27 02:59:12.829025328
TX001451,DEV0122,EMP0032,2024-03-09 10:53:00,2024-03-22 23:02:40.062266059
TX001452,DEV0242,EMP0330,2026-07-13 18:46:00,2026-07-15 22:12:22.909245797
TX001453,DEV0035,EMP0215,2025-07-22 07:22:00,2025-08-04 17:44:27.614925778
TX001454,DEV0202,EMP0383,2025-04-18 15:26:00,2025-04-26 19:55:36.277017599
TX001455,DEV0176,EMP0292,2024-08-18 15:03:00,2024-09-01 19:41:48.167054889
TX001456,DEV0076,EMP0331,2026-08-22 09:38:00,2026-08-27 02:42:54.251170767
TX001457,DEV0232,EMP0355,2025-06-17 17:18:00,2025-06-27 13:30:52.112004126
TX001458,DEV0253,EMP0234,2025-09-12 09:19:00,2025-09-13 18:56:20.914987855
TX001459,DEV0061,EMP0216,2025-12-06 10:26:00,2025-12-22 09:49:31.188894815
TX001460,DEV0070,EMP0364,2025-11-10 08:45:00,2025-11-12 16:41:12.508839159
TX001461,DEV0182,EMP0233,2026-08-24 09:46:00,2026-08-24 19:43:45.773476097
TX001462,DEV0006,EMP0049,2024-06-24 14:06:00,2024-06-26 02:15:51.965942326
TX001463,DEV0195,EMP0189,2026-07-13 09:34:00,2026-08-02 20:57:30.503654341
TX001464,DEV0111,EMP0283,2025-04-30 12:49:00,2025-05-03 20:15:02.558804946
TX001465,DEV0136,EMP0086,2026-03-17 15:52:00,2026-03-19 18:14:09.226585287
TX001466,DEV0028,EMP0210,2025-04-02 07:36:00,2025-04-04 18:43:56.396240468
TX001467,DEV0104,EMP0118,2024-05-18 11:40:00,2024-06-06 11:57:43.144855529
TX001468,DEV0142,EMP0249,2025-09-20 12:40:00,2025-10-04 03:20:01.788080816
TX001469,DEV0044,EMP0144,2025-08-21 15:17:00,2025-10-14 11:29:21.246431391
TX001470,DEV0043,EMP0176,2024-09-29 15:02:00,2024-10-04 17:50:49.317508746
TX001471,DEV0185,EMP0032,2025-08-18 10:46:00,2025-08-30 23:46:31.036163129
TX001472,DEV0183,EMP0404,2026-08-17 13:15:00,2026-08-31 21:09:14.615542363
TX001473,DEV0186,EMP0280,2025-01-03 14:56:00,2025-01-07 05:14:35.479563976
TX001474,DEV0201,EMP0415,2025-05-18 08:29:00,2025-05-19 07:49:41.802827169
TX001475,DEV0081,EMP0102,2024-09-15 18:40:00,2024-09-26 22:18:22.343591962
TX001476,DEV0217,EMP0303,2025-04-17 15:55:00,2025-04-23 15:18:48.465305088
TX001477,DEV0054,EMP0385,2026-03-12 07:38:00,2026-03-24 19:24:46.685210465
TX001478,DEV0207,EMP0066,2026-02-14 09:02:00,2026-02-15 23:05:23.064276155
TX001479,DEV0038,EMP0032,2024-11-22 16:53:00,2024-11-23 17:21:11.315190032
TX001480,DEV0121,EMP0329,2025-08-28 14:15:00,2025-09-14 16:49:37.324702507
TX001481,DEV0006,EMP0352,2024-06-19 07:56:00,2024-06-20 13:24:38.925729891
TX001482,DEV0037,EMP0156,2025-06-28 16:10:00,2025-07-05 16:04:04.672955063
TX001483,DEV0025,EMP0338,2024-08-31 07:35:00,2024-09-15 03:53:33.402435107
TX001484,DEV0074,EMP0145,2024-10-12 13:13:00,2024-10-18 20:19:52.081168644
TX001485,DEV0077,EMP0017,2025-11-15 14:06:00,2025-11-22 23:23:22.746237615
TX001486,DEV0068,EMP0297,2024-12-11 18:57:00,2024-12-15 19:50:59.080614586
TX001487,DEV0072,EMP0084,2025-09-24 14:41:00,2025-09-29 04:38:53.178814600
TX001488,DEV0196,EMP0194,2024-02-11 08:18:00,2024-02-18 12:51:22.413365230
TX001489,DEV0090,EMP0046,2025-11-23 17:07:00,2025-11-24 06:26:15.653180382
TX001490,DEV0063,EMP0325,2026-02-23 07:12:00,2026-03-05 09:48:27.112623933
TX001491,DEV0206,EMP0187,2025-05-08 09:27:00,2025-05-14 19:40:31.889949128
TX001492,DEV0232,EMP0093,2024-09-22 09:37:00,2024-10-04 14:26:12.921013230
TX001493,DEV0101,EMP0196,2026-01-12 17:18:00,2026-01-13 20:13:27.685226096
TX001494,DEV0007,EMP0040,2024-02-20 09:41:00,2024-02-22 05:51:27.162116803
TX001495,DEV0212,EMP0212,2024-09-11 14:59:00,2024-09-24 08:57:30.600810864
TX001496,DEV0085,EMP0051,2026-01-29 18:06:00,2026-02-19 08:12:20.752983511
TX001497,DEV0134,EMP0319,2026-04-07 08:22:00,2026-04-12 15:10:10.099745950
TX001498,DEV0224,EMP0035,2025-03-27 09:41:00,2025-04-19 14:26:21.856031581
TX001499,DEV0004,EMP0398,2024-04-11 18:09:00,2024-04-17 15:38:06.048097269
TX001500,DEV0063,EMP0093,2024-03-05 15:40:00,2024-03-11 01:24:19.574550274
TX001501,DEV0183,EMP0170,2025-08-03 10:39:00,2025-08-11 19:06:13.109265573
TX001502,DEV0111,EMP0253,2025-08-24 16:48:00,2025-08-31 11:39:31.473162132
TX001503,DEV0185,EMP0197,2024-12-25 16:17:00,2025-01-01 11:08:43.223948760
TX001504,DEV0232,EMP0343,2024-12-16 08:15:00,2024-12-25 13:03:16.233141954
TX001505,DEV0101,EMP0378,2024-04-30 18:47:00,2024-05-23 20:46:55.300460969
TX001506,DEV0171,EMP0112,2026-06-24 18:28:00,2026-06-29 07:45:38.191461485
TX001507,DEV0250,EMP0258,2026-03-08 12:27:00,2026-03-12 06:18:37.349310553
TX001508,DEV0093,EMP0219,2026-01-07 07:55:00,2026-01-28 17:26:14.070962058
TX001509,DEV0126,EMP0153,2026-08-19 11:13:00,2026-08-22 03:07:10.302846264
TX001510,DEV0139,EMP0293,2024-05-08 13:30:00,2024-05-10 04:18:56.817439546
TX001511,DEV0142,EMP0107,2026-05-13 16:54:00,2026-05-23 00:43:41.152513406
TX001512,DEV0115,EMP0396,2024-08-02 12:31:00,2024-08-06 18:04:48.762480223
TX001513,DEV0039,EMP0303,2024-05-15 11:42:00,2024-05-16 09:01:17.239707797
TX001514,DEV0066,EMP0168,2026-05-22 13:36:00,2026-06-04 15:19:52.547003529
TX001515,DEV0221,EMP0017,2026-03-17 13:20:00,2026-03-23 02:58:53.966448296
TX001516,DEV0207,EMP0242,2024-02-09 15:52:00,2024-02-11 04:48:58.285261466
TX001517,DEV0210,EMP0247,2025-09-22 16:20:00,2025-09-24 00:03:50.787383314
TX001518,DEV0173,EMP0329,2024-10-08 15:58:00,2024-10-11 12:23:57.601508768
TX001519,DEV0034,EMP0357,2025-10-30 13:25:00,2025-11-14 11:51:00.850631470
TX001520,DEV0062,EMP0275,2025-11-28 13:01:00,2025-12-09 02:31:22.296213147
TX001521,DEV0097,EMP0180,2024-09-13 14:59:00,2024-09-16 09:36:16.845597311
TX001522,DEV0133,EMP0184,2025-03-19 08:33:00,2025-04-05 11:31:53.230402086
TX001523,DEV0192,EMP0031,2024-10-04 17:36:00,2024-10-09 20:15:39.689801632
TX001524,DEV0094,EMP0297,2024-09-03 15:08:00,2024-10-06 02:30:12.445664834
TX001525,DEV0082,EMP0386,2025-12-20 08:12:00,2025-12-27 03:31:33.053404650
TX001526,DEV0106,EMP0112,2025-07-15 08:13:00,2025-07-18 17:29:04.449513891
TX001527,DEV0233,EMP0375,2025-02-24 10:25:00,2025-03-02 09:12:35.551839086
TX001528,DEV0225,EMP0175,2024-11-14 14:57:00,2024-12-05 05:58:21.105221853
TX001529,DEV0059,EMP0286,2026-01-03 09:39:00,2026-01-07 01:13:57.345329880
TX001530,DEV0081,EMP0371,2026-08-30 09:43:00,2026-09-03 21:29:21.419156714
TX001531,DEV0143,EMP0370,2024-08-19 18:40:00,2024-08-24 03:36:24.666986398
TX001532,DEV0173,EMP0222,2024-06-01 18:25:00,2024-06-19 10:16:26.583644631
TX001533,DEV0159,EMP0382,2026-04-24 09:10:00,2026-04-27 07:05:57.933284418
TX001534,DEV0093,EMP0040,2025-01-10 15:31:00,2025-01-12 14:25:02.549341809
TX001535,DEV0129,EMP0178,2024-06-10 18:21:00,2024-06-14 00:13:10.145531599
TX001536,DEV0142,EMP0135,2025-10-20 17:04:00,2025-10-23 03:08:13.845634753
TX001537,DEV0056,EMP0077,2024-03-23 18:47:00,2024-03-24 23:39:39.571524630
TX001538,DEV0252,EMP0148,2026-01-30 09:55:00,2026-02-18 00:44:25.119651010
TX001539,DEV0043,EMP0324,2024-11-14 08:17:00,2024-11-14 05:17:00.000000000
TX001540,DEV0176,EMP0216,2024-04-30 15:02:00,2024-05-11 01:51:09.304310339
TX001541,DEV0037,EMP0144,2024-08-12 15:45:00,2024-08-21 10:40:27.955885996
TX001542,DEV0226,EMP0223,2024-06-29 10:15:00,2024-07-07 04:00:58.843557224
TX001543,DEV0242,EMP0234,2026-03-17 17:35:00,2026-03-24 18:47:14.034347545
TX001544,DEV0203,EMP0280,2024-03-10 11:42:00,2024-03-20 12:54:21.402082248
TX001545,DEV0132,EMP0335,2025-02-18 16:42:00,2025-03-03 16:36:53.725986109
TX001546,DEV0003,EMP0204,2025-08-26 09:51:00,2025-09-05 21:37:51.490888873
TX001547,DEV0131,EMP0225,2024-08-02 13:21:00,2024-08-11 12:12:06.110168207
TX001548,DEV0153,EMP0128,2025-09-22 08:36:00,2025-09-27 11:44:44.697881292
TX001549,DEV0024,EMP0373,2025-12-17 09:07:00,2025-12-25 16:20:32.981028150
TX001550,DEV0042,EMP0002,2025-05-10 18:38:00,2025-05-11 14:36:20.389757424
TX001551,DEV0201,EMP0306,2024-10-31 11:04:00,2024-11-04 08:02:19.055040250
TX001552,DEV0096,EMP0196,2025-05-24 16:46:00,2025-05-25 19:57:18.373617758
TX001553,DEV0063,EMP0044,2024-10-12 17:43:00,2024-10-16 13:16:23.312197102
TX001554,DEV0257,EMP0234,2024-02-23 18:49:00,2024-03-06 22:15:41.738462031
TX001555,DEV0195,EMP0307,2025-12-21 14:08:00,2026-01-06 05:13:21.790296360
TX001556,DEV0166,EMP0384,2026-03-11 08:27:00,2026-03-24 17:05:55.825715512
TX001557,DEV0136,EMP0242,2025-03-26 08:46:00,2025-04-08 04:22:28.136058325
TX001558,DEV0012,EMP0326,2024-08-11 17:21:00,2024-09-04 09:34:53.882259321
TX001559,DEV0227,EMP0197,2025-06-13 07:17:00,2025-06-20 00:50:12.805780033
TX001560,DEV0176,EMP0095,2024-02-18 11:11:00,2024-02-23 17:29:21.130716361
TX001561,DEV0052,EMP0146,2024-03-01 17:21:00,2024-03-07 13:49:00.314071596
TX001562,DEV0080,EMP0318,2024-03-30 10:36:00,2024-03-31 20:37:26.480838279
TX001563,DEV0073,EMP0148,2026-07-25 16:55:00,2026-07-29 23:17:33.379399827
TX001564,DEV0093,EMP0358,2024-06-08 14:33:00,2024-06-25 17:51:33.682025895
TX001565,DEV0165,EMP0100,2025-05-02 12:59:00,2025-05-15 03:49:14.883501452
TX001566,DEV0151,EMP0205,2024-09-09 18:52:00,2024-09-17 15:20:24.395794642
TX001567,DEV0152,EMP0400,2025-06-30 12:10:00,2025-07-14 19:50:05.260782085
TX001568,DEV0003,EMP0079,2025-11-05 16:14:00,2025-11-14 19:38:35.661476311
TX001569,DEV0223,EMP0277,2024-05-25 09:20:00,2024-06-03 09:22:51.444065047
TX001570,DEV0251,EMP0388,2025-08-14 18:57:00,2025-08-19 15:08:10.821894293
TX001571,DEV0009,EMP0050,2024-08-26 13:28:00,2024-08-29 10:22:59.210580868
TX001572,DEV0045,EMP0020,2024-11-13 10:11:00,2024-11-16 14:28:18.252304437
TX001573,DEV0013,EMP0239,2025-02-18 10:58:00,2025-02-23 00:43:29.361287947
TX001574,DEV0037,EMP0018,2025-03-26 15:09:00,2025-03-31 14:04:35.985303699
TX001575,DEV0026,EMP0367,2026-03-14 18:27:00,2026-03-18 11:21:57.038487445
TX001576,DEV0241,EMP0206,2024-06-16 09:48:00,2024-06-22 11:14:49.318225773
TX001577,DEV0112,EMP0343,2024-05-05 10:57:00,2024-05-08 14:27:48.701926729
TX001578,DEV0077,EMP0057,2025-08-04 07:17:00,2025-08-09 07:20:12.073524888
TX001579,DEV0137,EMP0137,2024-11-20 16:15:00,2024-11-26 05:49:02.962918862
TX001580,DEV0074,EMP0321,2024-11-24 11:27:00,2024-11-26 16:08:20.962408271
TX001581,DEV0175,EMP0383,2026-03-27 10:42:00,2026-04-04 09:54:11.359273684
TX001582,DEV0148,EMP0319,2024-06-09 10:10:00,2024-06-16 20:31:23.132691024
TX001583,DEV0095,EMP0134,2025-05-14 07:11:00,2025-05-21 02:52:37.459594378
TX001584,DEV0143,EMP0042,2026-07-11 09:44:00,2026-07-18 10:00:41.209308640
TX001585,DEV0243,EMP0415,2025-12-03 18:06:00,2025-12-09 18:42:25.084982086
TX001586,DEV0181,EMP0123,2026-03-24 18:09:00,2026-03-26 14:29:50.260920645
TX001587,DEV0008,EMP0206,2025-12-03 08:50:00,2025-12-06 13:20:31.480928611
TX001588,DEV0062,EMP0124,2026-01-05 17:50:00,2026-01-22 18:31:08.109615495
TX001589,DEV0012,EMP0173,2024-09-30 12:01:00,2024-10-05 20:24:02.424273658
TX001590,DEV0141,EMP0144,2026-03-26 14:57:00,2026-03-26 16:57:00.000000000
TX001591,DEV0004,EMP0347,2024-08-05 13:03:00,2024-08-11 19:10:26.810329646
TX001592,DEV0111,EMP0367,2025-09-27 14:17:00,2025-10-02 06:45:56.063468233
TX001593,DEV0195,EMP0133,2025-01-23 15:20:00,2025-02-09 18:08:32.895861025
TX001594,DEV0005,EMP0318,2024-05-28 18:51:00,2024-06-05 15:02:48.677328843
TX001595,DEV0162,EMP0161,2024-04-30 18:41:00,2024-05-04 08:24:38.519789800
TX001596,DEV0225,EMP0200,2024-08-15 07:44:00,2024-08-27 22:36:50.928892821
TX001597,DEV0043,EMP0169,2025-11-07 17:21:00,2025-11-14 22:44:23.481458221
TX001598,DEV0102,EMP0323,2025-05-20 15:31:00,2025-05-23 09:06:27.506298094
TX001599,DEV0077,EMP0127,2025-04-19 12:00:00,2025-04-22 18:50:56.401207529
TX001600,DEV0152,EMP0072,2024-04-29 18:15:00,2024-05-03 01:31:41.226671123
TX001601,DEV0060,EMP0234,2025-07-08 08:24:00,2025-07-22 06:53:18.259642711
TX001602,DEV0204,EMP0353,2024-03-14 09:43:00,2024-03-26 06:10:46.556308640
TX001603,DEV0012,EMP0088,2024-02-27 16:43:00,2024-02-29 00:27:51.379403477
TX001604,DEV0042,EMP0273,2026-02-08 14:48:00,2026-02-12 08:40:37.597758265
TX001605,DEV0221,EMP0269,2024-12-19 16:41:00,2024-12-28 05:18:52.857443608
TX001606,DEV0170,EMP0162,2024-05-10 07:51:00,2024-05-11 12:51:56.606120799
TX001607,DEV0112,EMP0297,2024-07-17 10:57:00,2024-08-08 13:18:19.151432685
TX001608,DEV0141,EMP0049,2025-03-05 12:11:00,2025-03-10 23:49:36.491512490
TX001609,DEV0191,EMP0068,2025-03-06 15:35:00,2025-03-15 13:58:26.875396902
TX001610,DEV0233,EMP0220,2026-02-24 16:04:00,2026-02-27 02:35:13.739336389
TX001611,DEV0143,EMP0111,2025-04-26 18:45:00,2025-04-28 15:37:39.217011328
TX001612,DEV0252,EMP0256,2026-01-26 13:13:00,2026-01-27 13:43:27.896280788
TX001613,DEV0061,EMP0135,2026-05-27 16:40:00,2026-06-01 18:22:00.674913034
TX001614,DEV0123,EMP0315,2025-11-26 16:05:00,2025-12-09 01:40:20.059306618
TX001615,DEV0257,EMP0268,2024-07-04 16:06:00,2024-07-08 04:47:47.895576529
TX001616,DEV0001,EMP0277,2024-03-18 10:31:00,2024-03-27 04:59:18.382855763
TX001617,DEV0036,EMP0381,2024-11-24 10:08:00,2024-11-27 17:29:19.751117901
TX001618,DEV0090,EMP0276,2025-04-27 18:40:00,2025-04-30 01:49:52.976393544
TX001619,DEV0253,EMP0066,2024-11-07 11:40:00,2024-11-09 23:49:29.149827473
TX001620,DEV0035,EMP0014,2025-04-19 15:30:00,2025-04-26 05:52:47.437282690
TX001621,DEV0252,EMP0159,2025-12-09 13:04:00,2025-12-14 12:27:02.782216349
TX001622,DEV0045,EMP0155,2025-07-21 11:20:00,2025-07-26 04:42:20.463054889
TX001623,DEV0135,EMP0399,2025-07-02 09:33:00,2025-07-24 11:24:10.352095265
TX001624,DEV0171,EMP0279,2024-05-21 11:59:00,2024-05-25 11:49:02.090501274
TX001625,DEV0101,EMP0071,2025-12-03 16:39:00,2025-12-06 14:50:06.200654443
TX001626,DEV0173,EMP0201,2025-03-06 08:38:00,2025-03-27 05:50:25.550597981
TX001627,DEV0075,EMP0070,2026-07-09 10:30:00,2026-07-11 05:58:33.234731093
TX001628,DEV0224,EMP0363,2026-07-26 08:50:00,2026-07-27 13:30:19.138653882
TX001629,DEV0153,EMP0174,2025-10-01 15:12:00,2025-10-19 17:26:17.651950458
TX001630,DEV0080,EMP0220,2026-04-03 18:43:00,2026-04-04 16:27:50.762973001
TX001631,DEV0101,EMP0267,2026-01-31 16:12:00,2026-02-07 02:48:39.208180756
TX001632,DEV0134,EMP0252,2024-03-18 11:27:00,2024-04-01 14:18:11.868653440
TX001633,DEV0023,EMP0262,2024-12-08 15:50:00,2024-12-19 16:19:45.530054352
TX001634,DEV0151,EMP0223,2026-08-15 07:05:00,2026-08-18 15:27:13.495293367
TX001635,DEV0012,EMP0317,2024-02-20 15:27:00,2024-03-01 18:33:06.683070565
TX001636,DEV0222,EMP0345,2025-01-02 10:57:00,2025-01-03 12:05:18.618758356
TX001637,DEV0213,EMP0048,2026-02-26 17:21:00,2026-03-01 04:06:23.683177780
TX001638,DEV0257,EMP0169,2024-10-09 17:24:00,2024-10-15 18:15:39.269799123
TX001639,DEV0081,EMP0262,2026-01-09 07:51:00,2026-01-21 21:25:07.519742304
TX001640,DEV0173,EMP0321,2025-10-15 11:57:00,2025-10-17 22:10:56.584886418
TX001641,DEV0111,EMP0388,2025-04-06 12:04:00,2025-04-14 02:24:40.838474660
TX001642,DEV0152,EMP0005,2026-01-04 15:00:00,2026-01-23 08:22:26.458438786
TX001643,DEV0088,EMP0369,2025-09-24 12:13:00,2025-09-27 19:33:10.732110487
TX001644,DEV0093,EMP0011,2026-07-12 16:02:00,2026-07-21 01:18:07.914188198
TX001645,DEV0164,EMP0148,2024-01-08 07:37:00,2024-01-12 21:48:05.673035211
TX001646,DEV0184,EMP0418,2025-09-01 18:39:00,2025-09-19 05:19:01.349723089
TX001647,DEV0125,EMP0048,2024-11-27 15:09:00,2024-12-04 07:35:37.198656293
TX001648,DEV0182,EMP0388,2025-12-21 13:40:00,2025-12-24 14:36:23.114117892
TX001649,DEV0051,EMP0331,2026-03-31 13:57:00,2026-04-21 19:26:55.706597701
TX001650,DEV0125,EMP0394,2025-12-06 10:38:00,2025-12-21 05:38:07.282240057
TX001651,DEV0203,EMP0021,2024-11-12 09:47:00,2024-11-17 14:00:58.112708461
TX001652,DEV0122,EMP0281,2024-06-25 18:14:00,2024-06-30 12:49:37.228781730
TX001653,DEV0151,EMP0038,2025-03-05 12:16:00,2025-03-07 18:03:38.361272288
TX001654,DEV0163,EMP0325,2024-01-16 14:54:00,2024-01-28 00:34:10.984704321
TX001655,DEV0116,EMP0220,2025-04-14 16:46:00,2025-04-19 13:22:49.590089508
TX001656,DEV0032,EMP0138,2024-09-01 09:22:00,2024-09-10 14:06:40.866608339
TX001657,DEV0056,EMP0170,2025-06-15 11:37:00,2025-06-17 13:55:58.213669534
TX001658,DEV0216,EMP0378,2026-02-23 15:21:00,2026-03-04 03:05:44.014014471
TX001659,DEV0043,EMP0363,2024-07-30 18:02:00,2024-08-10 22:42:35.714947908
TX001660,DEV0096,EMP0375,2026-02-10 09:02:00,2026-02-12 20:15:46.126123863
TX001661,DEV0214,EMP0183,2025-07-30 13:56:00,2025-08-02 12:49:34.160118889
TX001662,DEV0026,EMP0087,2026-02-14 08:00:00,2026-02-23 02:47:22.922046583
TX001663,DEV0206,EMP0412,2024-02-02 15:09:00,2024-02-03 12:29:36.605340123
TX001664,DEV0246,EMP0215,2024-04-08 15:25:00,2024-04-10 06:22:51.591931101
TX001665,DEV0184,EMP0093,2025-08-24 17:48:00,2025-09-01 05:27:13.417092538
TX001666,DEV0221,EMP0144,2026-06-15 09:16:00,2026-06-16 08:23:37.465498073
TX001667,DEV0173,EMP0352,2026-08-15 13:26:00,2026-08-25 01:32:50.880423940
TX001668,DEV0091,EMP0335,2025-01-17 12:44:00,2025-01-27 06:19:15.026110357
TX001669,DEV0153,EMP0248,2024-05-16 12:38:00,2024-05-24 06:59:27.109453249
TX001670,DEV0260,EMP0205,2024-12-15 16:43:00,2024-12-16 10:31:28.115503827
TX001671,DEV0063,EMP0127,2024-06-29 11:37:00,2024-07-04 16:53:25.646324688
TX001672,DEV0113,EMP0318,2026-04-12 17:26:00,2026-04-18 03:51:08.384439483
TX001673,DEV0032,EMP0083,2026-01-16 12:12:00,2026-01-29 06:36:38.145531844
TX001674,DEV0063,EMP0208,2024-09-03 11:06:00,2024-09-07 13:17:49.805112700
TX001675,DEV0085,EMP0341,2026-01-24 15:13:00,2026-02-09 12:15:20.355862852
TX001676,DEV0062,EMP0076,2024-03-13 18:28:00,2024-03-20 10:00:40.350960110
TX001677,DEV0061,EMP0251,2025-03-15 07:11:00,2025-03-26 04:13:07.007569880
TX001678,DEV0048,EMP0265,2026-07-02 17:40:00,2026-07-04 14:10:26.137322541
TX001679,DEV0093,EMP0071,2024-05-20 11:48:00,2024-05-24 17:42:53.903659482
TX001680,DEV0161,EMP0387,2025-05-19 14:21:00,2025-05-24 09:13:18.712146222
TX001681,DEV0065,EMP0221,2024-08-17 11:54:00,2024-08-26 19:30:11.063470149
TX001682,DEV0013,EMP0316,2026-05-20 13:03:00,2026-05-26 19:09:08.882040986
TX001683,DEV0236,EMP0218,2025-07-23 18:13:00,2025-07-28 18:45:33.863901111
TX001684,DEV0004,EMP0280,2025-10-01 13:36:00,2025-10-14 00:06:17.646318268
TX001685,DEV0132,EMP0249,2024-07-08 11:37:00,2024-07-15 21:23:39.018533483
TX001686,DEV0224,EMP0199,2025-05-07 10:31:00,2025-05-10 17:43:47.406013252
TX001687,DEV0208,EMP0233,2026-06-17 10:03:00,2026-06-18 10:49:54.742005084
TX001688,DEV0099,EMP0257,2025-06-09 13:42:00,2025-06-11 21:35:12.286569341
TX001689,DEV0113,EMP0394,2026-06-17 16:33:00,2026-06-20 00:55:27.303729704
TX001690,DEV0132,EMP0024,2024-04-23 07:44:00,2024-04-24 14:08:31.083140737
TX001691,DEV0112,EMP0237,2024-06-12 15:57:00,2024-06-30 02:17:57.868283704
TX001692,DEV0041,EMP0215,2024-12-21 17:02:00,2024-12-26 04:21:10.336513403
TX001693,DEV0256,EMP0077,2024-05-02 13:23:00,2024-05-08 07:00:10.800194850
TX001694,DEV0175,EMP0361,2026-05-13 09:46:00,2026-05-23 11:30:23.688475424
TX001695,DEV0160,EMP0051,2025-05-02 16:14:00,2025-05-03 16:31:34.702054436
TX001696,DEV0101,EMP0262,2025-01-12 14:06:00,2025-01-30 16:04:34.140816979
TX001697,DEV0111,EMP0374,2025-02-09 11:36:00,2025-02-25 18:27:43.233480026
TX001698,DEV0025,EMP0120,2024-10-23 07:01:00,2024-11-10 07:52:57.913469936
TX001699,DEV0042,EMP0403,2025-09-07 18:18:00,2025-09-13 21:09:31.990486845
TX001700,DEV0088,EMP0259,2025-01-16 13:42:00,2025-01-20 22:49:50.533742240
TX001701,DEV0212,EMP0416,2024-10-18 08:39:00,2024-10-20 18:49:16.089641597
TX001702,DEV0044,EMP0205,2024-11-14 08:48:00,2024-11-18 21:16:55.213327373
TX001703,DEV0193,EMP0005,2026-03-15 15:45:00,2026-03-22 23:12:53.634807102
TX001704,DEV0039,EMP0398,2025-01-13 13:03:00,2025-01-17 09:50:21.302663667
TX001705,DEV0141,EMP0230,2024-02-05 12:53:00,2024-02-14 21:12:20.560837714
TX001706,DEV0025,EMP0125,2026-04-03 07:42:00,2026-04-11 00:44:48.329547943
TX001707,DEV0185,EMP0097,2024-03-09 12:04:00,2024-03-21 08:36:18.112827243
TX001708,DEV0218,EMP0025,2024-10-08 10:33:00,2024-10-13 18:07:42.582568602
TX001709,DEV0231,EMP0328,2024-11-19 13:22:00,2024-12-03 16:50:07.018883169
TX001710,DEV0163,EMP0236,2025-08-30 18:23:00,2025-09-05 22:40:11.137954775
TX001711,DEV0031,EMP0205,2025-09-29 10:08:00,2025-09-30 18:48:17.134379971
TX001712,DEV0036,EMP0235,2024-05-22 15:15:00,2024-05-25 14:40:07.289322219
TX001713,DEV0194,EMP0145,2025-09-03 12:54:00,2025-09-15 18:11:06.750695760
TX001714,DEV0083,EMP0204,2024-11-19 11:08:00,2024-11-24 18:57:41.181667302
TX001715,DEV0223,EMP0171,2025-04-29 08:04:00,2025-05-03 14:12:01.881655872
TX001716,DEV0180,EMP0164,2025-12-03 11:30:00,2025-12-07 07:32:37.974653485
TX001717,DEV0056,EMP0200,2024-01-13 15:30:00,2024-01-17 18:36:52.544816311
TX001718,DEV0241,EMP0254,2024-06-16 15:04:00,2024-06-26 10:42:28.016530893
TX001719,DEV0063,EMP0396,2026-08-02 08:45:00,2026-08-06 21:58:36.748140106
TX001720,DEV0213,EMP0116,2026-04-17 11:33:00,2026-04-22 11:58:16.133829137
TX001721,DEV0107,EMP0221,2024-03-24 17:07:00,2024-03-29 09:57:40.520415695
TX001722,DEV0233,EMP0322,2025-11-16 17:00:00,2025-11-19 23:37:03.447685076
TX001723,DEV0122,EMP0264,2025-03-22 11:12:00,2025-04-09 11:12:58.211994642
TX001724,DEV0043,EMP0137,2024-02-15 07:08:00,2024-02-17 06:26:14.975698775
TX001725,DEV0034,EMP0149,2025-12-17 11:26:00,2025-12-24 13:52:32.830600416
TX001726,DEV0171,EMP0342,2024-02-09 17:57:00,2024-02-11 11:44:06.830849795
TX001727,DEV0052,EMP0123,2025-06-17 08:46:00,2025-06-20 20:01:39.901044159
TX001728,DEV0185,EMP0232,2024-08-03 17:37:00,2024-08-16 04:41:22.033287188
TX001729,DEV0011,EMP0173,2024-07-16 12:08:00,2024-07-25 05:43:36.161018036
TX001730,DEV0115,EMP0301,2025-10-13 08:22:00,2025-10-30 06:49:05.043946898
TX001731,DEV0091,EMP0151,2026-06-09 17:29:00,2026-06-19 14:06:21.449439246
TX001732,DEV0094,EMP0071,2026-04-01 16:31:00,2026-04-17 21:13:24.790706410
TX001733,DEV0106,EMP0007,2024-04-11 16:21:00,2024-04-16 17:34:09.590316968
TX001734,DEV0036,EMP0212,2024-08-05 15:33:00,2024-08-09 15:12:06.416032519
TX001735,DEV0077,EMP0043,2024-03-26 10:29:00,2024-03-27 16:37:34.223640428
TX001736,DEV0161,EMP0362,2025-03-12 17:56:00,2025-03-25 11:29:22.480058028
TX001737,DEV0041,EMP0275,2026-06-16 18:14:00,2026-07-01 15:23:42.740233962
TX001738,DEV0161,EMP0164,2024-07-28 14:25:00,2024-08-01 17:30:33.453855211
TX001739,DEV0257,EMP0089,2024-02-20 10:31:00,2024-02-27 16:22:37.648817124
TX001740,DEV0232,EMP0150,2026-06-19 16:12:00,2026-06-24 14:43:51.128833084
TX001741,DEV0050,EMP0305,2024-05-29 12:00:00,2024-05-31 19:58:54.038895629
TX001742,DEV0224,EMP0127,2026-01-29 13:15:00,2026-02-04 20:14:47.312340421
TX001743,DEV0083,EMP0132,2025-07-03 13:22:00,2025-07-16 11:56:20.076348397
TX001744,DEV0194,EMP0249,2024-12-13 11:31:00,2024-12-23 17:25:43.738534350
TX001745,DEV0096,EMP0002,2024-08-05 13:22:00,2024-08-11 00:26:34.221826573
TX001746,DEV0204,EMP0140,2025-09-25 10:23:00,2025-09-30 13:32:48.171492859
TX001747,DEV0053,EMP0401,2025-09-24 14:35:00,2025-10-02 10:55:21.147313394
TX001748,DEV0245,EMP0018,2025-09-05 18:57:00,2025-09-16 22:20:02.955956651
TX001749,DEV0045,EMP0386,2024-10-14 12:17:00,2024-10-21 02:00:39.050520469
TX001750,DEV0006,EMP0377,2025-09-25 09:53:00,2025-09-25 21:02:32.243106303
TX001751,DEV0222,EMP0043,2024-04-20 08:58:00,2024-05-04 00:38:54.253562859
TX001752,DEV0003,EMP0338,2025-06-14 17:24:00,2025-06-18 06:16:46.173927555
TX001753,DEV0057,EMP0051,2025-04-12 16:09:00,2025-04-14 21:29:39.014495752
TX001754,DEV0115,EMP0182,2024-09-28 12:50:00,2024-10-04 23:48:29.039180079
TX001755,DEV0226,EMP0067,2024-08-09 18:24:00,2024-08-11 21:03:24.565669709
TX001756,DEV0091,EMP0363,2024-05-02 17:04:00,2024-05-05 06:50:58.616758735
TX001757,DEV0031,EMP0117,2024-08-28 16:12:00,2024-08-29 12:19:47.892775856
TX001758,DEV0007,EMP0248,2025-08-04 11:41:00,2025-08-09 16:43:10.750462495
TX001759,DEV0122,EMP0201,2026-04-17 18:38:00,2026-04-21 00:37:59.146433252
TX001760,DEV0170,EMP0356,2024-06-24 14:26:00,2024-06-30 23:00:36.131983496
TX001761,DEV0125,EMP0380,2026-03-10 16:38:00,2026-04-03 08:34:18.633824079
TX001762,DEV0061,EMP0244,2024-07-31 17:44:00,2024-08-04 15:44:03.611970800
TX001763,DEV0150,EMP0146,2024-02-15 14:42:00,2024-02-16 22:48:18.415657431
TX001764,DEV0001,EMP0389,2024-07-19 12:15:00,2024-07-23 11:56:50.023428549
TX001765,DEV0132,EMP0066,2024-11-14 12:06:00,2024-11-17 23:49:03.095942386
TX001766,DEV0243,EMP0291,2024-08-21 10:39:00,2024-09-18 06:42:43.306364024
TX001767,DEV0042,EMP0368,2024-06-24 13:33:00,2024-07-01 05:20:01.940840354
TX001768,DEV0246,EMP0099,2024-10-10 08:32:00,2024-10-12 19:29:40.056802606
TX001769,DEV0143,EMP0012,2024-03-21 13:32:00,2024-03-24 15:50:57.187306440
TX001770,DEV0052,EMP0170,2024-03-20 15:23:00,2024-03-30 11:04:24.041904762
TX001771,DEV0131,EMP0197,2026-07-01 18:24:00,2026-07-07 01:12:58.514961839
TX001772,DEV0065,EMP0213,2024-09-18 12:20:00,2024-09-23 03:04:24.840561325
TX001773,DEV0091,EMP0162,2026-08-22 18:27:00,2026-08-28 08:34:06.895674743
TX001774,DEV0063,EMP0302,2025-08-14 12:24:00,2025-08-18 02:08:35.769632147
TX001775,DEV0122,EMP0415,2024-06-04 09:10:00,2024-06-19 08:26:45.916461328
TX001776,DEV0084,EMP0174,2024-02-28 12:28:00,2024-03-09 23:55:29.142229433
TX001777,DEV0225,EMP0136,2026-02-01 16:21:00,2026-02-12 18:02:02.455830925
TX001778,DEV0110,EMP0237,2025-09-23 17:23:00,2025-09-26 21:17:15.478402072
TX001779,DEV0041,EMP0003,2024-07-17 18:45:00,2024-07-24 06:00:26.182391786
TX001780,DEV0221,EMP0227,2025-10-27 18:11:00,2025-11-03 11:46:04.405940221
TX001781,DEV0205,EMP0047,2025-06-26 16:28:00,2025-07-08 18:20:48.535137108
TX001782,DEV0202,EMP0169,2026-01-18 10:35:00,2026-01-29 21:02:56.567527713
TX001783,DEV0071,EMP0348,2024-10-01 08:44:00,2024-10-04 21:59:07.106174889
TX001784,DEV0113,EMP0097,2024-04-04 13:39:00,2024-04-12 02:08:18.589627184
TX001785,DEV0126,EMP0271,2025-07-08 13:30:00,2025-07-09 19:46:27.455047644
TX001786,DEV0232,EMP0266,2024-05-11 15:19:00,2024-05-21 05:32:48.889792115
TX001787,DEV0196,EMP0149,2024-04-10 11:39:00,2024-04-15 03:43:11.742897568
TX001788,DEV0190,EMP0206,2026-07-12 11:13:00,2026-07-12 19:50:26.275436245
TX001789,DEV0182,EMP0051,2024-07-13 15:26:00,2024-07-26 11:58:25.564582406
TX001790,DEV0232,EMP0333,2024-09-23 13:55:00,2024-10-01 03:37:03.049477777
TX001791,DEV0045,EMP0174,2024-04-01 07:39:00,2024-05-02 15:37:26.120978391
TX001792,DEV0082,EMP0410,2024-02-04 18:08:00,2024-02-05 19:45:19.971345200
TX001793,DEV0075,EMP0056,2024-05-22 15:38:00,2024-06-14 15:44:41.851489085
TX001794,DEV0074,EMP0291,2025-05-14 07:48:00,2025-05-31 21:45:02.876088987
TX001795,DEV0141,EMP0028,2025-06-06 12:43:00,2025-06-10 04:22:21.636979115
TX001796,DEV0214,EMP0029,2024-08-18 12:09:00,2024-09-13 10:44:24.906237391
TX001797,DEV0061,EMP0367,2025-10-01 11:30:00,2025-10-05 06:25:53.132452534
TX001798,DEV0191,EMP0130,2025-01-22 14:13:00,2025-01-28 03:35:47.939532288
TX001799,DEV0252,EMP0047,2024-04-03 18:07:00,2024-04-24 19:31:28.009696484
TX001800,DEV0167,EMP0135,2026-06-29 13:05:00,2026-07-10 19:32:24.313643160
TX001801,DEV0257,EMP0278,2024-11-01 08:56:00,2024-11-02 14:53:17.646733852
TX001802,DEV0043,EMP0072,2024-07-19 14:34:00,2024-07-22 21:35:44.245696521
TX001803,DEV0089,EMP0327,2025-01-30 08:20:00,2025-02-03 06:58:58.456885221
TX001804,DEV0037,EMP0210,2026-06-23 08:47:00,2026-07-13 14:07:40.485782500
TX001805,DEV0104,EMP0187,2026-03-07 13:33:00,2026-03-23 19:17:32.838874667
TX001806,DEV0032,EMP0047,2024-04-14 14:19:00,2024-04-20 09:21:07.232582220
TX001807,DEV0181,EMP0105,2024-01-28 10:28:00,2024-02-10 18:16:54.693497378
TX001808,DEV0199,EMP0220,2024-04-07 11:44:00,2024-04-08 10:27:16.863279438
TX001809,DEV0086,EMP0206,2025-11-22 17:46:00,2025-11-25 06:42:02.390113934
TX001810,DEV0037,EMP0082,2025-04-27 18:00:00,2025-05-05 13:03:42.929824159
TX001811,DEV0012,EMP0201,2025-06-28 10:38:00,2025-07-02 08:44:47.411678840
TX001812,DEV0037,EMP0227,2025-09-11 07:12:00,2025-09-17 09:57:35.282269161
TX001813,DEV0074,EMP0236,2025-11-29 07:39:00,2025-12-14 03:09:50.943633408
TX001814,DEV0095,EMP0376,2026-07-17 16:50:00,2026-08-04 04:41:49.494618133
TX001815,DEV0072,EMP0275,2024-03-04 14:38:00,2024-03-13 22:17:56.905755935
TX001816,DEV0041,EMP0151,2025-12-24 13:08:00,2026-01-07 11:15:33.429185509
TX001817,DEV0041,EMP0369,2024-09-21 14:07:00,2024-09-30 14:55:56.856519796
TX001818,DEV0258,EMP0394,2025-07-05 07:24:00,2025-07-06 12:41:40.434680269
TX001819,DEV0139,EMP0215,2025-02-20 12:47:00,2025-02-24 04:55:28.632923997
TX001820,DEV0252,EMP0416,2024-05-21 09:14:00,2024-05-27 09:28:54.163210487
TX001821,DEV0021,EMP0357,2026-02-04 09:34:00,2026-02-18 10:18:06.392403149
TX001822,DEV0041,EMP0054,2025-08-20 14:52:00,2025-08-28 16:39:12.378854802
TX001823,DEV0043,EMP0225,2026-05-28 09:07:00,2026-06-02 19:44:09.828381354
TX001824,DEV0102,EMP0353,2026-02-18 09:10:00,2026-02-24 02:00:49.616471921
TX001825,DEV0177,EMP0128,2024-11-06 12:51:00,2024-11-09 00:21:39.215359657
TX001826,DEV0061,EMP0416,2026-05-19 13:27:00,2026-06-05 15:27:55.741371864
TX001827,DEV0031,EMP0084,2025-08-31 17:35:00,2025-09-06 12:29:01.022923023
TX001828,DEV0091,EMP0012,2024-08-24 07:43:00,2024-09-03 06:56:53.173661191
TX001829,DEV0231,EMP0114,2026-01-15 14:42:00,2026-01-18 05:53:49.314808365
TX001830,DEV0073,EMP0414,2024-10-09 17:55:00,2024-10-14 18:22:47.197968191
TX001831,DEV0216,EMP0376,2024-10-03 13:38:00,2024-10-06 16:37:25.247483914
TX001832,DEV0052,EMP0303,2026-07-13 12:05:00,2026-07-20 15:29:50.052671910
TX001833,DEV0154,EMP0216,2025-06-21 11:34:00,2025-07-24 01:02:21.842515425
TX001834,DEV0071,EMP0146,2024-11-11 11:19:00,2024-11-17 01:12:29.687222871
TX001835,DEV0114,EMP0093,2025-08-15 07:49:00,2025-08-23 17:24:04.599735603
TX001836,DEV0133,EMP0091,2024-09-12 12:50:00,2024-09-19 20:55:01.058643453
TX001837,DEV0138,EMP0094,2026-06-11 16:18:00,2026-06-13 18:14:03.359746696
TX001838,DEV0220,EMP0053,2024-05-25 17:36:00,2024-05-27 07:19:43.113230225
TX001839,DEV0191,EMP0370,2025-07-22 10:12:00,2025-07-26 18:49:51.310941750
TX001840,DEV0102,EMP0037,2026-03-18 14:50:00,2026-03-27 01:39:37.037978857
TX001841,DEV0130,EMP0068,2024-05-25 08:48:00,2024-05-28 04:14:37.821814912
TX001842,DEV0157,EMP0419,2025-01-19 10:41:00,2025-01-22 12:23:17.555562275
TX001843,DEV0055,EMP0314,2025-04-06 15:25:00,2025-04-15 04:18:25.668220824
TX001844,DEV0097,EMP0360,2026-05-14 09:21:00,2026-05-15 15:20:43.463600867
TX001845,DEV0182,EMP0386,2026-02-05 10:28:00,2026-02-10 08:47:09.450017243
TX001846,DEV0111,EMP0128,2026-01-07 14:23:00,2026-01-10 20:07:12.336676601
TX001847,DEV0066,EMP0351,2024-08-13 16:10:00,2024-08-14 23:11:30.445519474
TX001848,DEV0052,EMP0067,2026-05-17 15:26:00,2026-05-20 15:54:58.547244457
TX001849,DEV0016,EMP0216,2024-12-23 08:28:00,2025-02-21 01:33:34.247144328
TX001850,DEV0031,EMP0391,2024-05-05 14:00:00,2024-05-09 16:09:41.790802339
TX001851,DEV0023,EMP0271,2026-08-21 11:58:00,2026-08-22 21:59:05.289289494
TX001852,DEV0250,EMP0078,2026-01-28 12:37:00,2026-01-31 19:17:53.759531870
TX001853,DEV0038,EMP0126,2026-03-20 09:08:00,2026-03-23 02:17:08.158564533
TX001854,DEV0005,EMP0085,2025-07-05 17:24:00,2025-07-13 09:31:44.897095968
TX001855,DEV0153,EMP0228,2026-07-25 18:21:00,2026-08-01 16:15:10.626960354
TX001856,DEV0014,EMP0072,2025-09-01 07:39:00,2025-09-14 02:41:14.495905676
TX001857,DEV0003,EMP0297,2026-04-24 07:29:00,2026-04-29 23:31:23.579962917
TX001858,DEV0113,EMP0171,2025-02-20 18:16:00,2025-02-27 10:36:01.394086879
TX001859,DEV0092,EMP0028,2024-05-07 16:51:00,2024-05-12 15:44:26.716775377
TX001860,DEV0126,EMP0146,2026-01-11 13:23:00,2026-01-14 04:58:17.012445730
TX001861,DEV0202,EMP0091,2025-01-06 18:02:00,2025-01-15 07:53:47.363934167
TX001862,DEV0093,EMP0211,2025-12-26 12:51:00,2026-01-11 19:03:01.519380249
TX001863,DEV0106,EMP0147,2024-04-05 18:03:00,2024-04-15 19:57:57.898626653
TX001864,DEV0141,EMP0050,2026-07-11 11:32:00,2026-07-18 13:36:03.481760137
TX001865,DEV0101,EMP0350,2026-06-26 16:56:00,2026-06-29 01:32:47.573418136
TX001866,DEV0145,EMP0320,2024-05-01 13:39:00,2024-05-18 23:03:43.407412020
TX001867,DEV0031,EMP0250,2026-06-25 07:06:00,2026-07-05 23:20:47.736302169
TX001868,DEV0182,EMP0346,2024-01-07 17:11:00,2024-01-14 09:34:30.022828912
TX001869,DEV0251,EMP0067,2024-05-27 15:30:00,2024-05-28 23:08:30.410071827
TX001870,DEV0102,EMP0097,2025-10-03 10:54:00,2025-10-18 03:06:48.065233151
TX001871,DEV0231,EMP0296,2024-02-03 07:01:00,2024-02-18 15:18:31.293154859
TX001872,DEV0073,EMP0038,2025-09-04 15:11:00,2025-09-07 04:59:55.032654429
TX001873,DEV0256,EMP0024,2024-06-08 10:50:00,2024-06-14 01:25:30.068480288
TX001874,DEV0131,EMP0394,2024-12-10 10:14:00,2024-12-18 14:41:04.741431559
TX001875,DEV0042,EMP0286,2024-06-27 08:35:00,2024-07-05 02:06:36.268856308
TX001876,DEV0020,EMP0308,2026-01-03 16:16:00,2026-01-04 07:55:00.791095720
TX001877,DEV0096,EMP0340,2025-05-02 18:52:00,2025-05-16 16:31:31.436068162
TX001878,DEV0214,EMP0062,2024-01-01 13:32:00,2024-01-10 19:56:35.665574288
TX001879,DEV0102,EMP0236,2026-05-18 07:32:00,2026-05-22 22:49:17.015069121
TX001880,DEV0127,EMP0277,2025-01-14 09:49:00,2025-01-21 09:09:06.756786110
TX001881,DEV0158,EMP0256,2025-05-18 14:33:00,2025-05-20 03:18:11.061211829
TX001882,DEV0151,EMP0023,2024-12-11 18:38:00,2024-12-15 00:18:08.861084016
TX001883,DEV0118,EMP0305,2025-06-21 15:40:00,2025-06-23 08:33:45.634390143
TX001884,DEV0027,EMP0159,2025-10-13 10:14:00,2025-10-15 20:54:36.900415579
TX001885,DEV0256,EMP0034,2024-06-02 15:17:00,2024-06-09 00:29:28.245574869
TX001886,DEV0228,EMP0233,2024-05-15 09:45:00,2024-05-17 12:26:08.471082253
TX001887,DEV0182,EMP0030,2024-01-16 11:27:00,2024-01-25 21:32:34.085177966
TX001888,DEV0093,EMP0264,2024-06-09 17:13:00,2024-06-12 04:08:35.694523059
TX001889,DEV0163,EMP0318,2025-02-26 08:25:00,2025-03-02 21:07:35.966976844
TX001890,DEV0232,EMP0287,2024-08-03 09:37:00,2024-08-13 07:22:49.708838338
TX001891,DEV0081,EMP0141,2025-07-03 10:18:00,2025-07-09 21:46:28.571917487
TX001892,DEV0252,EMP0279,2025-09-28 09:54:00,2025-10-01 09:38:01.297714300
TX001893,DEV0199,EMP0249,2025-05-25 11:39:00,2025-06-01 08:03:29.423096765
TX001894,DEV0112,EMP0143,2024-08-10 16:30:00,2024-08-15 14:36:10.668462976
TX001895,DEV0251,EMP0039,2026-05-17 09:37:00,2026-05-27 19:40:52.315795134
TX001896,DEV0039,EMP0238,2024-11-05 16:34:00,2024-11-10 01:26:36.931334015
TX001897,DEV0044,EMP0004,2024-10-15 16:19:00,2024-10-31 21:34:55.736020470
TX001898,DEV0051,EMP0367,2024-01-22 07:46:00,2024-01-24 05:05:01.430690989
TX001899,DEV0234,EMP0175,2024-09-05 18:03:00,2024-09-16 09:43:35.444691153
TX001900,DEV0117,EMP0125,2024-11-06 08:29:00,2024-11-10 04:14:26.137408059
TX001901,DEV0182,EMP0088,2024-02-10 17:06:00,2024-02-15 11:33:35.713937335
TX001902,DEV0041,EMP0385,2026-04-05 14:49:00,2026-04-13 19:17:59.796988900
TX001903,DEV0192,EMP0371,2026-05-16 15:43:00,2026-06-06 14:00:41.676133479
TX001904,DEV0054,EMP0119,2024-03-23 12:25:00,2024-07-21 04:56:01.922760604
TX001905,DEV0252,EMP0221,2025-01-04 17:14:00,2025-01-09 23:26:54.104318934
TX001906,DEV0163,EMP0274,2024-01-27 17:30:00,2024-02-05 11:58:41.654772152
TX001907,DEV0234,EMP0346,2024-07-19 18:44:00,2024-07-28 00:35:44.704153204
TX001908,DEV0115,EMP0266,2024-08-03 15:01:00,2024-08-15 23:43:39.660529264
TX001909,DEV0221,EMP0408,2025-04-27 11:59:00,2025-05-02 18:21:28.966726403
TX001910,DEV0026,EMP0042,2024-03-04 14:54:00,2024-03-07 23:28:03.517566554
TX001911,DEV0053,EMP0002,2024-08-07 09:27:00,2024-08-08 16:12:27.164576627
TX001912,DEV0125,EMP0249,2024-06-18 10:36:00,2024-07-23 13:37:20.796214350
TX001913,DEV0061,EMP0057,2025-12-18 18:16:00,2025-12-21 02:12:11.964115150
TX001914,DEV0102,EMP0382,2024-08-25 10:32:00,2024-09-01 06:06:06.602255420
TX001915,DEV0135,EMP0178,2025-03-16 08:20:00,2025-04-01 16:02:44.425734256
TX001916,DEV0252,EMP0201,2026-07-24 16:26:00,2026-08-09 12:03:05.018418902
TX001917,DEV0130,EMP0280,2024-11-18 17:18:00,2024-11-20 14:29:05.360714514
TX001918,DEV0025,EMP0111,2025-01-22 07:50:00,2025-02-04 15:49:49.101758940
TX001919,DEV0032,EMP0083,2026-05-11 11:03:00,2026-05-22 09:49:30.706347585
TX001920,DEV0138,EMP0136,2024-07-17 16:34:00,2024-07-20 10:38:02.413634311
TX001921,DEV0124,EMP0118,2024-02-23 08:29:00,2024-03-14 00:48:07.934999167
TX001922,DEV0020,EMP0359,2024-07-22 08:44:00,2024-07-23 04:36:29.827833436
TX001923,DEV0189,EMP0296,2024-02-20 18:07:00,2024-02-25 03:49:39.931094100
TX001924,DEV0167,EMP0219,2026-01-06 08:56:00,2026-01-08 15:38:54.133396312
TX001925,DEV0037,EMP0363,2025-01-18 14:52:00,2025-01-22 00:00:07.851566312
TX001926,DEV0256,EMP0380,2024-07-02 09:46:00,2024-07-04 13:32:11.096258410
TX001927,DEV0112,EMP0126,2024-09-12 13:25:00,2024-09-17 17:51:03.737860194
TX001928,DEV0080,EMP0275,2025-07-05 18:13:00,2025-07-07 03:18:53.721542528
TX001929,DEV0202,EMP0179,2024-09-21 10:49:00,2024-09-23 11:19:32.727295870
TX001930,DEV0132,EMP0280,2024-07-14 08:51:00,2024-07-15 14:25:44.409759026
TX001931,DEV0149,EMP0243,2025-08-17 17:50:00,2025-08-19 13:39:58.303885238
TX001932,DEV0024,EMP0253,2025-12-17 13:06:00,2025-12-19 12:02:10.091247955
TX001933,DEV0019,EMP0155,2024-07-16 18:54:00,2024-07-23 18:17:20.134475385
TX001934,DEV0233,EMP0098,2024-09-13 17:54:00,2024-09-25 01:11:59.224892821
TX001935,DEV0208,EMP0061,2026-08-16 18:17:00,2026-08-17 12:19:09.084100033
TX001936,DEV0203,EMP0025,2024-02-29 10:58:00,2024-03-10 09:15:07.270178032
TX001937,DEV0257,EMP0254,2026-04-10 10:42:00,2026-04-13 14:11:37.406943809
TX001938,DEV0096,EMP0123,2025-10-13 18:44:00,2025-10-18 17:21:31.680144426
TX001939,DEV0225,EMP0048,2024-11-18 07:03:00,2024-11-23 21:26:58.984153107
TX001940,DEV0214,EMP0348,2025-02-04 07:59:00,2025-02-28 05:07:25.621056521
TX001941,DEV0071,EMP0400,2025-10-04 09:38:00,2025-10-10 01:39:41.032724407
TX001942,DEV0203,EMP0392,2025-10-02 09:31:00,2025-10-10 13:28:12.219995294
TX001943,DEV0032,EMP0240,2026-02-14 16:28:00,2026-03-01 10:38:51.141444994
TX001944,DEV0161,EMP0408,2025-08-24 09:03:00,2025-08-28 14:40:17.136753235
TX001945,DEV0171,EMP0252,2024-01-12 15:58:00,2024-01-19 18:55:15.361349921
TX001946,DEV0125,EMP0100,2025-08-21 10:41:00,2025-08-28 21:07:17.311806109
TX001947,DEV0002,EMP0410,2025-11-20 10:36:00,2025-12-02 15:15:48.880502846
TX001948,DEV0012,EMP0125,2025-08-21 17:43:00,2025-08-24 09:07:06.270959661
TX001949,DEV0042,EMP0107,2026-04-12 10:56:00,2026-04-22 16:48:16.981171967
TX001950,DEV0002,EMP0075,2024-09-10 10:51:00,2024-09-18 00:45:14.781993319
TX001951,DEV0104,EMP0188,2024-05-24 07:13:00,2024-06-05 02:30:25.674248291
TX001952,DEV0024,EMP0419,2025-03-22 13:47:00,2025-03-30 04:38:38.986680689
TX001953,DEV0085,EMP0251,2024-06-29 14:57:00,2024-07-29 20:49:05.494950454
TX001954,DEV0157,EMP0024,2025-06-24 18:55:00,2025-06-27 13:36:33.736848006
TX001955,DEV0151,EMP0221,2026-06-21 11:37:00,2026-07-06 10:54:42.333520369
TX001956,DEV0053,EMP0068,2024-07-09 10:33:00,2024-07-11 18:18:45.745162416
TX001957,DEV0140,EMP0348,2024-03-03 08:10:00,2024-03-04 22:31:42.787972972
TX001958,DEV0083,EMP0409,2024-06-13 18:30:00,2024-06-16 09:44:54.777465471
TX001959,DEV0001,EMP0241,2025-11-01 08:06:00,2025-11-04 12:46:17.048588218
TX001960,DEV0041,EMP0280,2024-12-03 13:14:00,2024-12-15 05:28:50.238359718
TX001961,DEV0023,EMP0253,2025-05-22 16:07:00,2025-05-31 12:10:27.204318946
TX001962,DEV0244,EMP0227,2024-06-03 15:12:00,2024-06-22 19:38:08.136844135
TX001963,DEV0167,EMP0114,2024-05-28 08:38:00,2024-06-01 15:30:18.365779170
TX001964,DEV0135,EMP0013,2024-08-19 09:40:00,2024-08-21 00:00:07.805395986
TX001965,DEV0003,EMP0036,2026-05-31 16:36:00,2026-06-04 12:18:16.201904279
TX001966,DEV0215,EMP0038,2026-02-25 15:30:00,2026-03-06 21:47:36.499343014
TX001967,DEV0163,EMP0380,2025-11-25 17:33:00,2025-12-02 09:12:09.026027648
TX001968,DEV0043,EMP0294,2025-07-15 17:37:00,2025-07-20 10:16:58.228263332
TX001969,DEV0073,EMP0070,2026-04-23 17:56:00,2026-04-27 20:07:34.107900494
TX001970,DEV0117,EMP0089,2025-05-21 18:16:00,2025-05-27 05:08:42.357138142
TX001971,DEV0172,EMP0045,2025-01-02 17:20:00,2025-01-10 12:16:27.858998706
TX001972,DEV0226,EMP0316,2024-12-25 09:26:00,2025-01-03 12:13:10.818963566
TX001973,DEV0103,EMP0108,2026-08-18 13:43:00,2026-08-25 17:18:03.030561491
TX001974,DEV0144,EMP0243,2024-08-17 09:08:00,2024-08-27 02:33:05.551154891
TX001975,DEV0067,EMP0119,2025-09-12 10:14:00,2025-09-17 00:26:04.043076039
TX001976,DEV0043,EMP0133,2025-08-13 08:19:00,2025-08-18 10:07:29.492754016
TX001977,DEV0153,EMP0171,2024-01-22 09:02:00,2024-01-30 20:07:28.161162513
TX001978,DEV0023,EMP0297,2025-11-15 18:41:00,2025-11-24 06:43:09.418935377
TX001979,DEV0131,EMP0208,2026-03-27 17:15:00,2026-04-01 18:58:06.741870689
TX001980,DEV0078,EMP0015,2026-04-04 08:05:00,2026-04-06 05:19:56.659154084
TX001981,DEV0105,EMP0034,2024-01-09 18:13:00,2024-01-15 04:32:20.301126856
TX001982,DEV0192,EMP0141,2026-02-07 18:48:00,2026-02-12 02:54:14.114540614
TX001983,DEV0154,EMP0020,2025-12-02 07:36:00,2025-12-20 11:58:46.944712735
TX001984,DEV0053,EMP0148,2026-05-04 10:14:00,2026-05-09 00:05:25.998215437
TX001985,DEV0093,EMP0220,2024-06-29 07:34:00,2024-07-07 19:53:19.706977159
TX001986,DEV0223,EMP0043,2025-03-16 09:49:00,2025-03-27 20:02:36.683539006
TX001987,DEV0032,EMP0150,2025-08-18 11:49:00,2025-08-25 22:26:24.769215856
TX001988,DEV0111,EMP0195,2026-05-21 14:53:00,2026-05-30 07:54:28.305338563
TX001989,DEV0071,EMP0068,2026-01-30 08:19:00,2026-02-11 22:01:34.703977128
TX001990,DEV0091,EMP0220,2025-05-05 07:34:00,2025-05-09 10:30:35.987782397
TX001991,DEV0232,EMP0177,2026-05-13 14:28:00,2026-05-21 22:48:55.938590565
TX001992,DEV0090,EMP0340,2025-01-15 12:33:00,2025-01-15 16:53:47.982960828
TX001993,DEV0132,EMP0399,2024-02-22 08:56:00,2024-02-26 12:18:41.106836894
TX001994,DEV0093,EMP0161,2025-10-19 11:00:00,2025-10-20 07:59:29.538117650
TX001995,DEV0162,EMP0318,2024-03-05 10:33:00,2024-03-08 20:08:40.138751876
TX001996,DEV0132,EMP0187,2025-02-22 15:59:00,2025-02-28 01:17:50.288923144
TX001997,DEV0083,EMP0081,2025-11-18 10:35:00,2025-11-21 21:29:07.114068269
TX001998,DEV0123,EMP0238,2026-01-12 12:24:00,2026-01-25 06:38:33.353885156
TX001999,DEV0232,EMP0329,2026-01-19 12:20:00,2026-01-20 20:11:50.646615015
TX002000,DEV0204,EMP0332,2026-02-26 15:01:00,2026-03-05 10:57:48.597307108
TX002001,DEV0203,EMP0406,2026-05-27 13:50:00,2026-06-08 16:01:46.171924122
TX002002,DEV0101,EMP0152,2026-01-02 18:09:00,2026-01-06 07:02:36.062065285
TX002003,DEV0124,EMP0258,2026-03-29 13:57:00,2026-04-14 15:51:30.852316431
TX002004,DEV0207,EMP0346,2026-03-09 08:17:00,2026-03-12 23:24:06.026130264
TX002005,DEV0212,EMP0067,2024-09-11 12:56:00,2024-09-13 01:07:37.317618855
TX002006,DEV0069,EMP0055,2026-02-25 10:42:00,2026-02-26 11:35:49.693420833
TX002007,DEV0260,EMP0343,2026-03-27 14:13:00,2026-03-28 00:24:47.967507804
TX002008,DEV0093,EMP0420,2025-01-06 15:14:00,2025-01-15 13:56:50.387905284
TX002009,DEV0121,EMP0114,2025-07-16 18:42:00,2025-07-26 14:52:36.231676142
TX002010,DEV0215,EMP0174,2026-04-29 14:58:00,2026-05-05 01:26:53.363986972
TX002011,DEV0115,EMP0250,2026-02-05 15:57:00,2026-02-19 15:42:58.428667001
TX002012,DEV0074,EMP0203,2024-12-23 10:49:00,2024-12-28 16:40:39.080524874
TX002013,DEV0097,EMP0139,2025-06-27 18:22:00,2025-07-01 14:07:54.659132503
TX002014,DEV0194,EMP0042,2025-01-15 11:41:00,2025-01-19 17:30:42.309663491
TX002015,DEV0177,EMP0281,2026-06-07 16:18:00,2026-06-22 23:57:38.299572043
TX002016,DEV0214,EMP0315,2025-12-05 13:51:00,2025-12-11 00:09:42.119212955
TX002017,DEV0243,EMP0331,2025-02-22 08:02:00,2025-03-04 17:46:24.624281248
TX002018,DEV0214,EMP0053,2025-01-21 09:03:00,2025-01-29 15:23:20.382992350
TX002019,DEV0026,EMP0162,2024-05-29 18:12:00,2024-06-03 00:32:01.502302504
TX002020,DEV0154,EMP0154,2026-07-24 12:45:00,2026-08-05 05:12:26.610429225
TX002021,DEV0179,EMP0317,2025-04-28 07:34:00,2025-05-02 08:29:51.942403473
TX002022,DEV0092,EMP0300,2025-02-21 11:34:00,2025-03-02 07:38:48.667839805
TX002023,DEV0085,EMP0315,2024-01-08 07:05:00,2024-01-31 10:17:28.027099473
TX002024,DEV0149,EMP0161,2026-06-28 18:39:00,2026-07-01 17:03:29.151556198
TX002025,DEV0066,EMP0326,2026-06-19 13:31:00,2026-06-30 16:14:40.217160868
TX002026,DEV0256,EMP0213,2026-04-20 09:19:00,2026-04-24 04:49:59.746749746
TX002027,DEV0181,EMP0357,2026-08-01 09:26:00,2026-08-28 18:59:29.559817814
TX002028,DEV0015,EMP0221,2026-04-16 13:01:00,2026-04-21 13:37:35.602216762
TX002029,DEV0072,EMP0112,2025-01-24 11:32:00,2025-02-01 15:23:31.086870344
TX002030,DEV0152,EMP0143,2026-05-28 11:17:00,2026-06-08 15:55:06.139874367
TX002031,DEV0147,EMP0086,2025-12-04 14:28:00,2025-12-08 17:53:42.832060567
TX002032,DEV0044,EMP0397,2025-09-18 07:47:00,2025-09-24 16:20:39.236132069
TX002033,DEV0236,EMP0328,2025-09-23 07:48:00,2025-09-26 21:10:41.426142245
TX002034,DEV0012,EMP0394,2025-01-28 16:46:00,2025-01-31 19:43:34.349162673
TX002035,DEV0244,EMP0063,2025-04-30 13:37:00,2025-06-05 19:30:10.333504908
TX002036,DEV0094,EMP0381,2025-06-22 14:45:00,2025-06-27 13:27:08.234804240
TX002037,DEV0068,EMP0360,2025-08-23 13:33:00,2025-08-30 05:00:50.003161293
TX002038,DEV0212,EMP0375,2025-03-25 12:04:00,2025-03-28 04:31:02.425698067
TX002039,DEV0041,EMP0106,2024-11-14 09:26:00,2024-11-16 18:18:10.059610691
TX002040,DEV0232,EMP0214,2026-05-27 10:46:00,2026-06-06 00:40:16.260181130
TX002041,DEV0154,EMP0240,2025-06-08 14:54:00,2025-06-17 19:02:24.391949939
TX002042,DEV0251,EMP0047,2024-02-17 18:13:00,2024-02-25 23:53:03.277247234
TX002043,DEV0070,EMP0262,2024-11-11 10:19:00,2024-11-12 21:08:17.136926976
TX002044,DEV0003,EMP0153,2025-02-20 13:19:00,2025-03-09 09:08:40.726717902
TX002045,DEV0252,EMP0322,2024-01-14 15:19:00,2024-01-23 07:22:06.928463306
TX002046,DEV0055,EMP0164,2026-02-13 14:12:00,2026-03-01 06:53:31.708537976
TX002047,DEV0152,EMP0154,2025-09-10 18:00:00,2025-09-13 23:57:11.268372676
TX002048,DEV0061,EMP0294,2024-11-16 10:36:00,2024-11-26 06:37:24.765640207
TX002049,DEV0192,EMP0024,2024-08-17 18:42:00,2024-08-25 00:10:54.115213061
TX002050,DEV0001,EMP0339,2025-03-21 15:24:00,2025-03-25 15:25:38.747539994
TX002051,DEV0052,EMP0305,2024-03-16 11:41:00,2024-04-02 04:00:32.877406821
TX002052,DEV0163,EMP0085,2025-06-08 15:54:00,2025-06-12 14:20:43.512177188
TX002053,DEV0103,EMP0382,2025-11-29 17:41:00,2025-12-10 11:19:28.206954684
TX002054,DEV0115,EMP0080,2024-06-24 15:44:00,2024-07-03 17:07:58.739315120
TX002055,DEV0024,EMP0193,2024-11-26 09:22:00,2024-12-05 13:49:34.341025729
TX002056,DEV0226,EMP0176,2025-02-18 07:53:00,2025-02-22 04:39:29.082898077
TX002057,DEV0144,EMP0210,2026-07-21 16:39:00,2026-07-31 18:23:00.962436516
TX002058,DEV0122,EMP0335,2024-09-17 09:59:00,2024-09-27 02:02:30.412868017
TX002059,DEV0045,EMP0102,2026-02-27 09:28:00,2026-03-05 14:20:46.984055863
TX002060,DEV0185,EMP0417,2025-08-28 14:31:00,2025-09-04 23:06:14.850518004
TX002061,DEV0086,EMP0408,2025-03-23 15:38:00,2025-03-24 07:35:49.833246709
TX002062,DEV0051,EMP0189,2024-08-14 07:37:00,2024-08-16 09:06:07.224498002
TX002063,DEV0032,EMP0174,2025-02-22 13:49:00,2025-03-10 08:58:26.117894872
TX002064,DEV0077,EMP0248,2025-02-25 08:23:00,2025-04-04 09:48:19.201800506
TX002065,DEV0253,EMP0024,2026-04-20 10:00:00,2026-04-27 01:11:12.648545695
TX002066,DEV0242,EMP0255,2026-01-26 13:08:00,2026-02-08 00:59:31.955763000
TX002067,DEV0041,EMP0393,2024-05-26 09:58:00,2024-06-07 08:44:07.689570589
TX002068,DEV0226,EMP0078,2026-06-12 18:55:00,2026-06-18 00:07:41.079106816
TX002069,DEV0241,EMP0267,2024-04-29 09:10:00,2024-05-01 18:09:46.584733065
TX002070,DEV0234,EMP0035,2025-04-23 18:33:00,2025-05-08 14:05:25.539100771
TX002071,DEV0012,EMP0150,2025-09-16 16:32:00,2025-09-21 02:43:02.251573207
TX002072,DEV0175,EMP0284,2025-02-14 15:26:00,2025-02-22 18:49:00.485951761
TX002073,DEV0171,EMP0293,2024-05-08 16:11:00,2024-05-11 06:58:34.552085994
TX002074,DEV0233,EMP0147,2025-12-20 09:55:00,2025-12-26 12:59:07.422840862
TX002075,DEV0097,EMP0099,2025-11-09 07:20:00,2025-11-13 13:08:59.206208386
TX002076,DEV0022,EMP0419,2025-08-06 16:51:00,2025-08-30 20:44:50.032429586
TX002077,DEV0240,EMP0308,2025-07-05 15:24:00,2025-07-06 05:51:46.135253206
TX002078,DEV0027,EMP0202,2024-05-01 16:23:00,2024-05-10 02:11:10.066302895
TX002079,DEV0209,EMP0054,2026-05-04 11:02:00,2026-05-07 05:25:49.627998651
TX002080,DEV0095,EMP0390,2025-11-20 10:12:00,2025-11-27 09:46:41.291887513
TX002081,DEV0160,EMP0363,2024-11-24 14:42:00,2024-11-25 11:34:50.668365635
TX002082,DEV0205,EMP0013,2026-06-06 12:04:00,2026-06-10 16:13:28.408774572
TX002083,DEV0067,EMP0050,2024-09-17 17:34:00,2024-09-28 15:22:01.724857287
TX002084,DEV0171,EMP0169,2024-09-02 07:46:00,2024-09-06 12:49:03.495953571
TX002085,DEV0077,EMP0364,2026-06-30 09:19:00,2026-07-05 15:22:00.827131238
TX002086,DEV0103,EMP0026,2026-02-15 13:27:00,2026-02-25 17:47:08.459032621
TX002087,DEV0203,EMP0298,2025-10-19 09:51:00,2025-10-27 20:21:53.580731116
TX002088,DEV0043,EMP0166,2026-03-05 16:18:00,2026-03-17 04:25:35.140760491
TX002089,DEV0230,EMP0101,2026-05-18 17:16:00,2026-05-20 06:54:51.773967268
TX002090,DEV0122,EMP0022,2026-06-05 09:06:00,2026-06-08 13:40:18.564934605
TX002091,DEV0161,EMP0352,2025-10-15 14:46:00,2025-10-27 14:56:34.508306182
TX002092,DEV0247,EMP0005,2026-08-01 08:38:00,2026-08-05 02:15:50.639865448
TX002093,DEV0159,EMP0160,2024-02-11 14:05:00,2024-02-12 13:23:19.268641961
TX002094,DEV0051,EMP0222,2026-02-19 07:57:00,2026-02-26 04:07:43.616351256
TX002095,DEV0055,EMP0271,2024-05-29 08:12:00,2024-06-02 03:21:48.167053746
TX002096,DEV0236,EMP0052,2025-08-20 10:21:00,2025-08-22 21:17:54.850512886
TX002097,DEV0204,EMP0108,2026-08-09 18:36:00,2026-08-20 01:10:43.488419614
TX002098,DEV0131,EMP0218,2024-02-06 10:05:00,2024-02-15 22:26:33.246381075
TX002099,DEV0111,EMP0331,2026-03-02 13:36:00,2026-03-13 08:50:46.269328205
TX002100,DEV0036,EMP0280,2024-10-21 13:31:00,2024-10-27 15:25:05.778338200
TX002101,DEV0172,EMP0091,2024-05-20 07:16:00,2024-06-01 14:20:59.756828215
TX002102,DEV0124,EMP0060,2024-08-05 11:38:00,2024-08-29 04:19:12.668652795
TX002103,DEV0202,EMP0137,2024-11-10 10:28:00,2024-11-15 03:30:47.566814131
TX002104,DEV0191,EMP0060,2024-10-05 10:38:00,2024-10-09 07:29:24.740033738
TX002105,DEV0201,EMP0103,2026-06-10 10:08:00,2026-06-19 17:19:25.897783937
TX002106,DEV0134,EMP0249,2025-12-23 18:43:00,2026-01-18 21:35:44.697191988
TX002107,DEV0231,EMP0312,2026-04-06 16:13:00,2026-04-11 04:53:52.334687855
TX002108,DEV0002,EMP0144,2024-11-14 14:20:00,2024-11-22 18:28:46.974064685
TX002109,DEV0092,EMP0258,2025-11-24 13:24:00,2025-12-03 10:34:55.302979611
TX002110,DEV0254,EMP0137,2025-12-30 17:59:00,2026-01-14 09:52:17.380716627
TX002111,DEV0184,EMP0281,2025-03-31 14:12:00,2025-04-16 14:34:18.771605875
TX002112,DEV0042,EMP0229,2025-09-20 18:44:00,2025-09-26 12:30:58.237513561
TX002113,DEV0165,EMP0045,2025-12-02 12:39:00,2025-12-25 02:50:28.560152333
TX002114,DEV0073,EMP0144,2026-03-25 11:53:00,2026-04-02 21:34:24.078506495
TX002115,DEV0112,EMP0356,2025-08-18 17:04:00,2025-08-31 02:49:50.885687663
TX002116,DEV0166,EMP0152,2025-04-05 14:47:00,2025-04-09 04:20:41.486215210
TX002117,DEV0013,EMP0398,2026-03-16 18:06:00,2026-04-18 03:58:45.303225475
TX002118,DEV0141,EMP0134,2025-03-24 14:57:00,2025-04-05 20:59:41.109872235
TX002119,DEV0032,EMP0362,2025-09-11 14:51:00,2025-09-15 07:18:21.292428289
TX002120,DEV0102,EMP0158,2026-06-15 17:13:00,2026-06-19 16:25:53.949896168
TX002121,DEV0237,EMP0203,2024-03-23 16:43:00,2024-03-26 11:27:34.907859403
TX002122,DEV0045,EMP0279,2026-03-22 18:27:00,2026-04-04 10:08:31.228265203
TX002123,DEV0152,EMP0039,2024-01-17 14:11:00,2024-01-21 23:53:08.245121377
TX002124,DEV0136,EMP0272,2025-11-02 18:10:00,2025-11-04 23:54:43.433087337
TX002125,DEV0137,EMP0408,2025-12-23 17:02:00,2025-12-29 21:28:17.233572515
TX002126,DEV0186,EMP0369,2025-08-19 07:09:00,2025-08-21 07:56:11.014978335
TX002127,DEV0245,EMP0020,2025-04-24 11:44:00,2025-04-25 21:58:24.773910760
TX002128,DEV0173,EMP0114,2024-09-23 08:44:00,2024-09-29 13:48:26.268519617
TX002129,DEV0161,EMP0061,2025-05-09 17:46:00,2025-05-13 18:45:12.639182084
TX002130,DEV0092,EMP0159,2025-03-28 12:57:00,2025-04-04 22:28:09.711918828
TX002131,DEV0093,EMP0276,2026-05-06 11:55:00,2026-05-15 09:35:53.056057472
TX002132,DEV0007,EMP0026,2025-02-15 17:22:00,2025-02-19 16:44:22.729072491
TX002133,DEV0208,EMP0329,2024-03-15 18:29:00,2024-03-16 18:49:41.348834308
TX002134,DEV0183,EMP0190,2025-03-20 07:17:00,2025-04-03 01:21:12.966509769
TX002135,DEV0063,EMP0119,2026-06-13 17:00:00,2026-06-17 10:35:54.120215787
TX002136,DEV0212,EMP0214,2024-04-19 08:24:00,2024-05-01 03:31:02.382347708
TX002137,DEV0143,EMP0018,2026-01-14 08:46:00,2026-01-20 03:46:08.721797925
TX002138,DEV0168,EMP0332,2025-04-15 12:07:00,2025-04-20 18:49:29.257298558
TX002139,DEV0174,EMP0270,2024-10-02 09:04:00,2024-11-04 10:13:44.609786637
TX002140,DEV0001,EMP0335,2025-07-15 11:00:00,2025-07-19 05:10:09.150055816
TX002141,DEV0002,EMP0082,2024-04-04 11:27:00,2024-04-11 19:43:37.709081499
TX002142,DEV0092,EMP0350,2024-02-13 12:35:00,2024-02-20 10:23:24.248584033
TX002143,DEV0198,EMP0339,2026-04-06 08:05:00,2026-04-12 17:42:09.692921744
TX002144,DEV0145,EMP0276,2026-04-30 08:13:00,2026-05-08 00:16:07.749988578
TX002145,DEV0084,EMP0419,2025-05-28 08:02:00,2025-06-01 20:08:11.856980856
TX002146,DEV0161,EMP0269,2024-02-06 08:10:00,2024-02-24 18:46:43.950210603
TX002147,DEV0034,EMP0356,2025-08-05 07:44:00,2025-08-24 21:38:11.365780971
TX002148,DEV0158,EMP0323,2025-08-21 08:12:00,2025-08-22 02:32:59.644536540
TX002149,DEV0178,EMP0073,2024-10-27 18:09:00,2024-10-29 13:55:29.850064131
TX002150,DEV0001,EMP0217,2025-06-12 09:17:00,2025-06-16 08:54:18.438751034
TX002151,DEV0150,EMP0089,2025-02-11 07:41:00,2025-02-12 13:07:06.511002410
TX002152,DEV0199,EMP0112,2024-01-11 10:45:00,2024-01-13 03:52:28.004926181
TX002153,DEV0179,EMP0009,2025-07-01 10:49:00,2025-07-08 10:41:06.500295095
TX002154,DEV0092,EMP0272,2024-06-16 11:50:00,2024-06-27 13:01:11.905308594
TX002155,DEV0028,EMP0370,2024-02-09 10:36:00,2024-02-13 01:42:44.770768082
TX002156,DEV0095,EMP0378,2024-12-04 16:38:00,2024-12-15 22:03:10.255324974
TX002157,DEV0165,EMP0284,2024-09-09 12:24:00,2024-10-18 11:41:52.789936483
TX002158,DEV0056,EMP0286,2026-01-25 08:14:00,2026-01-27 13:07:29.652271969
TX002159,DEV0201,EMP0073,2025-01-08 07:14:00,2025-01-18 18:36:06.839738836
TX002160,DEV0211,EMP0224,2025-03-21 14:24:00,2025-03-30 16:41:07.155793963
TX002161,DEV0023,EMP0257,2026-05-28 13:01:00,2026-06-03 09:46:04.098302227
TX002162,DEV0053,EMP0002,2025-07-05 09:54:00,2025-07-14 04:24:38.542850613
TX002163,DEV0113,EMP0106,2024-01-13 12:29:00,2024-02-05 05:37:57.906637225
TX002164,DEV0182,EMP0046,2025-03-21 07:19:00,2025-04-09 10:24:36.994804958
TX002165,DEV0082,EMP0201,2026-05-04 15:17:00,2026-05-18 02:18:09.330333083
TX002166,DEV0253,EMP0141,2025-06-06 07:43:00,2025-06-14 20:30:20.622934875
TX002167,DEV0250,EMP0086,2025-12-23 12:42:00,2025-12-25 16:06:14.176155912
TX002168,DEV0193,EMP0365,2024-12-18 15:33:00,2024-12-24 08:05:03.903308760
TX002169,DEV0186,EMP0138,2026-06-23 16:38:00,2026-07-01 21:48:59.712756390
TX002170,DEV0089,EMP0373,2025-04-06 07:50:00,2025-04-09 20:40:17.051543656
TX002171,DEV0091,EMP0089,2026-01-20 07:52:00,2026-01-30 14:31:37.207642596
TX002172,DEV0222,EMP0098,2024-12-04 17:06:00,2024-12-13 05:39:07.103480435
TX002173,DEV0043,EMP0379,2024-10-31 10:57:00,2024-11-05 03:17:39.622409387
TX002174,DEV0079,EMP0203,2026-03-04 09:47:00,2026-03-05 16:39:14.892867391
TX002175,DEV0223,EMP0186,2024-01-31 15:20:00,2024-02-17 09:59:37.414642739
TX002176,DEV0173,EMP0365,2026-03-05 12:42:00,2026-03-12 11:12:42.540651067
TX002177,DEV0152,EMP0152,2026-05-12 17:28:00,2026-05-15 11:23:15.667917824
TX002178,DEV0002,EMP0310,2026-04-26 15:03:00,2026-05-04 01:10:25.357249088
TX002179,DEV0213,EMP0049,2024-04-07 07:30:00,2024-04-16 18:27:14.858992754
TX002180,DEV0087,EMP0110,2025-10-04 18:58:00,2025-10-15 09:26:03.092329417
TX002181,DEV0145,EMP0031,2026-04-16 15:52:00,2026-04-21 16:14:45.999583540
TX002182,DEV0030,EMP0139,2024-10-12 13:58:00,2024-10-14 15:36:43.885773631
TX002183,DEV0166,EMP0353,2026-03-17 17:48:00,2026-04-23 00:47:37.069053669
TX002184,DEV0044,EMP0355,2025-08-31 08:34:00,2025-09-10 09:03:52.910406160
TX002185,DEV0162,EMP0295,2024-03-28 16:22:00,2024-04-11 04:48:24.163558622
TX002186,DEV0082,EMP0145,2026-03-18 17:08:00,2026-03-24 03:38:59.730405604
TX002187,DEV0082,EMP0058,2025-09-12 16:12:00,2025-09-21 11:02:44.503732361
TX002188,DEV0183,EMP0380,2025-08-14 14:49:00,2025-09-09 05:18:05.240111621
TX002189,DEV0192,EMP0218,2024-01-24 15:25:00,2024-02-02 15:32:04.831746427
TX002190,DEV0121,EMP0392,2026-04-07 16:12:00,2026-04-15 11:23:53.503354812
TX002191,DEV0015,EMP0304,2026-06-18 15:26:00,2026-06-25 14:13:21.357267282
TX002192,DEV0036,EMP0116,2026-02-17 13:29:00,2026-02-20 11:33:18.738622611
TX002193,DEV0044,EMP0033,2025-02-13 11:47:00,2025-02-18 14:20:03.940065637
TX002194,DEV0144,EMP0098,2025-07-03 15:03:00,2025-07-10 20:44:26.451276096
TX002195,DEV0012,EMP0094,2025-03-13 12:21:00,2025-03-17 06:44:41.952438391
TX002196,DEV0008,EMP0115,2026-08-13 08:50:00,2026-08-20 09:54:29.656138672
TX002197,DEV0082,EMP0395,2024-12-10 09:37:00,2024-12-16 09:18:04.273476078
TX002198,DEV0192,EMP0075,2024-12-23 11:30:00,2024-12-27 02:39:43.523657582
TX002199,DEV0027,EMP0140,2025-10-12 10:24:00,2025-10-15 10:29:38.164830369
TX002200,DEV0013,EMP0352,2026-05-20 18:16:00,2026-05-30 08:52:38.915456603
TX002201,DEV0119,EMP0065,2026-02-20 15:47:00,2026-02-24 00:52:34.427692601
TX002202,DEV0011,EMP0402,2026-03-09 15:13:00,2026-03-14 19:36:31.935327417
TX002203,DEV0083,EMP0402,2024-10-21 13:35:00,2024-10-28 04:11:45.451015107
TX002204,DEV0038,EMP0208,2025-07-28 10:05:00,2025-08-04 10:27:22.275240862
TX002205,DEV0055,EMP0419,2025-10-12 10:38:00,2025-10-16 20:52:20.961678745
TX002206,DEV0194,EMP0099,2024-08-20 16:37:00,2024-08-28 19:31:55.915079593
TX002207,DEV0112,EMP0125,2026-01-23 13:00:00,2026-01-30 03:11:54.944802868
TX002208,DEV0175,EMP0419,2025-05-03 12:32:00,2025-05-11 18:24:38.709814418
TX002209,DEV0033,EMP0153,2026-01-21 12:39:00,2026-01-27 15:29:22.720138899
TX002210,DEV0011,EMP0104,2026-06-07 14:40:00,2026-06-28 09:12:43.888690503
TX002211,DEV0155,EMP0353,2026-02-19 07:05:00,2026-02-23 10:39:38.107456436
TX002212,DEV0211,EMP0369,2024-10-13 10:34:00,2024-10-16 08:33:41.569597564
TX002213,DEV0224,EMP0365,2024-08-22 15:09:00,2024-09-09 17:48:37.759844741
TX002214,DEV0051,EMP0350,2024-06-14 10:18:00,2024-06-23 04:50:42.866688947
TX002215,DEV0043,EMP0203,2024-01-19 12:21:00,2024-02-05 19:29:24.201966891
TX002216,DEV0082,EMP0182,2026-01-01 07:04:00,2026-01-03 14:36:41.698149605
TX002217,DEV0046,EMP0068,2026-02-12 15:51:00,2026-02-13 18:15:25.776978938
TX002218,DEV0244,EMP0123,2026-03-04 11:12:00,2026-03-24 12:51:43.615486081
TX002219,DEV0202,EMP0194,2025-01-29 18:43:00,2025-02-14 22:08:23.422489271
TX002220,DEV0233,EMP0287,2024-07-02 13:06:00,2024-07-20 22:02:04.301816650
TX002221,DEV0032,EMP0294,2024-07-14 14:48:00,2024-08-04 09:03:26.516812309
TX002222,DEV0103,EMP0027,2026-03-24 14:38:00,2026-03-30 04:17:20.217405256
TX002223,DEV0093,EMP0172,2025-12-18 10:24:00,2025-12-22 06:07:04.691281082
TX002224,DEV0117,EMP0137,2024-04-02 18:43:00,2024-04-04 06:48:06.697053511
TX002225,DEV0241,EMP0366,2024-11-02 18:16:00,
TX002226,DEV0218,EMP0199,2025-10-27 12:00:00,2025-11-05 21:41:23.760436520
TX002227,DEV0052,EMP0026,2026-05-26 13:34:00,2026-05-31 04:01:34.974440160
TX002228,DEV0249,EMP0041,2025-02-17 08:25:00,2025-02-18 00:50:28.278855755
TX002229,DEV0151,EMP0412,2026-05-20 08:44:00,2026-07-15 14:23:25.555742170
TX002230,DEV0173,EMP0325,2024-10-09 17:50:00,2024-10-31 03:34:37.718563591
TX002231,DEV0176,EMP0105,2026-05-23 15:48:00,2026-05-30 21:14:54.691998528
TX002232,DEV0226,EMP0209,2024-02-22 16:56:00,2024-02-25 02:25:56.210066510
TX002233,DEV0246,EMP0285,2024-02-05 09:21:00,2024-02-18 20:24:17.170026249
TX002234,DEV0233,EMP0006,2026-03-19 14:06:00,2026-03-22 22:47:05.583806381
TX002235,DEV0161,EMP0072,2024-04-30 14:28:00,2024-05-07 17:27:25.113316968
TX002236,DEV0054,EMP0130,2026-06-21 08:49:00,2026-06-30 13:42:09.061452138
TX002237,DEV0074,EMP0082,2025-01-10 07:09:00,2025-01-14 00:34:51.223686850
TX002238,DEV0062,EMP0300,2024-06-14 08:21:00,2024-06-18 07:24:37.462146394
TX002239,DEV0205,EMP0154,2025-12-29 12:14:00,2026-01-09 13:55:09.730993247
TX002240,DEV0084,EMP0053,2024-01-10 18:39:00,2024-05-06 18:01:49.271741110
TX002241,DEV0102,EMP0041,2026-05-07 11:43:00,2026-05-15 16:56:46.188992569
TX002242,DEV0172,EMP0415,2026-06-24 15:48:00,2026-06-27 06:15:30.313004594
TX002243,DEV0131,EMP0210,2026-07-17 18:36:00,2026-07-29 08:38:30.500793249
TX002244,DEV0069,EMP0174,2026-06-01 18:20:00,2026-06-03 22:58:54.443675375
TX002245,DEV0068,EMP0138,2024-11-20 13:39:00,2024-11-23 00:43:30.746355695
TX002246,DEV0202,EMP0208,2024-12-03 14:21:00,2024-12-15 20:47:56.577853280
TX002247,DEV0202,EMP0095,2024-02-22 09:49:00,2024-02-25 20:33:36.874197550
TX002248,DEV0032,EMP0086,2024-06-24 14:13:00,2024-07-02 08:52:37.143021273
TX002249,DEV0135,EMP0166,2025-06-02 08:19:00,2025-06-17 06:51:50.004740281
TX002250,DEV0024,EMP0122,2024-07-27 07:35:00,2024-08-06 04:54:38.467242377
TX002251,DEV0031,EMP0041,2025-08-15 11:21:00,2025-08-24 00:37:50.932717655
TX002252,DEV0232,EMP0371,2025-02-07 08:17:00,2025-02-16 11:45:12.547973440
TX002253,DEV0091,EMP0294,2024-06-01 17:35:00,2024-06-03 19:46:20.488544577
TX002254,DEV0044,EMP0399,2026-02-14 12:55:00,2026-03-02 11:48:36.470048009
TX002255,DEV0022,EMP0321,2025-08-09 17:59:00,2025-08-28 01:52:14.946803598
TX002256,DEV0146,EMP0169,2024-08-11 13:45:00,2024-08-19 02:51:01.773626271
TX002257,DEV0032,EMP0140,2025-09-09 15:40:00,2025-09-20 21:16:17.469825926
TX002258,DEV0073,EMP0071,2026-07-17 08:56:00,2026-07-20 13:53:21.086846110
TX002259,DEV0026,EMP0249,2025-05-20 15:02:00,2025-05-29 08:24:43.884394291
TX002260,DEV0132,EMP0261,2024-08-09 11:32:00,2024-08-12 04:45:01.839641223
TX002261,DEV0092,EMP0386,2025-12-29 14:42:00,2026-01-09 23:05:35.359536939
TX002262,DEV0169,EMP0415,2025-10-25 11:34:00,2025-10-25 14:59:21.316030929
TX002263,DEV0251,EMP0258,2024-02-29 11:54:00,2024-03-16 14:37:27.400258731
TX002264,DEV0135,EMP0301,2024-12-19 11:00:00,2024-12-29 13:45:47.553789509
TX002265,DEV0194,EMP0213,2025-05-10 12:18:00,2025-05-26 04:36:33.476323180
TX002266,DEV0120,EMP0400,2024-03-15 09:12:00,2024-03-15 13:32:07.870597169
TX002267,DEV0162,EMP0243,2024-04-08 13:17:00,2024-04-15 13:43:55.354252097
TX002268,DEV0001,EMP0305,2025-06-12 10:28:00,2025-06-17 22:31:31.480218701
TX002269,DEV0091,EMP0027,2025-11-01 13:39:00,2025-11-07 01:47:17.014580200
TX002270,DEV0005,EMP0246,2025-06-26 17:25:00,2025-07-26 23:44:56.715904698
TX002271,DEV0145,EMP0232,2024-05-25 14:24:00,2024-06-05 19:47:00.838557701
TX002272,DEV0193,EMP0355,2026-07-20 16:12:00,2026-08-05 05:19:47.941247662
TX002273,DEV0104,EMP0125,2024-10-20 14:44:00,2024-11-04 15:27:51.306118604
TX002274,DEV0162,EMP0319,2025-12-13 12:19:00,2025-12-21 10:00:54.921070499
TX002275,DEV0229,EMP0302,2026-01-04 15:55:00,2026-01-08 21:20:36.172377772
TX002276,DEV0101,EMP0057,2024-02-04 12:24:00,2024-02-05 20:03:46.264981357
TX002277,DEV0036,EMP0328,2025-05-02 10:47:00,2025-05-13 00:45:00.476200733
TX002278,DEV0195,EMP0261,2026-04-12 16:19:00,
TX002279,DEV0202,EMP0368,2025-10-24 13:46:00,2025-10-28 10:16:41.755876345
TX002280,DEV0165,EMP0066,2024-06-26 11:47:00,2024-07-18 20:11:39.256036159
TX002281,DEV0085,EMP0091,2026-03-11 16:03:00,2026-03-20 19:57:44.717454518
TX002282,DEV0042,EMP0245,2026-02-28 12:00:00,2026-03-01 00:33:33.148886004
TX002283,DEV0105,EMP0226,2024-01-28 07:48:00,2024-02-07 06:21:26.655962426
TX002284,DEV0077,EMP0368,2024-09-05 09:58:00,2024-09-16 02:00:26.555478428
TX002285,DEV0203,EMP0289,2026-05-11 14:45:00,2026-05-19 18:50:50.310219890
TX002286,DEV0031,EMP0166,2026-06-05 10:56:00,2026-06-10 10:05:37.932504527
TX002287,DEV0024,EMP0163,2025-08-10 07:58:00,2025-08-13 14:33:12.947307182
TX002288,DEV0106,EMP0279,2025-02-23 14:42:00,2025-03-09 13:07:27.321880251
TX002289,DEV0213,EMP0018,2025-04-15 14:40:00,2025-05-16 03:21:15.954119580
TX002290,DEV0194,EMP0141,2026-07-11 10:14:00,2026-07-15 23:56:17.299763316
TX002291,DEV0257,EMP0117,2025-02-09 10:32:00,2025-02-12 17:30:50.746466158
TX002292,DEV0206,EMP0327,2024-12-02 17:57:00,2024-12-03 03:04:25.783115442
TX002293,DEV0139,EMP0278,2026-01-08 17:36:00,2026-01-10 00:14:37.040535902
TX002294,DEV0181,EMP0118,2025-05-15 11:21:00,2025-05-18 13:22:32.438691292
TX002295,DEV0141,EMP0271,2025-04-01 16:15:00,2025-04-06 04:37:40.474821337
TX002296,DEV0071,EMP0109,2024-10-17 10:59:00,2024-10-24 17:42:57.165116052
TX002297,DEV0074,EMP0180,2024-01-06 12:51:00,2024-01-29 19:20:26.753883283
TX002298,DEV0001,EMP0379,2025-10-19 16:07:00,2025-11-02 02:33:22.092611125
TX002299,DEV0256,EMP0048,2025-07-19 09:23:00,2025-07-22 21:40:14.619199002
TX002300,DEV0054,EMP0069,2025-04-22 15:00:00,2025-04-25 03:50:13.924535618
TX002301,DEV0184,EMP0160,2026-05-15 15:56:00,2026-05-21 20:14:13.199801078
TX002302,DEV0011,EMP0032,2025-11-29 08:00:00,2025-12-09 04:34:11.223022626
TX002303,DEV0111,EMP0229,2026-08-20 17:44:00,2026-08-29 17:04:04.603350907
TX002304,DEV0051,EMP0403,2025-09-30 07:37:00,2025-10-02 06:00:46.774489891
TX002305,DEV0202,EMP0186,2025-04-13 10:25:00,2025-04-18 16:18:23.375035860
TX002306,DEV0082,EMP0192,2025-05-18 09:36:00,2025-05-20 03:32:42.676677377
TX002307,DEV0227,EMP0160,2025-11-30 16:06:00,2025-12-02 04:30:21.369227568
TX002308,DEV0155,EMP0018,2024-01-27 16:44:00,2024-02-05 19:47:46.562952136
TX002309,DEV0181,EMP0388,2025-06-03 16:36:00,2025-06-13 00:01:23.339655570
TX002310,DEV0084,EMP0282,2024-10-31 08:11:00,2024-11-05 22:43:55.389999792
TX002311,DEV0110,EMP0248,2026-07-31 10:54:00,2026-08-02 02:12:31.171963094
TX002312,DEV0255,EMP0003,2024-12-29 10:52:00,2025-01-11 17:32:22.765301138
TX002313,DEV0023,EMP0173,2025-04-11 13:02:00,2025-04-17 08:19:40.397594895
TX002314,DEV0245,EMP0347,2024-04-07 15:39:00,2024-04-14 01:18:11.137730394
TX002315,DEV0256,EMP0401,2025-09-17 18:46:00,2025-09-22 16:40:14.032381510
TX002316,DEV0213,EMP0221,2025-10-21 10:36:00,2025-10-30 13:39:45.473796998
TX002317,DEV0024,EMP0420,2024-12-03 17:37:00,2024-12-08 04:53:52.085308972
TX002318,DEV0214,EMP0054,2024-06-23 12:10:00,2024-06-26 03:26:26.276504062
TX002319,DEV0082,EMP0319,2026-03-29 07:56:00,2026-04-01 18:53:51.629328715
TX002320,DEV0042,EMP0087,2024-12-31 12:25:00,2025-01-18 00:40:29.966592877
TX002321,DEV0165,EMP0120,2026-07-16 09:03:00,2026-08-09 13:32:08.205621941
TX002322,DEV0233,EMP0135,2024-01-02 12:44:00,2024-01-04 11:40:51.858009164
TX002323,DEV0223,EMP0033,2026-03-12 18:41:00,2026-03-18 20:44:52.065004353
TX002324,DEV0129,EMP0200,2024-03-16 17:57:00,2024-03-18 05:14:51.600632075
TX002325,DEV0151,EMP0371,2025-12-15 10:09:00,2025-12-25 10:08:34.563739390
TX002326,DEV0182,EMP0312,2024-08-15 09:12:00,2024-08-21 07:29:30.071353041
TX002327,DEV0197,EMP0084,2025-07-08 07:10:00,2025-07-10 18:07:39.346269339
TX002328,DEV0231,EMP0113,2025-12-01 08:39:00,2025-12-06 03:27:13.745640782
TX002329,DEV0146,EMP0272,2025-08-29 14:58:00,2025-09-10 17:40:14.636243790
TX002330,DEV0061,EMP0094,2024-02-21 07:36:00,2024-02-26 04:08:33.540139155
TX002331,DEV0117,EMP0208,2025-06-06 08:37:00,2025-06-07 09:17:30.391116858
TX002332,DEV0253,EMP0219,2024-02-02 18:12:00,2024-02-11 23:13:30.001658709
TX002333,DEV0041,EMP0381,2025-12-05 09:34:00,2025-12-17 08:51:49.570913431
TX002334,DEV0251,EMP0145,2024-04-15 11:35:00,2024-04-20 00:10:25.246887940
TX002335,DEV0087,EMP0121,2025-12-30 13:26:00,2026-01-02 11:28:34.245268324
TX002336,DEV0022,EMP0316,2024-04-09 17:57:00,2024-04-13 10:57:27.285967573
TX002337,DEV0184,EMP0295,2024-12-09 12:26:00,2024-12-13 17:20:57.620389142
TX002338,DEV0053,EMP0299,2024-01-03 17:41:00,2024-01-16 00:12:17.835435814
TX002339,DEV0192,EMP0131,2026-07-12 09:38:00,2026-07-16 22:56:53.001747517
TX002340,DEV0129,EMP0061,2026-06-12 11:49:00,2026-06-13 04:56:49.547503548
TX002341,DEV0222,EMP0291,2024-08-15 10:18:00,2024-08-20 22:07:52.367481003
TX002342,DEV0126,EMP0320,2024-07-04 07:16:00,2024-07-12 08:40:46.894902892
TX002343,DEV0084,EMP0060,2026-05-27 14:46:00,2026-06-15 08:35:17.072818949
TX002344,DEV0183,EMP0250,2025-02-16 18:57:00,2025-02-26 20:48:30.565508713
TX002345,DEV0111,EMP0295,2025-05-09 16:11:00,2025-05-11 20:18:01.757285910
TX002346,DEV0245,EMP0189,2024-06-09 09:49:00,2024-06-15 22:16:59.825740238
TX002347,DEV0111,EMP0092,2025-03-18 09:19:00,2025-03-21 17:54:37.521972809
TX002348,DEV0091,EMP0125,2024-04-09 14:03:00,2024-04-12 13:35:08.404295804
TX002349,DEV0223,EMP0131,2026-01-06 18:32:00,2026-01-12 00:02:35.719663154
TX002350,DEV0074,EMP0273,2024-08-31 18:58:00,2024-09-08 09:06:16.567262876
TX002351,DEV0080,EMP0003,2025-01-18 13:04:00,2025-01-19 17:05:17.239026153
TX002352,DEV0122,EMP0030,2024-10-26 07:21:00,2024-11-22 02:47:26.868818873
TX002353,DEV0181,EMP0247,2026-04-26 15:54:00,2026-05-09 08:19:07.134136837
TX002354,DEV0241,EMP0132,2024-01-23 16:24:00,2024-01-28 09:25:51.154241498
TX002355,DEV0246,EMP0194,2024-01-29 17:11:00,2024-01-31 13:43:40.406003290
TX002356,DEV0077,EMP0303,2025-01-15 15:27:00,2025-01-18 07:43:09.214519699
TX002357,DEV0052,EMP0267,2025-02-02 18:42:00,2025-02-17 20:45:41.214232541
TX002358,DEV0244,EMP0379,2025-06-20 11:21:00,2025-06-26 04:52:20.629054741
TX002359,DEV0055,EMP0414,2024-03-29 07:11:00,2024-04-19 19:28:22.717474665
TX002360,DEV0031,EMP0408,2025-01-02 14:29:00,2025-01-13 21:55:12.847570617
TX002361,DEV0231,EMP0140,2026-06-03 16:57:00,2026-06-12 13:50:41.836623835
TX002362,DEV0035,EMP0267,2024-03-24 12:04:00,2024-04-02 05:12:42.231529571
TX002363,DEV0021,EMP0241,2025-01-31 10:04:00,2025-02-14 14:38:59.006420676
TX002364,DEV0176,EMP0015,2024-10-04 08:56:00,2024-10-10 11:54:06.901650953
TX002365,DEV0012,EMP0397,2024-01-28 11:08:00,2024-02-11 00:12:58.685674153
TX002366,DEV0044,EMP0066,2024-09-25 14:03:00,2024-09-26 23:54:36.053286986
TX002367,DEV0150,EMP0136,2025-07-01 08:15:00,2025-07-01 13:37:17.021615711
TX002368,DEV0143,EMP0260,2024-10-27 13:43:00,2024-10-29 05:48:56.352249941
TX002369,DEV0083,EMP0315,2025-09-10 12:00:00,2025-09-11 12:02:50.347608530
TX002370,DEV0001,EMP0211,2025-11-19 16:39:00,2025-11-27 07:40:28.072916821
TX002371,DEV0147,EMP0329,2024-08-20 10:31:00,2024-08-25 08:19:02.259680454
TX002372,DEV0112,EMP0068,2026-08-16 11:53:00,2026-09-03 02:05:02.742285220
TX002373,DEV0222,EMP0273,2024-06-27 14:25:00,2024-07-18 12:47:37.232151660
TX002374,DEV0127,EMP0060,2024-04-18 18:57:00,2024-04-25 10:54:26.370575381
TX002375,DEV0003,EMP0196,2024-09-14 16:20:00,2024-09-22 20:36:24.558860804
TX002376,DEV0212,EMP0384,2024-06-17 16:42:00,2024-07-04 10:00:56.234349602
TX002377,DEV0035,EMP0289,2025-08-26 11:05:00,2025-09-18 11:40:53.592706218
TX002378,DEV0231,EMP0372,2026-07-23 08:02:00,2026-08-05 19:00:18.565833645
TX002379,DEV0044,EMP0410,2026-03-07 07:50:00,2026-03-18 23:44:16.628199755
TX002380,DEV0032,EMP0074,2024-05-24 18:56:00,2024-05-28 02:24:44.580617339
TX002381,DEV0211,EMP0156,2024-10-28 16:28:00,2024-11-20 14:24:35.069705530
TX002382,DEV0132,EMP0137,2024-02-12 11:30:00,2024-02-19 23:32:33.309633145
TX002383,DEV0111,EMP0318,2025-02-18 16:09:00,2025-02-23 02:15:01.850809454
TX002384,DEV0049,EMP0180,2025-11-15 17:26:00,2025-11-19 19:37:43.781958832
TX002385,DEV0133,EMP0242,2025-04-01 18:57:00,2025-04-09 19:12:02.236883263
TX002386,DEV0233,EMP0299,2026-07-28 12:04:00,2026-08-16 07:26:51.037138396
TX002387,DEV0208,EMP0094,2025-09-29 09:12:00,2025-10-10 18:12:00.282991682
TX002388,DEV0151,EMP0183,2025-09-11 09:08:00,2025-09-27 06:51:32.270366408
TX002389,DEV0242,EMP0320,2026-01-28 17:44:00,2026-02-12 16:15:54.788919461
TX002390,DEV0131,EMP0144,2024-04-07 09:32:00,2024-07-02 03:31:06.881701467
TX002391,DEV0011,EMP0093,2025-02-25 11:49:00,2025-03-10 12:59:07.408215354
TX002392,DEV0072,EMP0022,2026-05-19 14:42:00,2026-05-28 10:00:13.738390381
TX002393,DEV0134,EMP0407,2026-06-17 13:12:00,2026-06-21 09:02:40.658279952
TX002394,DEV0082,EMP0263,2024-02-06 18:25:00,2024-02-13 09:40:31.206010531
TX002395,DEV0094,EMP0115,2025-09-17 16:53:00,2025-09-30 18:30:47.931029402
TX002396,DEV0042,EMP0179,2024-10-20 11:03:00,2024-10-21 16:28:00.784020710
TX002397,DEV0119,EMP0241,2024-12-08 07:12:00,2024-12-08 12:00:50.539943098
TX002398,DEV0219,EMP0017,2026-05-31 07:28:00,2026-06-01 00:36:06.510282706
TX002399,DEV0107,EMP0134,2025-07-21 17:32:00,2025-07-22 22:45:25.441132025
TX002400,DEV0212,EMP0054,2025-06-27 08:29:00,2025-07-02 01:08:47.218469701
TX002401,DEV0197,EMP0058,2025-04-09 09:09:00,2025-04-13 17:34:22.050476055
TX002402,DEV0136,EMP0267,2025-09-29 12:28:00,2025-10-08 08:47:51.404292608
TX002403,DEV0255,EMP0309,2025-12-02 17:36:00,2025-12-09 02:49:00.749806429
TX002404,DEV0083,EMP0151,2024-05-01 09:07:00,2024-05-06 17:00:27.261483792
TX002405,DEV0215,EMP0297,2026-05-30 12:10:00,2026-06-01 09:33:14.084388348
TX002406,DEV0124,EMP0244,2025-01-04 16:17:00,2025-01-11 23:21:16.539133751
TX002407,DEV0051,EMP0155,2025-09-18 18:27:00,2025-10-07 17:17:44.129698429
TX002408,DEV0199,EMP0201,2025-12-10 13:12:00,2025-12-12 09:23:26.584955944
TX002409,DEV0205,EMP0312,2026-05-20 09:53:00,2026-05-25 22:36:19.002623304
TX002410,DEV0036,EMP0056,2024-02-27 14:18:00,2024-03-03 02:02:34.232299271
TX002411,DEV0093,EMP0420,2024-09-25 16:22:00,2024-09-30 06:56:31.279103661
TX002412,DEV0132,EMP0369,2026-02-01 11:49:00,2026-02-17 12:20:42.069454063
TX002413,DEV0211,EMP0037,2026-03-13 10:33:00,2026-03-28 19:08:11.346417392
TX002414,DEV0161,EMP0215,2026-08-16 13:30:00,2026-08-23 05:02:18.288314470
TX002415,DEV0142,EMP0317,2025-10-10 12:06:00,2025-10-17 08:25:15.345658823
TX002416,DEV0255,EMP0199,2024-09-03 11:50:00,2024-09-17 20:44:36.642052386
TX002417,DEV0114,EMP0390,2026-02-12 18:16:00,2026-03-01 13:14:03.167371917
TX002418,DEV0072,EMP0252,2024-06-10 18:19:00,2024-06-16 11:17:48.337064275
TX002419,DEV0152,EMP0105,2025-06-08 08:29:00,2025-06-12 11:09:08.938084222
TX002420,DEV0211,EMP0403,2024-02-29 15:28:00,2024-03-06 14:21:10.643550542
TX002421,DEV0019,EMP0026,2024-02-06 16:34:00,2024-02-09 18:42:57.931349346
TX002422,DEV0074,EMP0021,2024-06-09 17:24:00,2024-06-18 14:51:35.452912538
TX002423,DEV0254,EMP0211,2025-05-01 17:20:00,2025-05-14 23:44:24.113705345
TX002424,DEV0080,EMP0405,2025-04-15 17:13:00,2025-04-18 20:40:35.260447941
TX002425,DEV0196,EMP0201,2026-08-02 09:50:00,2026-08-03 10:45:26.965121172
TX002426,DEV0065,EMP0262,2024-01-14 09:45:00,2024-01-17 23:50:18.146670365
TX002427,DEV0253,EMP0235,2025-10-22 08:09:00,2025-10-30 06:01:53.951675150
TX002428,DEV0164,EMP0251,2025-12-03 13:42:00,2025-12-16 13:51:38.535030458
TX002429,DEV0012,EMP0397,2024-03-22 09:27:00,2024-03-28 11:02:07.987013431
TX002430,DEV0003,EMP0046,2026-02-27 11:58:00,2026-03-04 12:12:39.546362887
TX002431,DEV0205,EMP0354,2025-05-07 16:53:00,2025-05-09 18:04:25.411945879
TX002432,DEV0132,EMP0165,2024-12-29 14:19:00,2025-01-12 01:06:32.041195326
TX002433,DEV0084,EMP0313,2024-08-19 15:07:00,2024-09-16 17:28:47.873518502
TX002434,DEV0250,EMP0248,2024-09-28 10:01:00,2024-09-28 18:08:50.461585957
TX002435,DEV0031,EMP0256,2025-10-05 18:21:00,2025-10-21 19:55:52.002351790
TX002436,DEV0162,EMP0056,2026-01-29 07:41:00,2026-01-31 06:38:28.640117357
TX002437,DEV0002,EMP0245,2025-11-11 14:15:00,2025-11-22 23:16:49.175705737
TX002438,DEV0041,EMP0137,2024-01-20 14:07:00,2024-02-02 05:31:04.444536821
TX002439,DEV0211,EMP0158,2024-05-22 09:25:00,2024-06-05 13:55:11.081677585
TX002440,DEV0173,EMP0043,2025-09-16 11:21:00,2025-09-18 17:00:32.636274411
TX002441,DEV0251,EMP0332,2024-10-14 15:47:00,2024-10-27 22:31:15.264935822
TX002442,DEV0203,EMP0017,2025-01-31 13:12:00,2025-02-07 02:43:22.627845180
TX002443,DEV0254,EMP0117,2024-08-26 15:30:00,2024-09-07 19:22:32.616700893
TX002444,DEV0167,EMP0100,2025-04-25 15:31:00,2025-04-27 03:04:19.249022121
TX002445,DEV0094,EMP0403,2025-05-18 10:55:00,2025-05-20 08:47:25.571858545
TX002446,DEV0097,EMP0079,2024-09-21 08:36:00,2024-09-22 08:56:25.753027434
TX002447,DEV0205,EMP0360,2026-07-18 07:16:00,2026-07-27 18:38:07.560664039
TX002448,DEV0205,EMP0316,2025-07-21 08:08:00,2025-07-21 16:25:42.246364543
TX002449,DEV0051,EMP0334,2026-02-04 07:56:00,2026-02-10 19:21:19.259798419
TX002450,DEV0171,EMP0386,2024-12-27 17:25:00,2024-12-30 07:39:45.216261518
TX002451,DEV0141,EMP0160,2024-06-08 18:29:00,2024-06-11 08:20:23.982131291
TX002452,DEV0040,EMP0365,2025-05-31 18:16:00,2025-06-02 02:47:54.033789981
TX002453,DEV0171,EMP0319,2025-01-18 10:09:00,2025-01-27 23:33:31.434636656
TX002454,DEV0051,EMP0201,2026-05-03 14:48:00,2026-05-22 21:49:04.592084091
TX002455,DEV0128,EMP0175,2025-01-15 14:56:00,2025-01-17 14:47:21.286900347
TX002456,DEV0212,EMP0320,2025-12-07 14:38:00,2025-12-13 17:21:18.763708738
TX002457,DEV0151,EMP0397,2024-04-10 09:56:00,2024-04-18 12:14:44.505103214
TX002458,DEV0133,EMP0132,2024-11-29 16:40:00,2024-12-03 11:47:16.505589760
TX002459,DEV0135,EMP0396,2025-03-25 17:51:00,2025-04-06 12:39:19.920631204
TX002460,DEV0010,EMP0322,2026-06-20 08:59:00,2026-06-21 17:41:27.767587218
TX002461,DEV0037,EMP0291,2026-08-30 14:55:00,2026-09-06 20:41:54.530625009
TX002462,DEV0232,EMP0101,2025-10-19 18:26:00,2025-10-28 11:01:43.852053591
TX002463,DEV0223,EMP0266,2024-01-03 07:09:00,2024-01-12 00:39:16.651157187
TX002464,DEV0005,EMP0290,2025-12-25 09:14:00,2026-01-05 23:35:03.672380584
TX002465,DEV0153,EMP0339,2025-11-07 17:34:00,2025-11-08 18:06:35.525329216
TX002466,DEV0126,EMP0401,2025-03-16 15:26:00,2025-03-17 14:21:23.355343762
TX002467,DEV0235,EMP0125,2025-08-31 14:02:00,2025-09-08 20:06:49.594595418
TX002468,DEV0242,EMP0343,2026-04-03 07:34:00,2026-04-17 12:50:54.758793339
TX002469,DEV0041,EMP0368,2026-05-30 12:39:00,2026-06-03 06:45:05.493067355
TX002470,DEV0234,EMP0390,2024-01-06 11:33:00,2024-01-18 20:44:11.977978962
TX002471,DEV0169,EMP0186,2024-09-24 10:41:00,2024-09-27 00:52:29.968331555
TX002472,DEV0124,EMP0399,2025-05-09 08:24:00,2025-05-14 13:53:51.481291820
TX002473,DEV0103,EMP0322,2024-10-19 12:39:00,2024-10-28 14:18:00.656598475
TX002474,DEV0025,EMP0326,2024-06-05 11:24:00,2024-06-19 11:32:18.756207299
TX002475,DEV0162,EMP0315,2026-02-13 16:23:00,2026-02-21 12:56:34.893124076
TX002476,DEV0208,EMP0269,2026-05-14 14:05:00,2026-05-15 22:44:26.608463983
TX002477,DEV0102,EMP0102,2025-07-12 12:03:00,2025-07-18 04:46:23.703254978
TX002478,DEV0121,EMP0183,2026-07-24 12:41:00,2026-07-26 07:22:07.440940823
TX002479,DEV0080,EMP0008,2025-08-22 07:12:00,2025-08-24 21:27:06.916331539
TX002480,DEV0137,EMP0374,2024-09-11 14:41:00,2024-09-16 00:00:51.274705277
TX002481,DEV0041,EMP0386,2024-11-16 10:21:00,2024-11-19 06:10:23.531864081
TX002482,DEV0205,EMP0310,2026-08-28 08:56:00,2026-12-22 13:15:46.754845556
TX002483,DEV0223,EMP0410,2024-09-17 10:11:00,2024-10-01 10:11:21.356467225
TX002484,DEV0186,EMP0103,2025-03-26 13:22:00,2025-04-01 21:08:58.822890267
TX002485,DEV0112,EMP0024,2024-09-17 17:08:00,2024-09-24 11:36:37.543125556
TX002486,DEV0179,EMP0122,2026-03-07 11:44:00,2026-03-11 11:18:14.459364993
TX002487,DEV0040,EMP0330,2026-05-22 16:06:00,2026-05-22 19:39:30.122283222
TX002488,DEV0153,EMP0384,2026-02-04 10:34:00,2026-02-22 10:08:15.050571171
TX002489,DEV0152,EMP0228,2024-08-05 11:58:00,2024-08-08 07:09:33.563363051
TX002490,DEV0099,EMP0017,2024-08-09 08:10:00,2024-08-17 12:22:56.975968596
TX002491,DEV0221,EMP0177,2025-09-07 16:08:00,2025-09-16 13:34:40.087036578
TX002492,DEV0043,EMP0198,2026-06-10 15:41:00,2026-06-13 11:58:52.005876586
TX002493,DEV0191,EMP0154,2025-01-10 15:23:00,2025-01-16 04:44:49.624086654
TX002494,DEV0252,EMP0116,2026-05-19 11:05:00,2026-06-11 23:23:35.585772759
TX002495,DEV0193,EMP0023,2026-06-01 15:56:00,2026-06-14 09:41:05.543899503
TX002496,DEV0014,EMP0180,2025-07-20 13:29:00,2025-07-25 17:41:29.321275941
TX002497,DEV0186,EMP0159,2025-02-07 16:19:00,2025-02-09 22:39:55.052270752
TX002498,DEV0003,EMP0076,2026-07-10 17:45:00,2026-07-13 01:45:16.592064030
TX002499,DEV0032,EMP0072,2024-07-05 07:57:00,2024-07-11 05:12:05.243742220
TX002500,DEV0122,EMP0012,2025-09-13 12:17:00,2025-09-17 04:06:45.174460116
TX002501,DEV0162,EMP0029,2026-03-20 13:01:00,2026-03-25 23:09:16.820871840
TX002502,DEV0092,EMP0124,2025-08-27 15:02:00,2025-09-04 18:06:53.574405283
TX002503,DEV0003,EMP0006,2026-06-07 07:15:00,2026-06-23 23:54:00.393439056
TX002504,DEV0012,EMP0388,2025-06-30 09:32:00,2025-07-02 00:52:08.511601939
TX002505,DEV0037,EMP0285,2024-05-21 16:44:00,2024-05-22 23:18:40.079040414
TX002506,DEV0011,EMP0106,2025-11-10 11:59:00,2025-11-12 03:11:23.069680048
TX002507,DEV0003,EMP0025,2025-05-11 18:16:00,2025-05-22 14:30:04.829513242
TX002508,DEV0052,EMP0235,2026-03-17 11:55:00,2026-03-25 16:51:39.599042459
TX002509,DEV0035,EMP0031,2026-02-26 17:34:00,2026-03-08 10:57:14.081078421
TX002510,DEV0083,EMP0284,2024-01-17 11:10:00,2024-01-26 10:09:07.583688038
TX002511,DEV0104,EMP0287,2025-06-17 18:04:00,2025-07-01 01:29:03.039538615
TX002512,DEV0206,EMP0149,2024-12-18 14:25:00,2024-12-20 11:41:59.563571785
TX002513,DEV0125,EMP0054,2024-10-06 17:30:00,2024-10-21 01:55:46.244590131
TX002514,DEV0185,EMP0412,2024-04-04 08:52:00,2024-05-10 20:22:12.707254541
TX002515,DEV0223,EMP0249,2026-07-31 09:16:00,2026-08-10 04:58:01.439430508
TX002516,DEV0017,EMP0315,2025-05-05 15:52:00,2025-05-09 16:42:26.836142453
TX002517,DEV0135,EMP0088,2025-12-14 14:03:00,2025-12-22 13:21:21.387725662
TX002518,DEV0108,EMP0078,2024-02-11 15:57:00,2024-02-15 16:13:54.789652200
TX002519,DEV0152,EMP0272,2026-08-19 09:17:00,2026-08-30 04:40:15.881434361
TX002520,DEV0099,EMP0240,2024-03-23 09:56:00,2024-03-25 05:38:53.252280957
TX002521,DEV0069,EMP0005,2026-06-15 10:39:00,2026-06-20 22:16:12.094668101
TX002522,DEV0226,EMP0389,2024-02-18 08:31:00,2024-02-20 06:21:00.263768582
TX002523,DEV0214,EMP0019,2024-12-28 10:14:00,2025-01-28 00:31:39.749332855
TX002524,DEV0163,EMP0157,2024-12-23 12:59:00,2024-12-30 12:54:46.584671523
TX002525,DEV0252,EMP0065,2025-07-22 15:47:00,2025-07-28 19:53:38.387600784
TX002526,DEV0185,EMP0377,2025-11-13 14:07:00,2025-12-24 23:43:19.998653532
TX002527,DEV0180,EMP0210,2025-11-30 13:21:00,2025-12-01 22:07:08.898236608
TX002528,DEV0156,EMP0201,2025-12-25 18:51:00,2025-12-31 04:50:16.791351719
TX002529,DEV0217,EMP0353,2024-03-14 13:33:00,2024-03-17 09:46:38.655303814
TX002530,DEV0026,EMP0125,2024-05-12 11:38:00,2024-05-15 19:07:31.201306733
TX002531,DEV0041,EMP0113,2026-04-25 14:34:00,2026-04-26 06:47:47.870941599
TX002532,DEV0231,EMP0112,2024-03-08 09:39:00,2024-03-16 12:58:38.129690199
TX002533,DEV0232,EMP0172,2024-03-21 10:52:00,2024-03-22 23:15:18.318924487
TX002534,DEV0132,EMP0407,2026-07-11 13:12:00,2026-07-18 13:09:19.868474838
TX002535,DEV0021,EMP0134,2025-02-26 16:46:00,2025-03-03 17:54:34.356057273
TX002536,DEV0184,EMP0331,2024-10-06 11:24:00,2024-10-23 08:56:57.615889762
TX002537,DEV0047,EMP0147,2026-05-10 10:50:00,2026-05-20 00:35:54.674544954
TX002538,DEV0183,EMP0044,2025-05-19 13:18:00,2025-05-25 18:44:27.072510155
TX002539,DEV0029,EMP0036,2025-09-30 18:49:00,2025-10-05 13:09:12.947724274
TX002540,DEV0092,EMP0019,2026-03-03 15:38:00,2026-03-04 23:40:54.088010847
TX002541,DEV0127,EMP0202,2024-11-13 17:20:00,2024-11-21 10:40:36.812194658
TX002542,DEV0031,EMP0078,2025-07-17 11:44:00,2025-07-28 05:53:51.168808718
TX002543,DEV0202,EMP0155,2025-12-24 09:00:00,2026-01-10 10:43:00.760670519
TX002544,DEV0032,EMP0196,2025-08-28 14:56:00,2025-09-13 13:29:53.497243305
TX002545,DEV0013,EMP0176,2026-06-26 07:58:00,2026-07-02 20:43:07.503110544
TX002546,DEV0144,EMP0267,2025-10-22 09:21:00,2025-11-03 18:28:40.125760107
TX002547,DEV0257,EMP0038,2024-07-17 15:00:00,2024-07-26 04:57:48.717116960
TX002548,DEV0071,EMP0320,2024-01-26 08:15:00,2024-02-03 09:01:35.111181385
TX002549,DEV0227,EMP0361,2026-06-06 18:19:00,2026-06-14 18:37:01.675780935
TX002550,DEV0183,EMP0337,2024-07-12 15:11:00,2024-07-21 22:22:48.843997346
TX002551,DEV0186,EMP0050,2024-07-25 18:23:00,2024-08-09 20:09:16.365291302
TX002552,DEV0253,EMP0303,2024-04-11 15:16:00,2024-04-17 04:11:58.708480800
TX002553,DEV0014,EMP0114,2024-05-03 10:22:00,2024-05-09 14:13:05.524360580
TX002554,DEV0005,EMP0138,2026-03-18 09:55:00,2026-03-28 06:03:54.728857957
TX002555,DEV0146,EMP0110,2024-12-31 17:13:00,2025-01-05 19:49:18.977666099
TX002556,DEV0171,EMP0202,2025-03-19 12:08:00,2025-03-26 05:08:38.105567434
TX002557,DEV0138,EMP0096,2024-05-07 17:36:00,2024-05-17 04:16:06.138705381
TX002558,DEV0162,EMP0384,2026-05-06 13:56:00,2026-05-10 03:45:52.939450802
TX002559,DEV0201,EMP0047,2024-02-14 13:54:00,2024-02-20 02:31:44.060505781
TX002560,DEV0122,EMP0090,2025-03-06 18:44:00,2025-03-20 20:30:19.772508821
TX002561,DEV0241,EMP0045,2026-02-12 15:44:00,2026-02-15 21:26:27.422000724
TX002562,DEV0242,EMP0140,2026-02-21 17:09:00,2026-03-02 04:51:52.923353116
TX002563,DEV0155,EMP0313,2026-08-08 10:32:00,2026-09-10 18:48:17.640315888
TX002564,DEV0151,EMP0241,2026-05-28 15:00:00,2026-06-12 11:37:20.732428925
TX002565,DEV0221,EMP0144,2026-01-13 07:29:00,2026-01-16 16:43:42.575985110
TX002566,DEV0063,EMP0247,2024-11-12 14:55:00,2024-11-16 12:26:25.846836606
TX002567,DEV0001,EMP0261,2024-08-26 13:39:00,2024-09-04 15:55:18.444657506
TX002568,DEV0012,EMP0314,2025-06-13 08:33:00,2025-08-06 08:34:45.748415691
TX002569,DEV0241,EMP0040,2025-04-14 09:01:00,2025-05-03 07:48:24.567143501
TX002570,DEV0043,EMP0362,2024-06-23 14:19:00,2024-07-04 16:57:33.078554245
TX002571,DEV0111,EMP0196,2024-05-22 10:52:00,2024-06-02 09:15:53.138945855
TX002572,DEV0182,EMP0346,2026-02-19 14:24:00,2026-02-19 23:26:52.364160616
TX002573,DEV0091,EMP0298,2024-11-15 08:01:00,2024-11-19 11:46:36.946861009
TX002574,DEV0240,EMP0347,2025-12-17 13:34:00,2025-12-18 18:03:59.697390787
TX002575,DEV0063,EMP0407,2026-07-20 12:13:00,2026-07-27 04:31:19.089809341
TX002576,DEV0093,EMP0087,2026-01-30 11:12:00,2026-02-04 00:15:49.193845611
TX002577,DEV0161,EMP0323,2025-04-03 15:39:00,2025-04-06 21:22:34.253102809
TX002578,DEV0156,EMP0236,2025-01-26 18:04:00,2025-01-29 21:28:41.026436871
TX002579,DEV0005,EMP0108,2025-06-13 11:15:00,2025-06-19 21:33:17.923927725
TX002580,DEV0187,EMP0125,2026-01-28 09:04:00,2026-02-02 04:58:21.399872839
TX002581,DEV0203,EMP0109,2024-04-14 07:14:00,2024-04-27 17:56:23.665886074
TX002582,DEV0146,EMP0260,2024-11-28 16:38:00,2024-12-01 18:35:23.498420848
TX002583,DEV0023,EMP0381,2026-03-07 12:12:00,2026-03-22 20:33:49.235089975
TX002584,DEV0069,EMP0269,2025-07-08 13:00:00,2025-07-10 08:45:54.357233055
TX002585,DEV0112,EMP0293,2026-04-24 15:24:00,2026-04-29 05:14:38.550274628
TX002586,DEV0093,EMP0309,2025-10-21 07:45:00,2025-10-24 06:12:14.683216089
TX002587,DEV0196,EMP0121,2025-11-26 15:11:00,2025-11-29 20:27:28.117034669
TX002588,DEV0045,EMP0347,2024-10-23 14:20:00,2024-10-29 01:45:05.144885054
TX002589,DEV0041,EMP0165,2025-01-13 12:08:00,2025-02-10 05:03:25.606362407
TX002590,DEV0014,EMP0315,2026-05-08 11:53:00,2026-05-18 15:45:06.457344765
TX002591,DEV0211,EMP0039,2026-05-06 13:36:00,2026-05-24 07:51:44.295301223
TX002592,DEV0130,EMP0313,2024-05-10 18:40:00,2024-05-13 16:25:44.199079177
TX002593,DEV0205,EMP0321,2025-07-27 07:31:00,2025-08-15 03:02:07.176026822
TX002594,DEV0105,EMP0041,2024-07-07 07:58:00,2024-07-20 19:14:55.000831575
TX002595,DEV0259,EMP0355,2026-04-13 16:04:00,2026-04-19 04:29:34.031717742
TX002596,DEV0124,EMP0032,2024-04-17 13:33:00,2024-04-25 03:09:40.854884741
TX002597,DEV0244,EMP0042,2024-05-18 15:28:00,2024-05-25 15:39:04.504070851
TX002598,DEV0029,EMP0375,2024-03-09 13:30:00,2024-03-13 05:54:00.581248142
TX002599,DEV0105,EMP0171,2024-02-04 07:32:00,2024-02-13 20:02:28.904254673
TX002600,DEV0172,EMP0024,2026-06-13 13:14:00,2026-06-22 01:24:18.769649715
TX002601,DEV0051,EMP0162,2026-03-04 14:40:00,2026-03-26 02:29:22.545433024
TX002602,DEV0232,EMP0030,2026-07-22 09:47:00,2026-07-27 04:19:58.680994629
TX002603,DEV0233,EMP0086,2026-08-31 09:39:00,2026-09-13 03:25:23.690921837
TX002604,DEV0225,EMP0285,2025-12-30 10:56:00,2026-01-09 03:26:43.850853195
TX002605,DEV0046,EMP0187,2025-05-14 18:19:00,2025-05-16 21:24:17.771191595
TX002606,DEV0186,EMP0235,2024-03-26 10:50:00,2024-04-03 22:47:08.755515895
TX002607,DEV0101,EMP0019,2024-09-17 09:03:00,2024-10-06 17:40:31.881433569
TX002608,DEV0192,EMP0131,2024-07-25 16:13:00,2024-08-10 22:49:55.737023811
TX002609,DEV0172,EMP0185,2025-07-27 12:28:00,2025-08-04 09:05:07.804962400
TX002610,DEV0082,EMP0204,2026-04-07 09:35:00,2026-04-13 06:51:13.454958043
TX002611,DEV0110,EMP0361,2025-02-19 09:53:00,2025-02-19 22:23:06.108907975
TX002612,DEV0063,EMP0198,2026-02-19 15:16:00,2026-02-25 22:48:05.958783837
TX002613,DEV0144,EMP0326,2025-04-21 14:55:00,2025-05-17 01:42:41.911051225
TX002614,DEV0123,EMP0010,2026-01-24 17:57:00,2026-02-05 18:53:44.758683870
TX002615,DEV0103,EMP0214,2025-06-14 08:13:00,2025-06-25 18:06:25.282743508
TX002616,DEV0123,EMP0095,2026-08-09 16:30:00,2026-08-23 22:11:44.805866023
TX002617,DEV0145,EMP0361,2024-08-05 18:21:00,2024-08-29 21:17:55.524997248
TX002618,DEV0078,EMP0046,2024-09-21 13:41:00,2024-09-29 11:51:30.452054882
TX002619,DEV0021,EMP0014,2026-01-27 12:09:00,2026-02-06 18:44:42.479876563
TX002620,DEV0176,EMP0413,2025-03-29 09:32:00,2025-03-31 15:33:57.898189792
TX002621,DEV0231,EMP0344,2025-03-18 07:38:00,2025-03-27 06:47:05.434963698
TX002622,DEV0103,EMP0125,2025-03-26 18:20:00,2025-03-30 02:25:12.702529217
TX002623,DEV0202,EMP0210,2024-12-20 12:53:00,2024-12-21 12:23:41.457414765
TX002624,DEV0132,EMP0168,2026-06-27 14:25:00,2026-07-03 13:49:13.967215607
TX002625,DEV0151,EMP0405,2024-09-24 15:33:00,2024-10-03 15:02:23.911395864
TX002626,DEV0059,EMP0367,2026-02-19 08:16:00,2026-02-23 04:54:10.240923872
TX002627,DEV0082,EMP0212,2024-07-25 10:53:00,2024-07-31 10:31:00.445449243
TX002628,DEV0056,EMP0180,2025-01-16 15:11:00,2025-01-18 23:39:30.508531721
TX002629,DEV0012,EMP0228,2024-10-18 14:08:00,2024-10-22 13:46:01.476735787
TX002630,DEV0093,EMP0390,2024-02-09 08:45:00,2024-02-19 18:04:55.332242129
TX002631,DEV0192,EMP0160,2024-06-15 12:59:00,2024-06-19 23:05:44.073398864
TX002632,DEV0202,EMP0309,2026-04-18 13:52:00,2026-05-07 11:50:28.699739869
TX002633,DEV0151,EMP0003,2025-08-28 10:14:00,2025-09-06 20:37:46.829758715
TX002634,DEV0051,EMP0236,2025-01-30 12:50:00,2025-02-02 17:42:16.345219732
TX002635,DEV0113,EMP0005,2025-05-02 09:24:00,2025-05-04 08:16:45.551112208
TX002636,DEV0034,EMP0029,2025-09-04 18:49:00,2025-09-12 08:30:25.874996547
TX002637,DEV0185,EMP0081,2024-03-13 07:24:00,2024-03-21 05:31:57.125757642
TX002638,DEV0093,EMP0064,2026-06-15 13:04:00,2026-06-17 09:47:39.488982439
TX002639,DEV0164,EMP0275,2024-08-11 15:13:00,2024-08-13 15:46:44.560870525
TX002640,DEV0165,EMP0176,2024-03-22 17:42:00,2024-05-23 03:32:34.561859027
TX002641,DEV0236,EMP0404,2025-08-06 14:17:00,2025-08-16 00:33:11.829890287
TX002642,DEV0235,EMP0303,2026-06-01 14:20:00,2026-06-07 08:35:40.990537833
TX002643,DEV0017,EMP0262,2026-06-22 12:09:00,2026-07-08 08:26:50.125455226
TX002644,DEV0140,EMP0131,2024-01-03 15:22:00,2024-01-04 03:20:52.886964293
TX002645,DEV0221,EMP0003,2025-01-01 15:08:00,2025-01-06 14:26:01.801947851
TX002646,DEV0044,EMP0209,2026-07-08 18:56:00,2026-07-15 20:21:47.748658262
TX002647,DEV0126,EMP0396,2025-04-30 11:58:00,2025-05-11 17:56:36.525759412
TX002648,DEV0170,EMP0161,2026-01-04 13:55:00,2026-01-05 22:30:00.976604131
TX002649,DEV0257,EMP0033,2025-04-01 07:25:00,2025-04-05 13:57:31.812856864
TX002650,DEV0091,EMP0026,2024-08-21 07:55:00,2024-09-03 07:54:30.722619935
TX002651,DEV0107,EMP0095,2025-01-12 11:55:00,2025-01-16 14:51:51.858815040
TX002652,DEV0021,EMP0011,2026-07-30 12:13:00,2026-08-02 02:55:22.864405527
TX002653,DEV0101,EMP0258,2026-01-17 18:31:00,2026-01-24 04:29:24.939747051
TX002654,DEV0187,EMP0135,2026-03-17 08:20:00,2026-03-23 08:40:58.611141441
TX002655,DEV0251,EMP0318,2026-01-03 18:05:00,2026-01-15 03:18:12.142411835
TX002656,DEV0173,EMP0400,2026-07-03 15:46:00,2026-07-24 03:00:09.606048111
TX002657,DEV0102,EMP0170,2026-05-27 18:25:00,2026-06-02 21:37:40.623607948
TX002658,DEV0081,EMP0196,2024-02-19 09:48:00,2024-02-22 09:09:02.219765922
TX002659,DEV0239,EMP0264,2026-05-14 11:36:00,2026-05-20 01:26:32.310731607
TX002660,DEV0253,EMP0191,2025-06-18 18:55:00,2025-06-25 21:04:28.961977672
TX002661,DEV0005,EMP0360,2024-09-26 15:41:00,2024-11-07 00:03:54.076873551
TX002662,DEV0173,EMP0023,2024-10-03 17:08:00,2024-10-15 20:32:47.350211478
TX002663,DEV0222,EMP0155,2024-11-02 13:08:00,2024-11-05 05:12:06.693955651
TX002664,DEV0223,EMP0265,2026-01-12 13:54:00,2026-01-21 19:07:24.732484527
TX002665,DEV0197,EMP0102,2026-04-20 07:27:00,2026-04-23 10:37:28.894575184
TX002666,DEV0238,EMP0163,2025-01-24 11:39:00,2025-01-27 17:44:36.995202401
TX002667,DEV0052,EMP0397,2025-10-21 10:50:00,2025-10-29 19:32:34.664610769
TX002668,DEV0143,EMP0054,2025-10-10 15:16:00,2025-10-24 16:36:02.874297600
TX002669,DEV0111,EMP0351,2024-01-01 10:32:00,2024-01-08 07:48:55.278836062
TX002670,DEV0023,EMP0299,2026-06-21 14:33:00,2026-06-29 06:24:05.506814862
TX002671,DEV0024,EMP0394,2025-06-05 09:37:00,2025-06-13 02:50:57.520798182
TX002672,DEV0256,EMP0271,2024-01-19 13:07:00,2024-01-26 05:10:02.883962206
TX002673,DEV0223,EMP0352,2026-03-10 09:44:00,2026-03-16 12:46:07.713744532
TX002674,DEV0191,EMP0262,2025-12-09 10:10:00,2025-12-15 04:41:47.501352572
TX002675,DEV0184,EMP0280,2026-07-22 09:21:00,2026-08-02 05:19:39.054336852
TX002676,DEV0113,EMP0363,2025-04-18 17:13:00,2025-04-28 17:02:18.210411347
TX002677,DEV0250,EMP0255,2025-10-31 07:57:00,2025-11-01 10:25:44.458091074
TX002678,DEV0109,EMP0328,2024-12-27 17:45:00,2024-12-30 03:10:22.100113304
TX002679,DEV0104,EMP0218,2024-05-03 15:13:00,2024-05-11 15:55:24.977042716
TX002680,DEV0100,EMP0392,2025-09-25 13:09:00,2025-09-27 00:14:57.527627893
TX002681,DEV0029,EMP0250,2025-03-12 15:35:00,2025-03-18 20:19:00.507378036
TX002682,DEV0175,EMP0420,2024-12-06 08:13:00,2024-12-11 11:33:31.046845716
TX002683,DEV0094,EMP0410,2025-11-15 15:41:00,2025-11-17 03:55:15.881741412
TX002684,DEV0131,EMP0291,2025-05-11 13:18:00,2025-05-17 15:18:57.255879283
TX002685,DEV0144,EMP0098,2024-01-08 09:10:00,2024-01-27 10:29:16.143369255
TX002686,DEV0078,EMP0090,2026-08-22 14:28:00,2026-08-24 01:30:12.552949315
TX002687,DEV0248,EMP0133,2024-03-22 13:47:00,2024-03-26 00:21:52.552079788
TX002688,DEV0221,EMP0131,2026-04-24 18:43:00,2026-05-02 14:49:48.248700070
TX002689,DEV0127,EMP0321,2024-10-21 07:44:00,2024-11-02 03:17:00.864445738
TX002690,DEV0203,EMP0053,2025-12-22 12:59:00,2026-02-20 20:51:40.063803032
TX002691,DEV0184,EMP0209,2026-03-02 07:47:00,2026-03-09 11:13:30.285181931
TX002692,DEV0236,EMP0064,2025-01-04 12:01:00,2025-01-11 00:33:22.703227561
TX002693,DEV0221,EMP0095,2025-01-28 18:18:00,2025-02-04 01:08:07.137139768
TX002694,DEV0035,EMP0217,2024-12-18 08:33:00,2024-12-30 21:12:34.891880165
TX002695,DEV0024,EMP0215,2024-08-06 08:23:00,2024-08-14 06:58:35.816836417
TX002696,DEV0015,EMP0406,2026-03-27 18:06:00,2026-04-16 11:18:48.918222918
TX002697,DEV0024,EMP0297,2024-01-13 17:21:00,2024-01-17 10:21:09.688966060
TX002698,DEV0007,EMP0019,2024-06-03 13:45:00,2024-06-06 18:35:35.037313067
TX002699,DEV0226,EMP0114,2025-10-14 10:09:00,2025-10-18 19:28:44.061529238
TX002700,DEV0202,EMP0305,2024-05-18 14:53:00,2024-05-19 11:59:47.680299346
TX002701,DEV0093,EMP0405,2024-01-15 09:43:00,2024-01-19 23:51:11.983879862
TX002702,DEV0193,EMP0198,2025-09-15 13:41:00,2025-09-23 19:45:10.983787221
TX002703,DEV0006,EMP0205,2025-03-06 17:02:00,2025-03-07 12:06:10.270219748
TX002704,DEV0203,EMP0019,2025-11-16 08:33:00,2025-11-26 09:45:27.486927579
TX002705,DEV0046,EMP0069,2025-06-14 15:12:00,2025-06-17 07:57:05.585297220
TX002706,DEV0136,EMP0405,2024-10-26 09:44:00,2024-11-01 12:10:46.576775568
TX002707,DEV0120,EMP0112,2025-03-13 14:42:00,2025-03-15 00:45:04.251516726
TX002708,DEV0175,EMP0091,2024-03-15 10:59:00,2024-03-28 03:51:38.328150157
TX002709,DEV0074,EMP0105,2024-11-10 10:43:00,2024-11-30 04:32:21.757925890
TX002710,DEV0084,EMP0153,2026-07-05 13:22:00,2026-07-12 02:43:31.671178689
TX002711,DEV0213,EMP0419,2024-01-27 17:51:00,2024-01-27 23:42:19.174521892
TX002712,DEV0087,EMP0202,2026-08-10 16:56:00,2026-08-14 08:17:20.145560366
TX002713,DEV0051,EMP0397,2025-12-13 14:07:00,2025-12-16 19:04:09.652285454
TX002714,DEV0192,EMP0045,2025-08-16 09:16:00,2025-08-21 17:07:01.278751559
TX002715,DEV0083,EMP0073,2025-08-06 08:12:00,2025-11-02 06:27:29.371362181
TX002716,DEV0091,EMP0367,2024-01-07 07:53:00,2024-01-11 12:04:56.486037748
TX002717,DEV0092,EMP0242,2025-09-30 16:24:00,2025-10-09 06:37:59.681345771
TX002718,DEV0021,EMP0406,2026-01-31 07:20:00,2026-02-01 02:23:32.572639522
TX002719,DEV0079,EMP0054,2025-11-06 18:48:00,2025-11-07 18:15:25.849678738
TX002720,DEV0050,EMP0284,2025-08-06 12:44:00,2025-08-08 03:41:36.394409933
TX002721,DEV0031,EMP0070,2024-11-11 07:24:00,2024-11-15 06:19:57.474869413
TX002722,DEV0082,EMP0172,2024-01-04 11:01:00,2024-01-05 12:14:38.797679891
TX002723,DEV0155,EMP0177,2025-08-12 16:02:00,2025-08-18 11:23:10.070182381
TX002724,DEV0256,EMP0155,2025-05-23 10:02:00,2025-06-02 07:51:24.161259620
TX002725,DEV0251,EMP0268,2025-02-18 16:01:00,2025-02-23 07:42:26.354915022
TX002726,DEV0241,EMP0200,2026-05-28 14:08:00,2026-06-06 17:46:32.277059614
TX002727,DEV0155,EMP0212,2024-09-21 14:57:00,2024-09-26 05:39:55.255288159
TX002728,DEV0024,EMP0171,2024-08-14 07:12:00,2024-09-03 01:11:44.812192463
TX002729,DEV0123,EMP0388,2025-03-21 11:54:00,2025-03-24 15:46:07.407461071
TX002730,DEV0025,EMP0401,2024-02-21 17:12:00,2024-03-29 03:17:01.731435136
TX002731,DEV0025,EMP0113,2025-08-29 15:48:00,2025-09-10 12:47:54.769144527
TX002732,DEV0069,EMP0146,2025-10-30 11:47:00,2025-10-31 03:49:51.816689552
TX002733,DEV0178,EMP0153,2025-01-09 08:40:00,2025-01-14 16:27:20.725846730
TX002734,DEV0133,EMP0151,2025-05-11 17:38:00,2025-05-13 17:00:20.696888119
TX002735,DEV0222,EMP0409,2025-08-18 10:11:00,2025-08-22 16:26:52.785246965
TX002736,DEV0259,EMP0041,2024-07-26 18:06:00,2024-07-28 01:30:38.122331513
TX002737,DEV0126,EMP0405,2024-03-07 12:25:00,2024-03-08 22:02:45.675631302
TX002738,DEV0163,EMP0282,2026-04-01 16:54:00,2026-04-12 05:25:11.468455061
TX002739,DEV0214,EMP0317,2025-05-21 07:16:00,2025-06-01 01:45:29.340513303
TX002740,DEV0202,EMP0048,2025-04-17 17:16:00,2025-05-07 16:01:38.368338729
TX002741,DEV0113,EMP0168,2026-01-13 10:50:00,2026-01-21 00:47:38.832155134
TX002742,DEV0242,EMP0012,2025-07-07 15:43:00,2025-07-10 03:50:45.432848857
TX002743,DEV0205,EMP0004,2024-12-06 07:52:00,2024-12-10 01:31:11.600013181
TX002744,DEV0073,EMP0221,2026-05-22 10:00:00,2026-05-27 15:10:43.361374421
TX002745,DEV0023,EMP0250,2025-09-16 13:54:00,2025-09-20 21:29:26.233461859
TX002746,DEV0184,EMP0060,2024-04-24 16:39:00,2024-05-06 14:01:39.167716324
TX002747,DEV0103,EMP0310,2026-07-24 11:34:00,2026-07-31 13:22:30.092408353
TX002748,DEV0102,EMP0346,2026-01-10 11:42:00,2026-01-11 15:22:16.122495579
TX002749,DEV0102,EMP0286,2024-03-28 08:55:00,2024-04-03 17:29:36.723987381
TX002750,DEV0033,EMP0126,2024-10-12 07:38:00,2024-10-21 00:49:13.803187944
TX002751,DEV0022,EMP0230,2026-04-25 07:19:00,2026-04-29 20:41:06.445355944
TX002752,DEV0172,EMP0011,2024-08-20 18:43:00,2024-09-07 17:13:27.311909878
TX002753,DEV0212,EMP0007,2025-09-16 16:07:00,2025-09-27 15:08:32.933524351
TX002754,DEV0174,EMP0072,2024-11-23 13:09:00,2024-11-27 12:38:45.160102769
TX002755,DEV0162,EMP0162,2024-08-09 09:18:00,2024-08-15 21:38:22.665335681
TX002756,DEV0081,EMP0103,2024-01-07 08:36:00,2024-01-26 16:44:35.971715158
TX002757,DEV0211,EMP0278,2025-04-19 18:45:00,2025-05-14 18:20:36.334897303
TX002758,DEV0149,EMP0272,2025-05-12 10:38:00,2025-05-20 02:30:28.446448162
TX002759,DEV0057,EMP0165,2026-01-21 09:13:00,2026-02-03 06:15:06.331014451
TX002760,DEV0014,EMP0258,2024-02-10 14:05:00,2024-02-21 02:07:43.882252441
TX002761,DEV0112,EMP0340,2024-08-14 12:03:00,2024-08-26 01:55:39.043496060
TX002762,DEV0037,EMP0257,2024-12-21 11:55:00,2024-12-25 07:13:26.719139717
TX002763,DEV0126,EMP0213,2024-02-16 17:47:00,2024-02-23 23:20:23.283222131
TX002764,DEV0152,EMP0122,2025-10-30 13:24:00,2025-11-05 02:25:58.446468519
TX002765,DEV0002,EMP0136,2025-07-25 18:31:00,2025-08-02 16:40:46.486107141
TX002766,DEV0003,EMP0304,2025-07-26 15:23:00,2025-08-13 06:15:08.596437535
TX002767,DEV0046,EMP0240,2026-02-23 17:13:00,2026-03-02 10:42:56.031047137
TX002768,DEV0228,EMP0286,2026-02-07 15:47:00,2026-02-08 17:54:13.811298354
TX002769,DEV0045,EMP0303,2024-03-11 16:42:00,2024-03-26 12:48:31.289768491
TX002770,DEV0085,EMP0350,2026-05-20 11:08:00,2026-05-27 23:27:13.225826148
TX002771,DEV0215,EMP0072,2024-08-13 17:52:00,2024-08-15 22:04:22.878576169
TX002772,DEV0092,EMP0099,2025-05-26 08:34:00,2025-06-18 15:58:23.471481959
TX002773,DEV0093,EMP0004,2025-05-02 17:17:00,2025-05-05 18:41:38.952199008
TX002774,DEV0244,EMP0084,2025-10-09 07:16:00,2025-11-30 01:20:22.691477417
TX002775,DEV0041,EMP0227,2026-03-06 17:38:00,2026-05-11 13:35:47.918428940
TX002776,DEV0233,EMP0285,2024-08-14 17:04:00,2024-08-16 12:28:10.257735283
TX002777,DEV0072,EMP0269,2024-11-14 09:40:00,2024-11-16 18:52:25.742611079
TX002778,DEV0072,EMP0104,2025-10-17 14:22:00,2025-10-22 04:01:55.806595690
TX002779,DEV0244,EMP0188,2024-09-19 12:06:00,2024-09-25 17:11:36.089183075
TX002780,DEV0231,EMP0299,2026-02-17 12:29:00,2026-02-27 15:17:47.184904559
TX002781,DEV0153,EMP0174,2026-05-18 12:30:00,2026-05-29 07:48:05.991932226
TX002782,DEV0243,EMP0152,2026-02-11 11:49:00,2026-02-15 01:11:29.637761477
TX002783,DEV0182,EMP0418,2024-08-06 12:29:00,2024-08-10 21:51:09.182172732
TX002784,DEV0232,EMP0362,2026-06-17 16:55:00,2026-06-24 05:17:55.640713119
TX002785,DEV0083,EMP0165,2024-02-29 15:45:00,2024-03-08 03:13:26.754101502
TX002786,DEV0113,EMP0187,2026-06-07 09:24:00,2026-06-23 15:27:07.673533251
TX002787,DEV0086,EMP0068,2026-04-04 11:55:00,2026-04-07 16:41:12.986829381
TX002788,DEV0124,EMP0172,2024-10-16 12:15:00,2024-10-30 16:18:20.534684946
TX002789,DEV0077,EMP0404,2025-02-19 07:31:00,2025-02-26 06:56:03.318714364
TX002790,DEV0225,EMP0199,2025-04-08 17:25:00,2025-05-02 14:56:06.379449103
TX002791,DEV0109,EMP0400,2024-05-21 18:16:00,2024-05-23 21:30:53.933509661
TX002792,DEV0247,EMP0234,2024-06-22 15:03:00,2024-06-24 05:25:27.213422212
TX002793,DEV0001,EMP0015,2026-08-13 13:51:00,2026-09-02 16:29:22.396602688
TX002794,DEV0257,EMP0138,2024-09-28 15:59:00,2024-10-04 10:24:46.009777887
TX002795,DEV0095,EMP0012,2024-07-23 13:03:00,2024-08-05 08:30:16.912420986
TX002796,DEV0141,EMP0384,2026-03-03 10:00:00,2026-03-06 21:04:13.729718823
TX002797,DEV0195,EMP0120,2026-05-29 07:05:00,2026-06-11 04:51:41.311144301
TX002798,DEV0023,EMP0059,2025-08-21 15:47:00,2025-08-29 15:43:39.189018858
TX002799,DEV0134,EMP0392,2024-07-08 15:32:00,2024-07-29 15:14:13.784803932
TX002800,DEV0112,EMP0345,2026-05-04 14:47:00,2026-05-07 08:00:57.113528825
TX002801,DEV0187,EMP0013,2024-03-08 07:31:00,2024-03-10 00:43:26.253268522
TX002802,DEV0108,EMP0399,2025-02-10 07:07:00,2025-02-11 20:08:35.629902546
TX002803,DEV0232,EMP0101,2026-07-17 08:06:00,2026-07-21 19:22:20.806815054
TX002804,DEV0182,EMP0312,2026-02-04 08:29:00,2026-02-07 04:07:26.984350874
TX002805,DEV0208,EMP0113,2025-11-24 09:08:00,2025-11-28 22:13:46.442344312
TX002806,DEV0032,EMP0109,2024-05-16 14:40:00,2024-05-28 21:23:53.749012604
TX002807,DEV0001,EMP0295,2025-12-03 16:32:00,2025-12-05 16:17:32.802125471
TX002808,DEV0017,EMP0006,2025-04-17 15:29:00,2025-04-25 17:43:33.120541728
TX002809,DEV0152,EMP0322,2024-12-06 18:42:00,2024-12-07 15:11:55.788816566
TX002810,DEV0203,EMP0221,2024-03-05 14:36:00,2024-03-13 06:26:11.255105745
TX002811,DEV0106,EMP0129,2025-12-19 14:53:00,2025-12-26 17:38:05.209097237
TX002812,DEV0064,EMP0362,2024-10-09 18:51:00,2024-10-18 15:27:39.350097084
TX002813,DEV0055,EMP0156,2024-06-14 08:31:00,2024-07-05 00:29:01.443661697
TX002814,DEV0205,EMP0047,2026-01-10 10:08:00,2026-01-21 10:16:15.991037983
TX002815,DEV0241,EMP0333,2024-03-21 12:54:00,2024-04-03 01:46:29.559640368
TX002816,DEV0242,EMP0019,2025-08-11 09:45:00,2025-08-14 06:04:00.970678430
TX002817,DEV0154,EMP0323,2026-01-02 07:46:00,2026-01-21 01:11:40.636721762
TX002818,DEV0066,EMP0231,2026-08-28 10:23:00,2026-09-03 19:37:38.131988110
TX002819,DEV0102,EMP0386,2026-03-18 18:40:00,2026-03-31 09:02:04.293375082
TX002820,DEV0231,EMP0072,2025-01-19 11:55:00,2025-01-24 11:16:18.100898805
TX002821,DEV0111,EMP0069,2024-01-11 13:41:00,2024-01-23 06:49:35.502046286
TX002822,DEV0200,EMP0256,2024-07-01 13:29:00,2024-07-02 09:39:07.228493892
TX002823,DEV0136,EMP0070,2024-06-11 17:26:00,2024-06-14 19:00:01.523518834
TX002824,DEV0156,EMP0003,2024-07-07 15:08:00,2024-07-10 13:06:53.711875049
TX002825,DEV0107,EMP0201,2025-07-18 12:01:00,2025-07-22 16:00:27.361275783
TX002826,DEV0017,EMP0343,2024-11-30 17:30:00,2024-12-05 12:11:00.983191643
TX002827,DEV0155,EMP0324,2026-02-28 18:24:00,2026-03-09 22:34:39.659529822
TX002828,DEV0171,EMP0171,2025-08-24 07:00:00,2025-08-25 14:44:25.142154038
TX002829,DEV0144,EMP0261,2026-01-20 13:55:00,2026-01-23 21:41:12.950908730
TX002830,DEV0023,EMP0062,2025-10-15 12:35:00,2025-10-21 03:45:41.796101836
TX002831,DEV0161,EMP0313,2024-10-19 07:10:00,2024-11-08 02:06:49.025568919
TX002832,DEV0172,EMP0250,2025-05-16 13:50:00,2025-05-22 18:09:34.971808370
TX002833,DEV0002,EMP0240,2026-03-20 11:39:00,2026-03-26 18:27:36.833883952
TX002834,DEV0255,EMP0353,2025-09-28 14:15:00,2025-10-20 02:12:44.582905634
TX002835,DEV0144,EMP0144,2024-10-22 13:43:00,2024-11-05 08:31:59.121618553
TX002836,DEV0150,EMP0017,2024-10-03 09:19:00,2024-10-03 22:43:21.809285752
TX002837,DEV0157,EMP0017,2025-11-02 12:00:00,2025-11-07 04:36:07.384838399
TX002838,DEV0087,EMP0374,2024-11-05 12:26:00,2024-11-12 15:41:52.956978617
TX002839,DEV0096,EMP0238,2025-11-12 10:32:00,2025-11-17 02:31:11.132215016
TX002840,DEV0127,EMP0298,2026-07-07 07:56:00,2026-07-11 16:52:47.415689214
TX002841,DEV0191,EMP0345,2024-03-11 18:22:00,2024-03-15 05:41:01.872307335
TX002842,DEV0060,EMP0003,2026-03-29 11:20:00,2026-03-29 15:07:23.848477796
TX002843,DEV0113,EMP0409,2026-04-03 15:32:00,2026-04-07 17:13:38.958206031
TX002844,DEV0125,EMP0228,2025-04-01 07:29:00,2025-04-16 09:02:50.162953857
TX002845,DEV0106,EMP0210,2025-08-28 07:39:00,2025-08-31 00:53:33.746300900
TX002846,DEV0137,EMP0183,2026-03-22 09:12:00,2026-03-22 16:43:38.445185193
TX002847,DEV0125,EMP0209,2024-04-06 11:04:00,2024-04-12 04:37:38.598349383
TX002848,DEV0075,EMP0353,2024-11-02 14:12:00,2024-11-25 01:54:17.312787914
TX002849,DEV0216,EMP0147,2024-05-14 18:16:00,2024-05-18 06:12:59.974753924
TX002850,DEV0217,EMP0353,2025-12-28 11:31:00,2026-01-09 17:33:15.155135174
TX002851,DEV0216,EMP0271,2024-02-20 16:41:00,2024-02-22 23:35:22.916057752
TX002852,DEV0203,EMP0414,2025-11-02 11:52:00,2025-11-14 12:00:08.467125144
TX002853,DEV0041,EMP0311,2024-12-19 08:48:00,2024-12-25 14:30:01.866881058
TX002854,DEV0232,EMP0334,2025-10-15 13:47:00,2025-10-16 12:11:06.730478856
TX002855,DEV0203,EMP0378,2024-10-02 16:06:00,2024-10-04 23:31:12.885571531
TX002856,DEV0123,EMP0074,2026-04-04 13:30:00,2026-04-08 16:14:36.183299543
TX002857,DEV0081,EMP0391,2026-05-25 10:13:00,2026-06-11 01:37:43.998549556
TX002858,DEV0057,EMP0275,2025-08-01 16:33:00,2025-08-08 18:50:11.074002470
TX002859,DEV0175,EMP0152,2026-08-24 17:47:00,2026-09-02 01:14:00.134694197
TX002860,DEV0135,EMP0366,2025-01-27 08:50:00,2025-02-14 00:41:14.727040703
TX002861,DEV0157,EMP0073,2025-12-22 17:22:00,2026-01-07 09:47:30.258570646
TX002862,DEV0163,EMP0316,2025-01-13 08:47:00,2025-01-19 18:47:07.985884870
TX002863,DEV0249,EMP0302,2026-01-09 08:14:00,2026-01-16 13:41:26.499416830
TX002864,DEV0235,EMP0160,2026-06-13 16:41:00,2026-06-16 03:46:54.491032119
TX002865,DEV0006,EMP0377,2024-12-03 07:36:00,2024-12-11 14:14:57.387582355
TX002866,DEV0092,EMP0245,2025-12-29 14:06:00,2026-01-16 19:18:54.788641514
TX002867,DEV0231,EMP0405,2026-07-18 09:02:00,2026-07-21 03:52:43.970689646
TX002868,DEV0162,EMP0377,2025-11-24 14:50:00,2025-11-28 15:41:52.253328656
TX002869,DEV0031,EMP0242,2024-01-21 08:31:00,2024-01-22 04:54:19.957386977
TX002870,DEV0065,EMP0054,2025-07-06 14:23:00,2025-07-25 21:08:39.683245997
TX002871,DEV0133,EMP0272,2026-06-24 13:13:00,2026-06-30 11:34:50.104077030
TX002872,DEV0084,EMP0108,2024-04-06 13:55:00,2024-04-12 05:56:47.327694787
TX002873,DEV0006,EMP0189,2024-02-15 14:04:00,2024-03-01 12:51:48.124893405
TX002874,DEV0002,EMP0342,2024-01-23 14:24:00,2024-02-04 17:46:13.153863742
TX002875,DEV0119,EMP0402,2026-01-03 07:17:00,2026-01-03 21:15:14.811331095
TX002876,DEV0123,EMP0349,2024-09-25 10:08:00,2024-10-03 00:07:10.562669963
TX002877,DEV0012,EMP0217,2024-06-03 17:16:00,2024-06-11 04:29:39.399192487
TX002878,DEV0229,EMP0212,2025-12-01 14:54:00,2025-12-05 18:42:40.311064884
TX002879,DEV0081,EMP0066,2024-07-23 13:09:00,2024-07-30 08:54:32.909089390
TX002880,DEV0213,EMP0059,2026-02-01 13:37:00,2026-02-11 15:45:56.892781701
TX002881,DEV0041,EMP0307,2025-08-12 14:18:00,2025-08-15 11:41:37.387279469
TX002882,DEV0094,EMP0086,2026-07-27 12:00:00,2026-08-10 20:35:42.863892347
TX002883,DEV0258,EMP0025,2025-12-10 17:38:00,2025-12-11 21:59:53.494157017
TX002884,DEV0041,EMP0172,2026-02-12 18:56:00,2026-02-14 09:53:49.064052734
TX002885,DEV0134,EMP0095,2025-01-19 11:51:00,2025-01-28 20:41:41.451900097
TX002886,DEV0013,EMP0213,2026-03-02 15:48:00,2026-03-23 15:36:04.556733304
TX002887,DEV0052,EMP0106,2026-08-28 07:00:00,2026-08-31 09:45:14.364938382
TX002888,DEV0151,EMP0283,2026-04-06 15:57:00,2026-04-25 16:13:53.090089799
TX002889,DEV0224,EMP0051,2024-08-26 12:53:00,2024-09-05 18:53:19.003871549
TX002890,DEV0245,EMP0189,2026-01-06 09:40:00,2026-01-12 12:29:41.298090027
TX002891,DEV0244,EMP0259,2025-09-13 10:46:00,2025-09-20 04:31:24.443715142
TX002892,DEV0191,EMP0071,2024-02-08 18:53:00,2024-02-14 09:20:21.748850108
TX002893,DEV0081,EMP0124,2024-10-22 12:07:00,2024-10-23 02:10:27.607145362
TX002894,DEV0182,EMP0243,2025-02-12 07:05:00,2025-02-27 00:33:56.779211592
TX002895,DEV0242,EMP0112,2026-01-17 16:32:00,2026-01-21 15:14:25.672269522
TX002896,DEV0045,EMP0013,2025-09-02 14:51:00,2025-09-07 17:01:25.361980578
TX002897,DEV0133,EMP0169,2024-09-08 14:40:00,2024-09-11 04:47:12.687765998
TX002898,DEV0222,EMP0150,2026-04-23 14:48:00,2026-05-02 13:41:24.647897766
TX002899,DEV0023,EMP0367,2026-02-18 15:38:00,2026-02-24 21:10:55.243645202
TX002900,DEV0234,EMP0223,2025-07-31 10:02:00,2025-08-13 05:00:02.383651951
TX002901,DEV0160,EMP0068,2024-08-01 11:12:00,2024-08-02 14:40:38.159169721
TX002902,DEV0141,EMP0206,2024-05-07 12:33:00,2024-05-14 23:46:34.666048743
TX002903,DEV0256,EMP0048,2026-03-01 11:03:00,2026-03-03 21:13:49.632927531
TX002904,DEV0232,EMP0178,2025-01-05 13:55:00,2025-01-08 05:17:53.886716015
TX002905,DEV0212,EMP0044,2025-03-22 10:04:00,2025-04-09 22:07:49.639089641
TX002906,DEV0251,EMP0068,2025-10-25 08:18:00,2025-10-31 03:14:18.554804114
TX002907,DEV0019,EMP0278,2024-08-11 10:51:00,2024-08-17 21:47:43.404667962
TX002908,DEV0122,EMP0267,2026-02-07 18:04:00,2026-02-09 05:29:19.029756504
TX002909,DEV0225,EMP0060,2025-10-25 18:39:00,2025-11-03 18:16:02.110188285
TX002910,DEV0208,EMP0407,2024-10-18 16:18:00,2024-10-19 20:51:48.124423473
TX002911,DEV0215,EMP0278,2024-08-09 13:52:00,2024-08-23 02:04:59.943117735
TX002912,DEV0253,EMP0046,2026-06-25 07:31:00,2026-06-28 16:35:23.489060799
TX002913,DEV0170,EMP0037,2024-11-20 17:20:00,2024-11-23 01:53:12.124632427
TX002914,DEV0063,EMP0377,2024-01-08 14:09:00,2024-01-13 05:37:30.784606703
TX002915,DEV0251,EMP0150,2024-01-27 12:29:00,2024-02-11 08:13:50.771723784
TX002916,DEV0183,EMP0340,2025-08-29 08:40:00,2025-09-04 11:42:26.287271604
TX002917,DEV0187,EMP0063,2026-07-04 17:51:00,2026-07-07 15:21:01.129787333
TX002918,DEV0149,EMP0363,2024-02-03 11:42:00,2024-02-09 01:03:28.973212586
TX002919,DEV0226,EMP0191,2025-08-03 13:30:00,2025-08-04 20:03:37.704185851
TX002920,DEV0014,EMP0093,2025-07-17 14:10:00,2026-01-02 19:46:11.264533894
TX002921,DEV0208,EMP0225,2024-01-31 10:03:00,2024-02-02 00:16:50.396983681
TX002922,DEV0026,EMP0128,2025-07-30 08:59:00,2025-08-04 14:17:06.243212807
TX002923,DEV0255,EMP0374,2026-01-16 17:51:00,2026-02-04 21:44:49.613666461
TX002924,DEV0192,EMP0166,2025-09-04 08:03:00,2025-09-09 21:19:54.444573055
TX002925,DEV0051,EMP0254,2024-09-24 12:17:00,2024-09-26 00:11:25.160456347
TX002926,DEV0082,EMP0243,2025-03-13 11:02:00,2025-04-07 16:59:13.515980411
TX002927,DEV0143,EMP0387,2026-04-11 10:27:00,2026-04-24 15:57:07.618250990
TX002928,DEV0110,EMP0299,2026-08-16 11:59:00,2026-08-19 08:32:55.193532930
TX002929,DEV0246,EMP0204,2026-06-20 13:12:00,2026-06-25 15:11:51.264641720
TX002930,DEV0126,EMP0213,2024-11-25 15:19:00,2024-11-30 09:42:32.397453848
TX002931,DEV0062,EMP0409,2025-11-22 18:38:00,2025-11-23 17:11:29.192319734
TX002932,DEV0001,EMP0020,2024-02-19 07:42:00,2024-02-28 02:26:56.303148960
TX002933,DEV0190,EMP0213,2026-08-10 09:28:00,2026-08-11 04:46:06.663139301
TX002934,DEV0183,EMP0103,2026-04-20 09:22:00,2026-04-23 12:58:57.470830435
TX002935,DEV0062,EMP0065,2024-05-30 11:02:00,2024-06-03 00:53:59.832333838
TX002936,DEV0111,EMP0404,2024-01-04 07:24:00,2024-01-08 20:04:02.905217773
TX002937,DEV0131,EMP0279,2025-10-19 17:42:00,2025-10-25 08:43:49.011399552
TX002938,DEV0113,EMP0304,2026-05-14 18:28:00,2026-05-23 15:52:11.390168362
TX002939,DEV0243,EMP0230,2024-10-22 15:43:00,2024-11-01 11:46:09.516780795
TX002940,DEV0233,EMP0417,2024-08-01 17:43:00,2024-08-06 17:55:27.388659036
TX002941,DEV0161,EMP0065,2024-10-05 12:09:00,2024-10-12 16:41:22.524121514
TX002942,DEV0106,EMP0401,2024-03-06 08:28:00,2024-03-07 21:58:29.221610891
TX002943,DEV0165,EMP0327,2026-06-23 08:42:00,2026-07-03 05:12:08.439499700
TX002944,DEV0173,EMP0356,2024-01-05 13:04:00,2024-01-23 01:47:03.029854052
TX002945,DEV0164,EMP0231,2024-03-03 16:23:00,2024-03-19 22:22:03.924033648
TX002946,DEV0092,EMP0192,2024-01-07 09:36:00,2024-01-23 14:06:50.647798513
TX002947,DEV0214,EMP0202,2026-06-09 09:57:00,2026-06-23 13:41:56.843509029
TX002948,DEV0082,EMP0207,2025-01-10 11:14:00,2025-02-05 23:50:00.503936043
TX002949,DEV0005,EMP0124,2025-12-17 13:36:00,2025-12-21 03:24:39.733201480
TX002950,DEV0163,EMP0083,2025-08-02 18:38:00,2025-08-05 15:24:35.052599662
TX002951,DEV0096,EMP0346,2026-02-19 14:07:00,2026-02-20 19:22:00.631634779
TX002952,DEV0165,EMP0207,2024-12-28 07:16:00,2025-01-07 12:47:51.067010317
TX002953,DEV0053,EMP0072,2026-05-29 18:24:00,2026-06-06 12:17:01.513651098
TX002954,DEV0182,EMP0148,2025-06-20 13:46:00,2025-07-01 04:28:20.963219263
TX002955,DEV0111,EMP0163,2026-05-21 12:22:00,2026-07-11 02:21:16.793246928
TX002956,DEV0017,EMP0248,2025-05-13 10:37:00,2025-05-17 10:20:31.925518295
TX002957,DEV0075,EMP0183,2024-04-04 18:10:00,2024-04-23 07:13:00.115663780
TX002958,DEV0067,EMP0174,2024-03-19 13:20:00,2024-03-24 19:20:31.334110527
TX002959,DEV0123,EMP0035,2024-05-11 11:39:00,2024-05-20 06:12:10.367186575
TX002960,DEV0045,EMP0079,2025-11-14 08:11:00,2025-11-18 03:24:44.546580498
TX002961,DEV0154,EMP0104,2025-08-25 18:40:00,2025-09-25 21:14:41.701394121
TX002962,DEV0174,EMP0262,2024-04-30 07:28:00,2024-05-12 06:31:41.274764461
TX002963,DEV0022,EMP0036,2025-11-13 16:11:00,2025-11-18 23:05:57.596092117
TX002964,DEV0244,EMP0044,2026-06-19 13:10:00,2026-07-05 01:03:03.487242631
TX002965,DEV0151,EMP0067,2026-08-11 10:11:00,2026-08-18 21:46:02.483313850
TX002966,DEV0078,EMP0188,2026-02-23 12:45:00,2026-02-27 20:14:15.466420298
TX002967,DEV0083,EMP0098,2024-09-18 16:59:00,2024-09-20 15:33:06.988059169
TX002968,DEV0092,EMP0289,2026-04-07 09:38:00,2026-04-27 12:00:10.436682624
TX002969,DEV0221,EMP0073,2025-01-16 13:50:00,2025-01-28 04:16:57.310399932
TX002970,DEV0193,EMP0295,2026-05-28 17:16:00,2026-05-31 11:28:20.325384459
TX002971,DEV0252,EMP0233,2026-04-15 16:29:00,2026-04-16 06:20:16.012731161
TX002972,DEV0146,EMP0115,2025-01-14 11:34:00,2025-01-17 21:45:20.795927183
TX002973,DEV0191,EMP0360,2026-07-16 10:38:00,2026-07-22 15:23:13.347922469
TX002974,DEV0078,EMP0117,2024-01-31 09:29:00,2024-02-05 05:09:58.016804586
TX002975,DEV0167,EMP0316,2024-10-08 09:08:00,2024-10-14 16:20:07.406482837
TX002976,DEV0122,EMP0402,2025-11-23 12:49:00,2025-12-03 15:38:58.289666966
TX002977,DEV0074,EMP0418,2024-11-07 10:23:00,2024-11-10 18:30:28.013691940
TX002978,DEV0256,EMP0209,2025-08-25 18:12:00,2025-09-08 00:56:54.961871337
TX002979,DEV0112,EMP0281,2024-08-22 10:49:00,2024-09-12 00:33:52.679788644
TX002980,DEV0241,EMP0271,2024-02-11 18:56:00,2024-02-13 05:56:26.326286613
TX002981,DEV0153,EMP0073,2024-02-05 09:37:00,2024-02-07 05:03:42.803471089
TX002982,DEV0251,EMP0260,2026-08-27 09:31:00,2026-09-07 15:18:19.217679024
TX002983,DEV0254,EMP0076,2025-02-28 12:05:00,2025-03-04 14:48:05.239228406
TX002984,DEV0177,EMP0413,2024-04-24 13:20:00,2024-04-27 02:45:35.366838964
TX002985,DEV0013,EMP0015,2024-11-22 13:54:00,2024-11-24 04:52:40.094141700
TX002986,DEV0257,EMP0190,2025-12-04 08:57:00,2025-12-06 08:02:08.404213719
TX002987,DEV0224,EMP0278,2025-11-07 07:10:00,2025-11-29 15:39:42.756973937
TX002988,DEV0001,EMP0395,2025-11-01 17:13:00,2025-11-05 03:33:03.568770228
TX002989,DEV0195,EMP0208,2024-06-09 15:21:00,2024-06-13 12:49:24.982909471
TX002990,DEV0086,EMP0410,2024-06-22 18:31:00,2024-06-24 21:30:29.572346537
TX002991,DEV0113,EMP0183,2026-01-28 16:38:00,2026-01-31 04:44:06.962120094
TX002992,DEV0012,EMP0402,2025-10-11 08:12:00,2025-10-13 06:10:35.980322513
TX002993,DEV0221,EMP0101,2025-10-15 07:08:00,2025-10-24 15:24:54.091245767
TX002994,DEV0106,EMP0202,2025-09-12 07:35:00,2025-09-18 18:05:54.519939843
TX002995,DEV0223,EMP0294,2024-12-19 15:30:00,2024-12-25 17:13:54.418322737
TX002996,DEV0103,EMP0108,2025-11-27 07:36:00,2025-12-03 14:23:54.496282941
TX002997,DEV0003,EMP0112,2026-04-12 16:19:00,2026-04-14 06:26:38.654930424
TX002998,DEV0072,EMP0360,2024-06-21 18:30:00,2024-06-28 09:28:26.174712580
TX002999,DEV0121,EMP0139,2025-01-28 17:21:00,2025-02-03 06:18:29.616533748
TX003000,DEV0025,EMP0260,2026-07-22 18:06:00,2026-08-18 22:35:38.284165366
TX003001,DEV0036,EMP0305,2024-05-17 18:37:00,2024-05-20 08:38:35.722190262
TX003002,DEV0020,EMP0119,2026-04-02 11:02:00,2026-04-03 13:32:16.006108846
TX003003,DEV0254,EMP0219,2026-03-11 08:02:00,2026-03-21 15:09:48.939570799
TX003004,DEV0162,EMP0187,2025-04-13 13:40:00,2025-04-22 20:45:58.174388401
TX003005,DEV0257,EMP0330,2024-12-02 12:19:00,2024-12-07 23:07:49.621575945
TX003006,DEV0167,EMP0271,2024-02-10 15:03:00,2024-02-22 06:31:20.410297887
TX003007,DEV0061,EMP0052,2026-08-17 11:33:00,2026-08-28 20:08:40.104268873
TX003008,DEV0085,EMP0098,2026-01-05 12:44:00,2026-01-10 21:24:25.396974387
TX003009,DEV0012,EMP0068,2026-04-04 17:17:00,2026-04-05 15:45:32.479840691
TX003010,DEV0253,EMP0114,2024-11-02 15:55:00,2024-11-13 15:14:35.733406252
TX003011,DEV0177,EMP0266,2025-10-30 17:00:00,2025-11-02 21:11:06.817821842
TX003012,DEV0104,EMP0132,2025-10-29 07:22:00,2025-12-18 15:35:30.460792839
TX003013,DEV0222,EMP0203,2024-11-21 12:57:00,2024-12-05 09:37:22.586316191
TX003014,DEV0062,EMP0061,2025-07-06 11:02:00,2025-07-07 21:40:40.898812652
TX003015,DEV0214,EMP0076,2024-09-06 16:44:00,2024-10-24 04:41:16.433456372
TX003016,DEV0152,EMP0320,2025-04-29 18:16:00,2025-05-05 22:16:46.163763381
TX003017,DEV0016,EMP0356,2025-12-18 11:38:00,2025-12-20 11:46:30.437871757
TX003018,DEV0123,EMP0101,2025-01-24 10:51:00,2025-02-17 01:39:11.484025229
TX003019,DEV0032,EMP0037,2026-01-11 11:19:00,2026-02-01 07:06:46.119979326
TX003020,DEV0106,EMP0008,2026-01-07 12:30:00,2026-01-12 11:32:23.644747323
TX003021,DEV0145,EMP0200,2025-01-10 14:40:00,2025-01-17 09:06:58.139107177
TX003022,DEV0141,EMP0340,2026-06-08 18:40:00,2026-06-12 15:50:06.721152700
TX003023,DEV0034,EMP0336,2025-12-31 14:52:00,2026-01-09 03:09:08.654935952
TX003024,DEV0027,EMP0360,2025-04-10 16:40:00,2025-04-23 02:36:28.329517527
TX003025,DEV0172,EMP0007,2025-07-21 12:31:00,2025-07-22 08:54:29.467847190
TX003026,DEV0140,EMP0419,2025-12-05 12:17:00,2025-12-06 15:34:49.031515676
TX003027,DEV0161,EMP0403,2026-02-05 08:58:00,2026-02-07 11:42:05.322119802
TX003028,DEV0236,EMP0168,2025-11-03 16:01:00,2025-11-06 11:18:44.669417601
TX003029,DEV0255,EMP0306,2025-12-03 10:49:00,2025-12-08 18:29:09.429335749
TX003030,DEV0101,EMP0072,2026-04-26 16:52:00,2026-05-01 16:35:33.081242817
TX003031,DEV0075,EMP0091,2025-01-30 16:06:00,2025-02-16 06:09:15.665990896
TX003032,DEV0063,EMP0362,2025-08-22 18:27:00,2025-09-17 22:27:07.851610195
TX003033,DEV0211,EMP0301,2024-06-09 13:06:00,2024-06-15 21:16:08.885346486
TX003034,DEV0052,EMP0030,2025-06-07 17:03:00,2025-06-11 08:46:28.212156572
TX003035,DEV0082,EMP0114,2024-06-13 14:00:00,2024-07-03 19:54:04.913239157
TX003036,DEV0051,EMP0158,2026-06-27 07:47:00,2026-06-29 10:06:41.312062298
TX003037,DEV0181,EMP0062,2026-07-09 17:04:00,2026-07-14 19:49:09.711091071
TX003038,DEV0193,EMP0229,2025-11-23 08:00:00,2025-11-26 01:36:05.379791718
TX003039,DEV0083,EMP0083,2024-06-28 13:06:00,2024-07-02 03:39:00.528058236
TX003040,DEV0181,EMP0290,2024-02-26 11:38:00,2024-03-12 10:04:20.881158712
TX003041,DEV0205,EMP0246,2025-01-23 11:49:00,2025-02-02 21:16:13.321253374
TX003042,DEV0016,EMP0031,2024-09-01 13:17:00,2024-09-06 15:04:56.980163202
TX003043,DEV0130,EMP0392,2026-07-18 12:42:00,2026-07-20 12:31:15.435557502
TX003044,DEV0235,EMP0254,2024-07-28 17:01:00,2024-08-06 02:32:08.687187156
TX003045,DEV0242,EMP0348,2025-02-11 18:53:00,2025-03-06 13:46:23.352661915
TX003046,DEV0071,EMP0259,2026-04-24 14:46:00,2026-05-05 23:29:00.106745872
TX003047,DEV0028,EMP0223,2025-08-13 14:47:00,2025-08-18 03:08:14.133506354
TX003048,DEV0106,EMP0119,2024-09-02 11:06:00,2024-09-06 17:20:31.933315447
TX003049,DEV0152,EMP0313,2024-03-01 14:22:00,2024-03-04 13:15:25.076271291
TX003050,DEV0222,EMP0253,2026-05-18 16:36:00,2026-05-21 22:35:41.039156429
TX003051,DEV0219,EMP0364,2025-04-23 10:20:00,2025-04-29 23:36:25.902767301
TX003052,DEV0046,EMP0231,2026-08-03 08:16:00,2026-08-05 03:39:41.726173980
TX003053,DEV0234,EMP0379,2024-06-29 12:17:00,2024-07-02 02:16:22.826313088
TX003054,DEV0251,EMP0106,2025-01-29 15:39:00,2025-02-05 04:16:48.965491664
TX003055,DEV0174,EMP0382,2024-10-12 14:53:00,2024-10-27 15:29:48.857951270
TX003056,DEV0161,EMP0243,2025-12-13 17:08:00,2025-12-18 09:02:15.628356152
TX003057,DEV0247,EMP0299,2024-01-30 17:23:00,2024-02-04 12:25:21.456732074
TX003058,DEV0035,EMP0238,2025-08-29 08:56:00,2025-09-12 22:10:45.343161715
TX003059,DEV0140,EMP0250,2024-08-27 09:36:00,2024-08-28 14:26:03.485606660
TX003060,DEV0237,EMP0292,2025-07-22 09:42:00,2025-07-30 08:38:17.868541868
TX003061,DEV0119,EMP0056,2026-07-05 13:14:00,2026-07-10 19:17:37.469276187
TX003062,DEV0075,EMP0023,2026-06-26 13:36:00,2026-07-05 17:31:27.477891903
TX003063,DEV0211,EMP0104,2025-09-25 18:47:00,2025-10-25 18:07:46.977477805
TX003064,DEV0076,EMP0358,2026-05-05 14:37:00,2026-05-08 17:58:18.404497720
TX003065,DEV0223,EMP0042,2026-01-12 07:22:00,2026-01-20 17:15:43.904671047
TX003066,DEV0115,EMP0008,2025-06-16 16:12:00,2025-07-01 00:25:13.615083745
TX003067,DEV0221,EMP0110,2024-12-19 10:48:00,2025-01-13 22:56:21.638902495
TX003068,DEV0041,EMP0041,2025-11-06 17:54:00,2025-11-14 10:03:11.282861070
TX003069,DEV0202,EMP0197,2025-07-07 13:42:00,2025-07-12 11:00:37.869069871
TX003070,DEV0186,EMP0113,2024-08-05 18:57:00,2024-08-11 06:08:34.745370601
TX003071,DEV0081,EMP0213,2026-06-07 17:49:00,2026-06-10 12:35:06.632081733
TX003072,DEV0127,EMP0071,2025-10-20 17:24:00,2025-10-28 00:30:39.353804874
TX003073,DEV0208,EMP0013,2026-07-09 14:58:00,2026-07-17 08:02:27.549983974
TX003074,DEV0044,EMP0137,2025-07-20 11:21:00,2025-08-08 02:04:35.213318387
TX003075,DEV0232,EMP0230,2025-12-17 15:12:00,2025-12-23 15:51:49.111852246
TX003076,DEV0031,EMP0004,2026-08-11 13:46:00,2026-09-12 21:08:40.532489191
TX003077,DEV0217,EMP0129,2024-11-16 13:11:00,2024-11-19 20:52:05.334407441
TX003078,DEV0223,EMP0192,2024-10-03 09:09:00,2024-10-06 17:31:44.983498890
TX003079,DEV0241,EMP0361,2024-06-06 14:27:00,2024-06-22 23:14:39.839083014
TX003080,DEV0220,EMP0079,2024-01-05 13:23:00,2024-01-08 13:06:05.762549515
TX003081,DEV0101,EMP0281,2024-11-10 15:26:00,2024-11-22 12:03:11.658588604
TX003082,DEV0133,EMP0125,2024-01-28 11:03:00,2024-02-18 09:01:50.842307181
TX003083,DEV0027,EMP0358,2025-04-26 12:36:00,2025-04-28 05:12:17.376652668
TX003084,DEV0023,EMP0035,2025-05-17 16:30:00,2025-05-20 05:48:23.506244479
TX003085,DEV0011,EMP0282,2025-12-22 14:39:00,2026-01-05 23:13:09.875882854
TX003086,DEV0141,EMP0009,2026-08-22 13:49:00,2026-08-30 00:15:07.399272793
TX003087,DEV0170,EMP0136,2026-07-05 09:29:00,2026-07-05 18:56:31.898380205
TX003088,DEV0092,EMP0207,2024-01-27 16:18:00,2024-02-10 00:09:31.123663713
TX003089,DEV0033,EMP0302,2025-04-08 08:08:00,2025-04-27 07:54:46.938135228
TX003090,DEV0041,EMP0370,2025-07-31 18:02:00,2025-08-03 23:34:16.915793185
TX003091,DEV0141,EMP0144,2026-08-25 16:26:00,2026-08-29 04:21:00.033298035
TX003092,DEV0202,EMP0312,2025-06-18 09:38:00,2025-06-27 13:10:48.210427648
TX003093,DEV0129,EMP0114,2025-08-13 17:27:00,2025-08-16 02:07:31.418887990
TX003094,DEV0162,EMP0173,2026-04-30 08:17:00,2026-05-06 07:45:42.094366287
TX003095,DEV0129,EMP0090,2026-06-30 17:52:00,2026-07-10 08:38:51.668665946
TX003096,DEV0159,EMP0190,2025-10-27 15:32:00,2025-10-31 00:55:58.014692138
TX003097,DEV0193,EMP0013,2026-07-12 13:20:00,2026-07-17 08:02:13.282555101
TX003098,DEV0073,EMP0304,2025-11-06 08:10:00,2025-11-11 20:07:20.518143051
TX003099,DEV0260,EMP0006,2025-08-29 10:32:00,2025-08-31 05:07:58.090738240
TX003100,DEV0195,EMP0208,2025-05-30 07:01:00,2025-06-17 15:38:22.321064727
TX003101,DEV0164,EMP0351,2025-05-11 08:29:00,2025-05-18 23:02:06.745267816
TX003102,DEV0174,EMP0340,2024-11-16 14:19:00,2024-12-03 13:16:30.217033925
TX003103,DEV0221,EMP0411,2026-08-23 18:57:00,2026-08-26 05:38:06.186725670
TX003104,DEV0003,EMP0254,2026-08-26 17:00:00,2026-09-04 06:07:03.591920904
TX003105,DEV0166,EMP0193,2025-08-04 17:18:00,2025-08-06 00:57:49.926824602
TX003106,DEV0202,EMP0294,2024-03-08 17:20:00,2024-03-22 04:38:09.672169039
TX003107,DEV0133,EMP0366,2026-07-01 17:09:00,2026-07-12 07:32:55.543536486
TX003108,DEV0141,EMP0328,2025-01-19 08:24:00,2025-01-31 14:56:20.958176651
TX003109,DEV0252,EMP0363,2025-06-16 18:36:00,2025-06-25 23:34:40.009136246
TX003110,DEV0030,EMP0127,2026-07-06 11:39:00,2026-07-09 14:38:06.413016412
TX003111,DEV0178,EMP0328,2026-01-26 12:04:00,2026-01-27 12:15:19.819782607
TX003112,DEV0002,EMP0242,2024-09-14 17:27:00,2024-09-17 21:18:31.494722487
TX003113,DEV0168,EMP0040,2025-02-09 16:22:00,2025-02-14 17:00:17.822397045
TX003114,DEV0073,EMP0197,2026-03-19 17:49:00,2026-03-27 04:49:36.559250130
TX003115,DEV0113,EMP0150,2026-01-23 12:18:00,2026-02-02 02:54:57.656839272
TX003116,DEV0259,EMP0070,2024-06-04 14:11:00,2024-06-09 17:59:20.375135392
TX003117,DEV0254,EMP0212,2024-02-07 09:37:00,2024-02-27 06:21:25.013822798
TX003118,DEV0143,EMP0180,2024-08-27 11:05:00,2024-09-03 02:37:48.929907589
TX003119,DEV0254,EMP0213,2026-03-22 07:06:00,2026-04-24 18:48:36.662108308
TX003120,DEV0067,EMP0306,2026-02-19 13:54:00,2026-02-24 05:11:07.333011739
TX003121,DEV0202,EMP0249,2024-12-01 15:47:00,2024-12-04 15:34:01.125935470
TX003122,DEV0122,EMP0212,2025-08-26 08:30:00,2025-09-02 23:54:46.964372245
TX003123,DEV0102,EMP0143,2025-10-23 08:34:00,2025-10-28 17:38:10.930018670
TX003124,DEV0092,EMP0305,2025-11-24 11:09:00,2025-12-01 16:51:33.023079588
TX003125,DEV0259,EMP0400,2026-06-24 14:44:00,2026-06-27 00:24:12.857985276
TX003126,DEV0043,EMP0127,2025-10-21 18:54:00,2025-10-26 04:32:25.712900074
TX003127,DEV0260,EMP0205,2026-02-17 13:55:00,2026-02-20 09:07:43.982912727
TX003128,DEV0032,EMP0099,2025-11-22 07:36:00,2025-12-06 15:14:09.446517975
TX003129,DEV0212,EMP0213,2024-12-20 16:55:00,2025-01-01 21:29:22.354283709
TX003130,DEV0127,EMP0254,2024-03-18 13:43:00,2024-03-21 00:25:09.883805391
TX003131,DEV0247,EMP0011,2025-03-11 15:05:00,2025-03-12 02:37:12.857897470
TX003132,DEV0177,EMP0260,2025-10-11 16:36:00,2025-10-17 18:32:23.932074970
TX003133,DEV0213,EMP0204,2025-10-26 13:38:00,2025-10-30 11:41:28.842625733
TX003134,DEV0052,EMP0303,2024-05-16 14:03:00,2024-05-30 17:54:15.963152171
TX003135,DEV0028,EMP0209,2024-05-01 15:16:00,2024-05-06 10:06:44.380824171
TX003136,DEV0258,EMP0258,2024-11-23 10:12:00,2024-11-24 04:42:54.800440559
TX003137,DEV0103,EMP0299,2026-05-23 13:55:00,2026-06-01 19:41:30.874821466
TX003138,DEV0079,EMP0404,2026-02-16 15:01:00,2026-02-18 14:22:52.220877879
TX003139,DEV0083,EMP0413,2024-12-21 10:40:00,2025-01-04 07:21:49.015425064
TX003140,DEV0222,EMP0074,2025-04-24 09:37:00,2025-05-06 17:33:15.123422894
TX003141,DEV0003,EMP0038,2025-06-03 13:30:00,2025-06-22 00:56:07.677290936
TX003142,DEV0013,EMP0075,2026-02-21 14:51:00,2026-03-01 09:10:52.462827888
TX003143,DEV0121,EMP0384,2026-02-10 16:23:00,2026-02-14 07:13:46.824164028
TX003144,DEV0047,EMP0257,2025-02-05 13:35:00,2025-02-09 13:08:53.613087231
TX003145,DEV0163,EMP0153,2026-06-02 14:26:00,2026-06-05 13:08:39.666660893
TX003146,DEV0204,EMP0178,2026-05-12 11:48:00,2026-05-25 08:36:53.100984669
TX003147,DEV0043,EMP0394,2026-08-09 16:34:00,2026-08-17 06:17:17.413510530
TX003148,DEV0245,EMP0283,2026-01-19 14:52:00,2026-02-04 03:26:48.560254011
TX003149,DEV0026,EMP0157,2024-02-22 17:59:00,2024-02-25 16:23:55.931402999
TX003150,DEV0071,EMP0251,2026-05-28 11:05:00,2026-06-11 18:43:21.769373325
TX003151,DEV0133,EMP0077,2024-10-09 10:31:00,2024-10-11 15:27:59.015625972
TX003152,DEV0154,EMP0382,2025-03-02 13:17:00,2025-03-10 03:44:00.074994402
TX003153,DEV0128,EMP0320,2024-12-31 14:59:00,2025-01-04 11:34:40.229071609
TX003154,DEV0124,EMP0204,2026-02-11 18:59:00,2026-02-15 02:51:16.911172307
TX003155,DEV0095,EMP0104,2025-09-18 07:44:00,2025-10-12 10:40:13.614196125
TX003156,DEV0054,EMP0358,2026-05-08 08:08:00,2026-05-19 11:12:06.618577576
TX003157,DEV0235,EMP0187,2026-01-30 18:49:00,2026-02-09 10:49:28.773001156
TX003158,DEV0202,EMP0201,2026-02-08 14:44:00,2026-02-21 17:15:44.061182435
TX003159,DEV0143,EMP0395,2026-01-04 14:35:00,2026-01-08 08:28:44.432584544
TX003160,DEV0231,EMP0200,2024-10-19 07:26:00,2024-10-19 13:49:11.237258385
TX003161,DEV0173,EMP0064,2026-08-31 15:07:00,2026-09-14 02:19:22.239380807
TX003162,DEV0193,EMP0188,2025-06-24 09:47:00,2025-06-29 00:04:27.440537426
TX003163,DEV0168,EMP0303,2024-03-28 13:36:00,2024-03-31 01:11:25.095786859
TX003164,DEV0141,EMP0262,2025-02-06 16:52:00,2025-02-17 11:48:46.979497888
TX003165,DEV0115,EMP0054,2025-06-09 15:09:00,2025-06-13 17:51:02.550100754
TX003166,DEV0210,EMP0139,2025-08-23 11:03:00,2025-08-23 17:06:44.550469694
TX003167,DEV0185,EMP0023,2024-04-01 13:55:00,2024-04-07 02:29:09.923767156
TX003168,DEV0093,EMP0392,2025-12-07 16:00:00,2025-12-13 05:55:45.296504214
TX003169,DEV0231,EMP0164,2024-03-02 07:51:00,2024-03-05 23:47:41.566934958
TX003170,DEV0091,EMP0211,2024-04-21 10:45:00,2024-04-27 21:53:07.634333544
TX003171,DEV0074,EMP0149,2026-04-28 10:39:00,2026-05-23 22:56:47.799022258
TX003172,DEV0254,EMP0389,2025-02-28 15:53:00,2025-03-07 17:59:15.184258889
TX003173,DEV0148,EMP0070,2024-03-30 08:57:00,2024-03-31 05:07:03.880904104
TX003174,DEV0026,EMP0420,2025-02-10 11:11:00,2025-02-17 06:16:30.149573883
TX003175,DEV0251,EMP0166,2025-03-14 08:29:00,2025-03-17 20:10:24.370921130
TX003176,DEV0090,EMP0101,2025-08-30 14:33:00,2025-09-02 03:58:03.106955468
TX003177,DEV0062,EMP0323,2026-01-19 09:00:00,2026-01-24 23:10:17.623226785
TX003178,DEV0243,EMP0011,2026-04-01 11:45:00,2026-04-07 12:38:33.547469150
TX003179,DEV0213,EMP0144,2025-02-23 13:19:00,2025-02-24 01:10:21.336403600
TX003180,DEV0038,EMP0063,2026-06-16 14:06:00,2026-06-23 13:12:59.161880722
TX003181,DEV0236,EMP0301,2025-01-30 16:48:00,2025-02-02 03:17:50.744157208
TX003182,DEV0157,EMP0017,2024-01-10 14:30:00,2024-01-17 02:45:38.041735732
TX003183,DEV0136,EMP0254,2024-06-15 10:15:00,2024-06-22 14:37:34.260927461
TX003184,DEV0053,EMP0131,2025-01-08 15:26:00,2025-01-27 18:43:39.207060138
TX003185,DEV0061,EMP0069,2026-04-02 16:45:00,2026-04-07 12:09:58.325397452
TX003186,DEV0042,EMP0296,2026-05-14 13:02:00,2026-05-25 06:22:44.361224466
TX003187,DEV0003,EMP0247,2026-03-04 09:35:00,2026-03-12 04:56:48.818207007
TX003188,DEV0141,EMP0135,2024-11-19 12:45:00,2024-11-21 08:12:38.169928816
TX003189,DEV0237,EMP0352,2025-11-02 11:19:00,2025-11-04 15:51:45.063971727
TX003190,DEV0063,EMP0407,2026-02-25 11:36:00,2026-04-15 08:08:16.769377019
TX003191,DEV0141,EMP0178,2026-06-26 14:32:00,2026-06-29 00:14:23.672408767
TX003192,DEV0015,EMP0351,2025-11-06 09:12:00,2025-11-15 22:21:03.842839900
TX003193,DEV0191,EMP0098,2024-08-12 11:47:00,2024-08-20 16:50:57.794603605
TX003194,DEV0072,EMP0192,2024-06-10 10:57:00,2024-06-21 14:19:37.313971892
TX003195,DEV0069,EMP0300,2024-02-01 18:19:00,2024-02-04 05:01:04.682693908
TX003196,DEV0105,EMP0220,2025-04-01 18:31:00,2025-04-17 16:08:27.029080091
TX003197,DEV0251,EMP0034,2024-03-06 10:35:00,2024-03-17 22:47:59.551518664
TX003198,DEV0196,EMP0174,2026-08-10 17:29:00,2026-08-14 06:29:51.845027134
TX003199,DEV0132,EMP0235,2026-04-04 08:24:00,2026-04-21 12:15:09.002003766
TX003200,DEV0255,EMP0420,2024-06-23 18:20:00,2024-07-04 02:46:17.459131883
TX003201,DEV0051,EMP0392,2025-04-25 13:26:00,2025-04-28 23:57:54.850281638
TX003202,DEV0073,EMP0142,2024-11-18 16:56:00,2024-11-21 07:58:54.504470973
TX003203,DEV0218,EMP0202,2024-03-24 17:17:00,2024-03-26 19:36:34.559119370
TX003204,DEV0126,EMP0115,2026-07-26 16:06:00,2026-07-29 13:22:55.846846519
TX003205,DEV0141,EMP0114,2024-09-14 11:32:00,2024-10-07 03:49:56.245593366
TX003206,DEV0163,EMP0158,2025-10-22 10:24:00,2025-10-26 23:57:39.919289046
TX003207,DEV0019,EMP0112,2025-02-02 09:32:00,2025-02-03 09:52:04.793189075
TX003208,DEV0215,EMP0074,2024-10-10 09:57:00,2024-10-15 04:16:51.747394665
TX003209,DEV0223,EMP0037,2024-02-08 11:50:00,2024-02-23 15:35:01.301950032
TX003210,DEV0165,EMP0074,2026-07-08 18:46:00,2026-07-29 10:37:08.120958721
TX003211,DEV0111,EMP0343,2026-02-09 17:36:00,2026-02-17 03:42:44.902748446
TX003212,DEV0192,EMP0006,2024-04-01 14:58:00,2024-04-12 02:27:47.640574295
TX003213,DEV0132,EMP0224,2025-04-29 13:49:00,2025-05-09 11:08:37.853684306
TX003214,DEV0227,EMP0138,2025-06-11 12:50:00,2025-06-19 01:22:04.697502410
TX003215,DEV0107,EMP0164,2024-08-02 10:05:00,2024-08-19 00:19:16.185345008
TX003216,DEV0010,EMP0279,2024-01-27 11:53:00,2024-01-30 04:49:57.596170289
TX003217,DEV0042,EMP0371,2026-02-24 11:43:00,2026-03-02 01:22:26.661032073
TX003218,DEV0085,EMP0018,2024-11-09 10:25:00,2024-11-23 16:36:39.742992359
TX003219,DEV0211,EMP0236,2024-06-22 17:24:00,2024-06-28 08:33:55.174217344
TX003220,DEV0116,EMP0376,2026-06-01 18:43:00,2026-06-16 13:37:10.070683229
TX003221,DEV0095,EMP0320,2024-09-05 09:48:00,2024-09-26 22:49:50.081923746
TX003222,DEV0081,EMP0324,2026-01-18 12:09:00,2026-01-28 05:27:39.835758080
TX003223,DEV0021,EMP0414,2024-10-31 12:52:00,2024-11-01 14:31:45.263919262
TX003224,DEV0136,EMP0081,2025-05-07 18:01:00,2025-05-10 19:07:49.193143119
TX003225,DEV0104,EMP0393,2025-04-05 18:58:00,2025-04-17 18:14:44.305416642
TX003226,DEV0232,EMP0367,2025-07-20 08:39:00,2025-07-30 20:57:53.851099812
TX003227,DEV0255,EMP0388,2025-07-25 09:13:00,2025-08-06 19:47:29.793480535
TX003228,DEV0022,EMP0084,2026-02-25 11:57:00,2026-03-11 06:47:13.516308457
TX003229,DEV0027,EMP0229,2024-08-28 14:23:00,2024-08-30 03:42:13.768267041
TX003230,DEV0065,EMP0174,2025-03-31 08:02:00,2025-04-09 18:25:24.376619852
TX003231,DEV0191,EMP0073,2026-04-22 14:09:00,2026-04-24 11:52:34.834366654
TX003232,DEV0033,EMP0154,2024-04-06 17:36:00,2024-04-24 22:41:14.672015758
TX003233,DEV0181,EMP0255,2024-03-30 16:04:00,2024-04-08 04:59:52.624739218
TX003234,DEV0031,EMP0056,2024-07-12 17:46:00,2024-07-25 02:47:03.463686461
TX003235,DEV0238,EMP0243,2024-08-20 18:36:00,2024-08-22 18:22:44.844729733
TX003236,DEV0260,EMP0278,2024-03-30 18:41:00,2024-03-31 23:05:56.845400475
TX003237,DEV0153,EMP0008,2025-09-06 13:43:00,2025-09-20 03:15:06.140095634
TX003238,DEV0042,EMP0356,2025-07-04 07:55:00,2025-07-08 20:59:41.736269183
TX003239,DEV0155,EMP0399,2024-11-24 16:43:00,2024-12-06 07:40:08.976128611
TX003240,DEV0180,EMP0194,2026-02-03 13:22:00,2026-02-03 18:55:22.125873818
TX003241,DEV0196,EMP0238,2026-05-06 18:57:00,2026-05-10 01:00:03.521504811
TX003242,DEV0144,EMP0229,2025-06-09 18:46:00,2025-06-23 03:28:12.474084779
TX003243,DEV0232,EMP0350,2026-07-12 16:27:00,2026-07-13 14:27:41.578331756
TX003244,DEV0112,EMP0211,2026-03-31 10:45:00,2026-04-01 18:38:18.047276997
TX003245,DEV0118,EMP0186,2024-11-26 10:20:00,2024-11-28 21:31:44.072857374
TX003246,DEV0187,EMP0011,2024-10-29 15:01:00,2024-10-30 05:55:37.404470449
TX003247,DEV0244,EMP0257,2025-07-07 07:23:00,2025-07-21 09:59:35.876194090
TX003248,DEV0252,EMP0127,2024-05-07 17:09:00,2024-05-14 04:26:56.649612139
TX003249,DEV0173,EMP0354,2025-08-25 13:13:00,2025-09-04 05:18:33.266286807
TX003250,DEV0192,EMP0352,2025-08-20 07:36:00,2025-08-26 06:50:10.860778697
TX003251,DEV0146,EMP0057,2025-01-25 08:45:00,2025-01-29 20:42:21.756483441
TX003252,DEV0123,EMP0112,2025-12-20 12:37:00,2025-12-23 19:18:29.547836926
TX003253,DEV0259,EMP0163,2025-03-30 10:05:00,2025-04-03 11:54:25.481160288
TX003254,DEV0223,EMP0400,2025-06-08 11:24:00,2025-06-13 15:25:12.625453574
TX003255,DEV0123,EMP0067,2024-12-02 11:39:00,2024-12-07 22:43:55.279628105
TX003256,DEV0093,EMP0320,2025-01-22 07:51:00,2025-01-23 05:51:39.077497177
TX003257,DEV0153,EMP0280,2026-06-28 12:28:00,2026-06-29 06:22:32.457495507
TX003258,DEV0141,EMP0221,2024-07-01 12:27:00,2024-07-06 14:09:27.388692740
TX003259,DEV0166,EMP0301,2024-11-25 09:46:00,2024-11-28 19:21:03.427148273
TX003260,DEV0240,EMP0297,2025-01-30 15:25:00,2025-01-31 09:15:38.906755987
TX003261,DEV0030,EMP0228,2024-05-07 12:46:00,2024-05-07 19:15:05.811433339
TX003262,DEV0032,EMP0375,2025-12-23 09:53:00,2025-12-31 10:15:49.838051191
TX003263,DEV0152,EMP0367,2025-03-02 12:05:00,2025-03-20 08:25:09.315133572
TX003264,DEV0123,EMP0205,2026-04-30 14:47:00,2026-05-29 03:43:11.025166034
TX003265,DEV0040,EMP0016,2024-09-26 18:07:00,2024-09-28 15:39:54.946677068
TX003266,DEV0120,EMP0010,2026-08-03 09:35:00,2026-08-03 14:12:50.660413906
TX003267,DEV0150,EMP0206,2025-12-03 15:12:00,2025-12-04 06:39:39.583926612
TX003268,DEV0056,EMP0344,2024-05-17 08:19:00,2024-05-25 02:24:41.769022692
TX003269,DEV0022,EMP0127,2025-04-25 15:16:00,2025-05-11 20:13:34.931296553
TX003270,DEV0027,EMP0063,2026-08-02 18:46:00,2026-08-08 21:26:23.592240845
TX003271,DEV0037,EMP0314,2025-04-28 09:48:00,2025-05-05 08:51:36.161697271
TX003272,DEV0063,EMP0081,2024-08-12 12:35:00,2024-08-23 12:54:57.318031290
TX003273,DEV0137,EMP0187,2025-05-21 17:11:00,2025-06-06 15:55:30.124551599
TX003274,DEV0044,EMP0242,2026-03-02 18:47:00,2026-03-07 04:28:05.971014328
TX003275,DEV0201,EMP0218,2025-04-12 16:13:00,2025-04-22 04:30:11.720993676
TX003276,DEV0232,EMP0116,2025-02-04 15:17:00,2025-05-05 12:07:14.920191384
TX003277,DEV0247,EMP0401,2025-10-26 18:24:00,2025-10-28 23:52:48.605406744
TX003278,DEV0025,EMP0246,2026-04-25 17:37:00,2026-05-07 15:31:07.190894010
TX003279,DEV0245,EMP0048,2025-02-19 07:42:00,2025-03-01 06:31:04.044188275
TX003280,DEV0241,EMP0214,2025-05-22 18:47:00,2025-05-29 07:35:31.346233824
TX003281,DEV0128,EMP0376,2026-05-19 13:02:00,2026-05-22 12:26:17.283564605
TX003282,DEV0124,EMP0158,2025-04-04 15:48:00,2025-04-08 15:08:46.672367513
TX003283,DEV0019,EMP0198,2026-01-21 10:24:00,2026-01-23 06:47:07.633930338
TX003284,DEV0147,EMP0165,2026-08-24 12:20:00,2026-08-27 15:23:40.020147048
TX003285,DEV0014,EMP0340,2024-01-01 13:27:00,2024-01-06 18:20:55.586304241
TX003286,DEV0114,EMP0276,2025-05-28 15:46:00,2025-06-12 22:37:59.470685507
TX003287,DEV0118,EMP0414,2026-03-20 08:56:00,2026-03-22 00:23:51.878114736
TX003288,DEV0256,EMP0098,2025-02-18 14:09:00,2025-02-18 22:34:45.702966724
TX003289,DEV0083,EMP0005,2025-06-22 16:43:00,2025-06-28 13:27:55.587208028
TX003290,DEV0192,EMP0305,2024-04-23 11:29:00,2024-04-29 04:30:54.920694126
TX003291,DEV0013,EMP0227,2026-01-27 08:38:00,2026-02-03 12:26:19.554972125
TX003292,DEV0207,EMP0249,2024-07-01 07:59:00,2024-07-04 11:29:41.795927252
TX003293,DEV0104,EMP0400,2024-05-24 13:11:00,2024-06-06 22:52:05.449264665
TX003294,DEV0116,EMP0124,2024-02-14 07:56:00,2024-02-21 14:16:31.015766559
TX003295,DEV0125,EMP0220,2025-07-09 13:51:00,2025-07-27 17:03:23.622159589
TX003296,DEV0194,EMP0319,2024-01-24 14:07:00,2024-01-25 22:24:59.295331825
TX003297,DEV0186,EMP0153,2024-05-19 13:25:00,2024-05-28 11:24:58.674867948
TX003298,DEV0042,EMP0027,2025-02-09 07:57:00,2025-02-19 04:13:20.701713505
TX003299,DEV0053,EMP0239,2025-11-04 17:08:00,2025-11-08 08:14:17.795794902
TX003300,DEV0242,EMP0328,2024-12-09 07:47:00,2024-12-20 06:29:52.894601423
TX003301,DEV0040,EMP0399,2025-12-21 13:43:00,2025-12-21 20:06:51.789076511
TX003302,DEV0213,EMP0410,2024-12-04 18:12:00,2024-12-12 13:21:23.205979100
TX003303,DEV0227,EMP0101,2024-05-12 16:48:00,2024-05-26 00:52:40.103687792
TX003304,DEV0202,EMP0034,2024-07-28 13:55:00,2024-08-09 16:08:21.621019815
TX003305,DEV0047,EMP0219,2026-01-04 07:54:00,2026-01-10 18:47:18.164102080
TX003306,DEV0123,EMP0096,2025-09-17 17:01:00,2025-09-25 11:21:58.867178651
TX003307,DEV0232,EMP0054,2024-05-11 15:03:00,2024-05-12 17:31:30.875549141
TX003308,DEV0251,EMP0350,2024-09-04 07:16:00,2024-09-08 05:40:41.337347877
TX003309,DEV0003,EMP0183,2024-12-12 09:13:00,2024-12-18 09:38:29.521905334
TX003310,DEV0140,EMP0391,2026-01-10 11:14:00,2026-01-12 10:54:00.542876010
TX003311,DEV0039,EMP0272,2024-01-13 14:33:00,2024-01-14 03:29:14.132577585
TX003312,DEV0136,EMP0408,2024-07-07 15:49:00,2024-07-08 07:47:39.503796814
TX003313,DEV0204,EMP0329,2024-07-07 16:19:00,2024-07-27 03:46:33.982412114
TX003314,DEV0142,EMP0066,2025-07-26 13:35:00,2025-08-03 19:05:33.802031824
TX003315,DEV0245,EMP0253,2024-08-10 14:01:00,2024-08-13 16:48:54.520983160
TX003316,DEV0060,EMP0053,2025-02-20 13:10:00,2025-02-22 09:47:32.953976010
TX003317,DEV0051,EMP0340,2026-03-05 09:43:00,2026-03-09 01:06:14.989833845
TX003318,DEV0058,EMP0099,2025-04-12 16:23:00,2025-04-13 08:19:30.051526392
TX003319,DEV0041,EMP0381,2024-01-26 16:08:00,2024-02-01 09:48:43.949514052
TX003320,DEV0031,EMP0036,2025-10-14 11:01:00,2025-10-27 12:39:18.610375552
TX003321,DEV0122,EMP0306,2025-05-19 12:25:00,2025-05-22 06:27:07.235720969
TX003322,DEV0005,EMP0125,2025-10-16 18:37:00,2025-10-20 12:31:49.950664851
TX003323,DEV0229,EMP0225,2025-03-08 07:28:00,2025-03-10 13:07:46.522628665
TX003324,DEV0132,EMP0124,2024-03-07 14:14:00,2024-03-16 03:19:05.019136597
TX003325,DEV0014,EMP0059,2026-06-14 08:57:00,2026-06-22 13:40:19.690905192
TX003326,DEV0079,EMP0074,2026-02-03 14:32:00,2026-02-06 11:42:48.460294987
TX003327,DEV0111,EMP0377,2025-02-10 16:29:00,2025-02-28 17:09:58.688772966
TX003328,DEV0242,EMP0367,2025-01-18 09:19:00,2025-01-22 21:03:14.832994276
TX003329,DEV0021,EMP0164,2024-11-21 14:15:00,2024-11-23 08:14:17.246404996
TX003330,DEV0063,EMP0369,2026-06-18 12:07:00,2026-06-22 03:56:13.383253132
TX003331,DEV0201,EMP0272,2024-11-26 14:17:00,2024-12-04 03:10:18.092291516
TX003332,DEV0123,EMP0191,2026-05-12 16:52:00,2026-05-17 09:20:34.975023668
TX003333,DEV0031,EMP0337,2025-11-02 11:44:00,2025-11-04 16:22:51.618578458
TX003334,DEV0156,EMP0270,2026-08-25 15:48:00,2026-08-27 03:39:42.525720552
TX003335,DEV0079,EMP0081,2025-02-12 10:27:00,2025-02-17 06:59:09.806110772
TX003336,DEV0208,EMP0039,2025-09-27 07:56:00,2025-10-04 02:17:19.977259346
TX003337,DEV0150,EMP0228,2024-10-05 12:58:00,2024-10-08 03:11:32.064739489
TX003338,DEV0021,EMP0062,2026-06-23 08:37:00,2026-06-27 15:23:51.725231214
TX003339,DEV0014,EMP0383,2026-02-16 17:47:00,2026-03-15 20:38:49.407356218
TX003340,DEV0082,EMP0015,2025-10-17 11:13:00,2025-11-01 06:15:59.456923778
TX003341,DEV0143,EMP0056,2025-07-15 15:53:00,2025-08-07 16:03:04.269895746
TX003342,DEV0050,EMP0031,2024-03-22 10:17:00,2024-03-26 19:06:49.861962252
TX003343,DEV0110,EMP0092,2025-02-15 07:09:00,2025-02-18 16:45:58.344969344
TX003344,DEV0032,EMP0010,2026-01-06 08:19:00,2026-01-15 13:00:33.194921068
TX003345,DEV0062,EMP0117,2026-06-06 14:15:00,2026-06-10 00:52:54.747755709
TX003346,DEV0187,EMP0319,2026-03-28 16:50:00,2026-03-30 15:54:25.911179812
TX003347,DEV0061,EMP0112,2024-01-02 18:14:00,2024-01-27 00:38:30.001634340
TX003348,DEV0152,EMP0008,2024-05-03 11:42:00,2024-05-13 02:29:22.579921100
TX003349,DEV0243,EMP0103,2026-08-23 15:21:00,2026-08-27 22:46:01.062137590
TX003350,DEV0005,EMP0337,2024-02-02 11:04:00,2024-02-06 11:52:11.412367096
TX003351,DEV0152,EMP0117,2026-07-21 08:34:00,2026-07-22 19:44:06.274230797
TX003352,DEV0013,EMP0161,2024-10-02 08:27:00,2024-10-05 00:26:40.749016433
TX003353,DEV0053,EMP0099,2024-01-09 14:04:00,2024-01-16 06:50:04.143874763
TX003354,DEV0034,EMP0126,2024-03-31 10:49:00,2024-04-09 02:20:54.574268114
TX003355,DEV0134,EMP0330,2024-04-28 08:47:00,2024-05-15 23:22:40.529535299
TX003356,DEV0202,EMP0372,2024-08-11 15:50:00,2024-08-20 07:43:12.615435096
TX003357,DEV0172,EMP0377,2026-01-28 09:23:00,2026-01-30 18:40:48.260186099
TX003358,DEV0163,EMP0082,2024-02-13 11:02:00,2024-02-23 20:28:03.166826811
TX003359,DEV0185,EMP0187,2024-01-24 11:55:00,2024-02-04 14:34:40.747970264
TX003360,DEV0161,EMP0119,2025-07-09 16:18:00,2025-07-16 22:53:40.922151570
TX003361,DEV0031,EMP0252,2025-03-09 08:36:00,2025-03-14 08:41:01.917596561
TX003362,DEV0065,EMP0143,2024-04-03 18:19:00,2024-04-03 15:19:00.000000000
TX003363,DEV0217,EMP0052,2025-10-05 18:48:00,2025-10-08 16:33:50.122466422
TX003364,DEV0068,EMP0344,2024-02-10 08:06:00,2024-02-12 16:19:13.517505147
TX003365,DEV0201,EMP0113,2025-10-08 07:54:00,2025-10-10 11:38:54.867490575
TX003366,DEV0103,EMP0352,2024-06-10 12:13:00,2024-06-18 21:50:53.702435532
TX003367,DEV0237,EMP0405,2024-11-30 14:49:00,2024-12-03 14:43:37.975015166
TX003368,DEV0234,EMP0223,2025-05-27 15:38:00,2025-06-17 15:27:07.517653771
TX003369,DEV0012,EMP0070,2024-02-05 13:52:00,2024-02-08 19:55:16.936951722
TX003370,DEV0094,EMP0103,2024-10-12 07:29:00,2024-11-10 11:04:09.532759928
TX003371,DEV0086,EMP0288,2026-03-26 17:05:00,2026-03-29 06:43:20.158465732
TX003372,DEV0086,EMP0235,2024-03-08 08:58:00,2024-03-18 00:15:35.694788847
TX003373,DEV0242,EMP0157,2025-09-19 14:47:00,2025-10-10 14:59:09.081221295
TX003374,DEV0176,EMP0362,2024-10-09 14:37:00,2024-10-10 22:25:43.402206697
TX003375,DEV0018,EMP0151,2025-08-31 08:59:00,2025-09-01 07:26:32.224003755
TX003376,DEV0083,EMP0199,2025-06-22 15:32:00,2025-07-04 21:49:51.045025177
TX003377,DEV0084,EMP0300,2024-08-06 16:26:00,2024-08-08 13:40:53.950103776
TX003378,DEV0216,EMP0058,2024-08-22 09:51:00,2024-08-29 20:12:48.760134582
TX003379,DEV0182,EMP0284,2024-05-27 13:32:00,2024-06-01 01:35:59.859127437
TX003380,DEV0081,EMP0310,2025-10-16 18:20:00,2025-10-31 07:40:04.750778738
TX003381,DEV0227,EMP0117,2024-08-27 16:47:00,2024-08-29 18:35:42.699596287
TX003382,DEV0016,EMP0290,2025-08-05 11:53:00,2025-08-07 05:26:03.299178968
TX003383,DEV0072,EMP0353,2024-09-26 18:38:00,2024-10-07 16:54:44.579877092
TX003384,DEV0160,EMP0252,2025-01-22 11:15:00,2025-01-24 22:50:00.377430284
TX003385,DEV0011,EMP0177,2025-06-01 16:38:00,2025-06-05 12:00:17.002900362
TX003386,DEV0226,EMP0109,2025-06-22 16:09:00,2025-06-24 02:09:27.406577515
TX003387,DEV0211,EMP0093,2025-07-14 15:16:00,2025-07-28 10:46:25.931327456
TX003388,DEV0163,EMP0057,2025-01-25 09:45:00,2025-02-02 00:44:58.935930757
TX003389,DEV0122,EMP0135,2025-02-25 07:49:00,2025-03-12 02:38:09.264210819
TX003390,DEV0193,EMP0306,2026-04-27 18:09:00,2026-05-08 03:43:58.459612322
TX003391,DEV0110,EMP0047,2024-07-08 07:31:00,2024-07-09 04:47:29.759593749
TX003392,DEV0231,EMP0091,2025-08-11 10:50:00,2025-08-15 07:57:03.782508478
TX003393,DEV0177,EMP0223,2025-02-23 10:16:00,2025-03-08 16:02:38.959861834
TX003394,DEV0106,EMP0015,2024-02-11 18:52:00,2024-02-17 06:22:07.541722138
TX003395,DEV0057,EMP0419,2024-10-09 17:51:00,2024-10-11 11:15:42.725166793
TX003396,DEV0092,EMP0155,2024-01-03 08:28:00,2024-01-09 20:56:57.360891122
TX003397,DEV0063,EMP0130,2024-01-15 11:59:00,2024-01-20 15:36:11.574789562
TX003398,DEV0224,EMP0370,2024-05-20 08:47:00,2024-06-11 09:01:40.315687614
TX003399,DEV0142,EMP0286,2024-03-28 08:16:00,2024-04-06 13:52:33.332758576
TX003400,DEV0127,EMP0344,2025-09-15 13:28:00,2025-09-19 01:03:25.239510400
TX003401,DEV0102,EMP0319,2025-09-17 09:50:00,2025-09-18 04:29:55.964386945
TX003402,DEV0153,EMP0245,2025-12-09 10:46:00,2025-12-24 01:25:38.575639213
TX003403,DEV0155,EMP0025,2026-08-20 18:45:00,2026-09-08 13:59:37.557194452
TX003404,DEV0086,EMP0342,2025-06-03 16:12:00,2025-06-11 10:43:59.260702209
TX003405,DEV0195,EMP0128,2025-04-20 09:48:00,2025-04-21 14:24:53.805408032
TX003406,DEV0250,EMP0001,2025-01-29 15:47:00,2025-01-31 15:17:53.658450715
TX003407,DEV0122,EMP0192,2024-09-14 18:22:00,2024-09-24 11:33:55.267393560
TX003408,DEV0043,EMP0324,2026-01-14 17:36:00,2026-02-05 21:13:54.731505690
TX003409,DEV0052,EMP0171,2026-01-18 08:45:00,2026-01-24 20:16:25.939509148
TX003410,DEV0113,EMP0007,2025-11-06 08:16:00,2025-11-11 12:45:37.872157303
TX003411,DEV0203,EMP0194,2025-08-12 11:16:00,2025-08-17 08:32:39.730221738
TX003412,DEV0012,EMP0361,2026-05-01 15:35:00,2026-05-08 01:46:07.107060215
TX003413,DEV0201,EMP0062,2024-02-01 17:18:00,2024-02-08 04:26:13.170312963
TX003414,DEV0253,EMP0298,2026-01-05 12:29:00,2026-01-14 23:21:24.701530284
TX003415,DEV0013,EMP0095,2025-02-21 17:14:00,2025-02-24 17:25:37.145008043
TX003416,DEV0096,EMP0279,2024-05-13 13:21:00,2024-05-18 10:57:51.991054686
TX003417,DEV0212,EMP0122,2024-01-05 09:49:00,2024-01-09 03:11:56.390573252
TX003418,DEV0212,EMP0325,2024-01-20 12:31:00,2024-01-23 21:14:57.309544965
TX003419,DEV0122,EMP0099,2024-03-19 09:29:00,2024-03-24 06:36:06.035802368
TX003420,DEV0050,EMP0304,2024-01-17 08:55:00,2024-01-18 03:07:23.900928444
TX003421,DEV0162,EMP0330,2025-02-06 11:37:00,2025-02-12 23:10:08.536181583
TX003422,DEV0237,EMP0305,2025-05-11 14:14:00,2025-05-15 02:28:29.479133187
TX003423,DEV0223,EMP0052,2026-01-17 11:42:00,2026-03-31 06:33:56.952684549
TX003424,DEV0151,EMP0152,2024-01-06 15:08:00,2024-02-06 01:50:04.299684252
TX003425,DEV0123,EMP0091,2025-03-01 11:11:00,2025-03-06 09:44:51.345228796
TX003426,DEV0081,EMP0040,2025-06-12 18:14:00,2025-07-03 01:00:24.273926372
TX003427,DEV0212,EMP0096,2026-04-06 07:24:00,2026-04-10 08:32:21.431473770
TX003428,DEV0257,EMP0417,2026-01-12 08:15:00,2026-01-12 12:53:54.916813811
TX003429,DEV0080,EMP0112,2025-10-20 15:32:00,2025-10-21 04:53:21.965994669
TX003430,DEV0086,EMP0141,2025-05-21 18:48:00,2025-05-23 17:59:34.513180838
TX003431,DEV0112,EMP0303,2024-02-24 11:52:00,2024-02-28 18:21:39.535771718
TX003432,DEV0152,EMP0167,2024-11-18 13:24:00,2024-11-23 16:40:34.849457110
TX003433,DEV0077,EMP0332,2024-12-10 15:25:00,2024-12-19 22:52:35.317983380
TX003434,DEV0111,EMP0214,2025-04-14 13:08:00,2025-04-22 12:54:24.558647356
TX003435,DEV0243,EMP0107,2024-05-31 08:44:00,2024-06-14 23:45:46.977230139
TX003436,DEV0004,EMP0084,2025-12-23 13:29:00,2025-12-31 11:50:10.989517643
TX003437,DEV0235,EMP0172,2024-11-03 08:23:00,2024-11-26 00:38:30.090279920
TX003438,DEV0239,EMP0213,2025-07-01 17:16:00,2025-07-10 18:32:32.396873274
TX003439,DEV0252,EMP0098,2024-03-18 12:23:00,2024-03-30 12:05:14.483868885
TX003440,DEV0121,EMP0289,2024-09-17 17:28:00,2024-09-23 22:05:14.646345577
TX003441,DEV0128,EMP0390,2026-07-23 13:31:00,2026-07-30 13:05:21.727899057
TX003442,DEV0194,EMP0380,2024-04-16 11:51:00,2024-05-03 17:19:37.559330575
TX003443,DEV0151,EMP0032,2024-09-14 09:00:00,2024-09-20 07:55:18.743276197
TX003444,DEV0124,EMP0066,2026-06-16 10:45:00,2026-06-28 23:30:35.570062888
TX003445,DEV0145,EMP0021,2024-12-28 17:12:00,2025-01-02 01:03:25.667478082
TX003446,DEV0114,EMP0125,2024-08-07 10:33:00,2024-08-23 08:37:55.351059869
TX003447,DEV0105,EMP0114,2025-12-31 08:54:00,2026-01-19 02:54:30.723423292
TX003448,DEV0172,EMP0396,2026-03-06 09:58:00,2026-03-21 09:21:34.565559564
TX003449,DEV0022,EMP0407,2024-09-03 12:00:00,2024-09-09 15:15:27.395360271
TX003450,DEV0160,EMP0015,2024-06-12 14:40:00,2024-06-13 11:05:23.248379065
TX003451,DEV0005,EMP0375,2024-11-28 15:38:00,2025-01-01 11:51:48.156043713
TX003452,DEV0155,EMP0312,2025-05-19 18:53:00,2025-06-17 09:14:56.559963973
TX003453,DEV0010,EMP0233,2026-08-11 12:44:00,2026-08-14 05:50:22.040100065
TX003454,DEV0177,EMP0340,2024-12-07 18:55:00,2024-12-19 07:22:54.461790875
TX003455,DEV0231,EMP0068,2024-10-12 11:28:00,2024-10-19 20:36:44.955471596
TX003456,DEV0172,EMP0303,2026-06-16 09:31:00,2026-06-20 06:06:20.375431059
TX003457,DEV0126,EMP0076,2024-11-01 09:39:00,2024-11-03 19:44:02.830052632
TX003458,DEV0185,EMP0266,2025-06-24 07:04:00,2025-06-27 19:33:23.668772732
TX003459,DEV0191,EMP0006,2024-02-19 17:29:00,2024-02-23 16:30:40.676561116
TX003460,DEV0039,EMP0024,2024-01-07 11:31:00,2024-01-08 07:46:32.350853924
TX003461,DEV0177,EMP0007,2025-10-17 15:40:00,2025-10-30 03:46:26.548023483
TX003462,DEV0143,EMP0244,2024-12-07 14:28:00,2024-12-18 00:26:52.289637312
TX003463,DEV0101,EMP0403,2024-04-18 15:49:00,2024-04-25 15:25:39.193249403
TX003464,DEV0245,EMP0273,2026-04-14 10:01:00,2026-04-19 20:06:54.479991842
TX003465,DEV0163,EMP0283,2025-10-22 10:46:00,2025-11-03 17:24:49.534459958
TX003466,DEV0212,EMP0012,2024-11-25 10:48:00,2024-11-26 18:55:18.359651468
TX003467,DEV0111,EMP0017,2025-03-24 18:57:00,2025-04-08 08:15:36.662678021
TX003468,DEV0134,EMP0304,2024-07-13 15:03:00,2024-07-19 18:42:44.301156820
TX003469,DEV0025,EMP0160,2025-05-07 14:37:00,2025-05-28 20:24:48.254981635
TX003470,DEV0027,EMP0092,2024-04-22 11:29:00,2024-04-26 07:36:04.167333046
TX003471,DEV0207,EMP0044,2025-03-14 12:33:00,2025-03-24 17:01:01.336911544
TX003472,DEV0099,EMP0026,2025-06-04 10:21:00,2025-06-07 11:13:43.770002612
TX003473,DEV0015,EMP0352,2026-06-01 09:10:00,2026-06-23 13:55:07.961453787
TX003474,DEV0056,EMP0045,2026-02-05 11:38:00,2026-02-09 01:43:31.222513169
TX003475,DEV0183,EMP0178,2025-01-19 17:32:00,2025-02-04 00:14:55.867084479
TX003476,DEV0136,EMP0263,2025-04-28 15:20:00,2025-05-05 13:09:23.916261218
TX003477,DEV0011,EMP0358,2024-01-02 12:01:00,2024-01-13 20:21:42.849911939
TX003478,DEV0109,EMP0136,2025-02-02 10:34:00,2025-02-03 18:10:05.981469957
TX003479,DEV0213,EMP0197,2026-04-02 16:52:00,2026-04-04 09:10:15.529658997
TX003480,DEV0052,EMP0267,2024-12-17 11:54:00,2024-12-22 17:01:00.617746120
TX003481,DEV0042,EMP0306,2024-12-13 13:32:00,2025-01-16 14:27:36.026575598
TX003482,DEV0006,EMP0129,2025-01-29 17:38:00,2025-02-02 21:51:44.635651692
TX003483,DEV0055,EMP0367,2025-01-18 14:05:00,2025-02-02 16:12:08.721056280
TX003484,DEV0202,EMP0392,2025-08-28 09:54:00,2025-09-04 11:08:49.411320381
TX003485,DEV0102,EMP0034,2024-11-28 18:31:00,2025-01-21 09:08:42.586948317
TX003486,DEV0102,EMP0271,2024-01-06 15:50:00,2024-01-08 14:07:01.397833390
TX003487,DEV0008,EMP0121,2024-09-12 07:07:00,2024-09-13 06:11:22.022622063
TX003488,DEV0093,EMP0257,2025-10-31 11:55:00,2025-11-09 21:57:59.474876390
TX003489,DEV0186,EMP0372,2024-06-05 18:29:00,2024-06-08 22:03:00.647637436
TX003490,DEV0072,EMP0257,2026-01-30 08:28:00,2026-02-12 00:39:40.184980077
TX003491,DEV0074,EMP0416,2024-07-17 18:44:00,2024-07-29 07:59:02.888539974
TX003492,DEV0211,EMP0294,2024-05-03 17:09:00,2024-05-15 00:21:03.368821288
TX003493,DEV0164,EMP0253,2024-03-05 08:26:00,2024-03-31 03:23:21.038473775
TX003494,DEV0215,EMP0245,2025-12-03 09:54:00,2025-12-20 00:52:31.734849013
TX003495,DEV0095,EMP0337,2025-01-04 18:59:00,2025-01-15 08:48:58.827959024
TX003496,DEV0152,EMP0259,2025-03-14 10:27:00,2025-03-21 00:00:12.485770546
TX003497,DEV0151,EMP0180,2026-04-14 17:46:00,2026-04-16 03:23:01.252499611
TX003498,DEV0066,EMP0151,2024-02-09 10:37:00,2024-02-16 00:14:54.403617691
TX003499,DEV0103,EMP0311,2024-06-07 10:59:00,2024-06-09 00:15:28.242370075
TX003500,DEV0053,EMP0355,2025-07-12 13:22:00,2025-07-14 03:15:21.967569291
TX003501,DEV0097,EMP0002,2026-06-21 15:43:00,2026-06-25 11:16:50.901775811
TX003502,DEV0104,EMP0283,2024-02-27 13:23:00,2024-03-09 11:55:47.419467290
TX003503,DEV0073,EMP0048,2025-08-19 18:21:00,2025-08-28 01:41:34.174997040
TX003504,DEV0201,EMP0127,2024-05-25 13:30:00,2024-05-31 09:17:00.778890808
TX003505,DEV0013,EMP0257,2024-11-21 08:21:00,2024-12-05 23:23:03.228863386
TX003506,DEV0244,EMP0227,2026-05-02 16:07:00,2026-05-24 03:34:33.999127597
TX003507,DEV0092,EMP0328,2024-04-05 09:43:00,2024-04-07 07:13:47.509923069
TX003508,DEV0106,EMP0315,2024-09-17 17:17:00,2024-09-27 19:51:07.670883464
TX003509,DEV0177,EMP0242,2025-05-23 10:21:00,2025-05-29 17:34:43.452755162
TX003510,DEV0032,EMP0192,2025-12-14 14:35:00,2025-12-25 17:24:14.841082030
TX003511,DEV0031,EMP0195,2025-01-08 08:45:00,2025-01-14 08:06:32.596498561
TX003512,DEV0244,EMP0368,2025-02-01 07:52:00,2025-04-19 21:21:10.781301931
TX003513,DEV0066,EMP0042,2024-09-23 13:16:00,2024-09-26 20:52:20.117866054
TX003514,DEV0077,EMP0297,2024-09-22 07:21:00,2024-09-25 21:43:17.171147579
TX003515,DEV0087,EMP0323,2025-07-15 11:45:00,2025-07-20 09:43:04.083611483
TX003516,DEV0006,EMP0159,2024-12-06 11:55:00,2024-12-11 20:43:06.682586844
TX003517,DEV0084,EMP0194,2026-04-15 16:41:00,2026-04-29 14:47:04.500128498
TX003518,DEV0150,EMP0157,2026-07-27 17:24:00,2026-08-01 05:41:57.598092305
TX003519,DEV0083,EMP0194,2024-03-12 16:18:00,2024-03-25 05:35:45.132230888
TX003520,DEV0119,EMP0301,2025-10-17 07:08:00,2025-10-18 22:11:17.892551663
TX003521,DEV0124,EMP0028,2026-03-28 08:56:00,2026-03-30 02:11:34.280160782
TX003522,DEV0135,EMP0010,2024-10-22 09:26:00,2024-10-27 17:59:25.267727331
TX003523,DEV0256,EMP0280,2024-10-25 14:07:00,2024-11-02 08:39:36.616286947
TX003524,DEV0011,EMP0004,2024-08-17 16:15:00,2024-08-27 12:03:20.416085646
TX003525,DEV0043,EMP0266,2025-11-04 18:57:00,2025-11-10 18:40:46.397887188
TX003526,DEV0213,EMP0147,2025-12-05 16:53:00,2025-12-13 19:20:14.562701795
TX003527,DEV0191,EMP0174,2025-12-07 08:16:00,2025-12-18 05:02:15.445540089
TX003528,DEV0093,EMP0302,2026-03-30 11:18:00,2026-04-15 08:04:50.861089771
TX003529,DEV0029,EMP0418,2025-12-01 09:21:00,2025-12-10 13:37:47.754966436
TX003530,DEV0211,EMP0210,2025-10-25 08:25:00,2025-11-06 21:30:18.640290980
TX003531,DEV0133,EMP0107,2025-06-09 17:26:00,2025-06-13 16:33:00.991034270
TX003532,DEV0207,EMP0035,2026-01-09 17:31:00,2026-01-11 09:36:56.684814172
TX003533,DEV0215,EMP0005,2024-08-17 08:33:00,2024-09-01 16:56:04.207222352
TX003534,DEV0043,EMP0079,2024-06-18 07:02:00,2024-06-23 14:08:09.903201488
TX003535,DEV0092,EMP0186,2025-10-19 18:47:00,2025-10-23 09:50:32.047243615
TX003536,DEV0101,EMP0030,2024-09-01 07:28:00,2024-09-03 02:35:05.281523106
TX003537,DEV0064,EMP0230,2024-04-12 13:09:00,2024-04-24 22:16:20.008332633
TX003538,DEV0251,EMP0075,2025-05-06 18:07:00,2025-05-20 10:21:17.155954299
TX003539,DEV0222,EMP0220,2025-04-09 18:18:00,2025-04-21 17:38:18.424277287
TX003540,DEV0131,EMP0418,2024-09-04 07:02:00,2024-09-05 14:52:42.283905801
TX003541,DEV0259,EMP0072,2024-04-18 09:09:00,2024-04-20 21:32:49.363750690
TX003542,DEV0173,EMP0256,2025-05-29 11:16:00,2025-06-13 20:23:59.849972856
TX003543,DEV0200,EMP0236,2026-03-17 15:42:00,2026-03-18 09:05:25.580647271
TX003544,DEV0002,EMP0285,2026-05-19 12:07:00,2026-05-22 06:10:39.986763304
TX003545,DEV0179,EMP0143,2024-05-13 07:11:00,2024-05-15 06:25:18.281336147
TX003546,DEV0163,EMP0406,2025-07-21 12:30:00,2025-07-28 04:52:29.793578996
TX003547,DEV0203,EMP0094,2026-06-17 15:44:00,2026-06-28 03:02:10.881198612
TX003548,DEV0234,EMP0024,2024-02-11 07:06:00,2024-03-05 06:30:52.043979150
TX003549,DEV0140,EMP0126,2025-06-08 07:52:00,2025-06-08 15:09:03.424659560
TX003550,DEV0167,EMP0028,2026-03-19 14:18:00,2026-03-24 00:54:19.102721419
TX003551,DEV0175,EMP0222,2024-11-09 15:25:00,2024-11-12 16:30:51.974160536
TX003552,DEV0194,EMP0326,2024-01-20 12:16:00,2024-02-02 09:48:45.399658195
TX003553,DEV0098,EMP0265,2025-01-15 14:20:00,2025-01-17 10:12:05.726561868
TX003554,DEV0092,EMP0237,2024-12-21 16:43:00,2024-12-27 15:08:07.881149536
TX003555,DEV0221,EMP0328,2025-05-16 18:42:00,2025-05-23 21:01:12.363451822
TX003556,DEV0012,EMP0399,2025-06-10 16:12:00,2025-10-17 08:15:57.040567602
TX003557,DEV0131,EMP0262,2026-07-16 07:14:00,2026-07-26 01:07:16.965687352
TX003558,DEV0201,EMP0279,2024-03-11 13:55:00,2024-03-17 06:12:24.841703965
TX003559,DEV0022,EMP0113,2024-12-10 17:31:00,2024-12-13 01:28:10.170332319
TX003560,DEV0253,EMP0011,2024-09-22 11:08:00,2024-09-27 01:58:13.130308255
TX003561,DEV0162,EMP0402,2025-08-10 18:41:00,2025-08-15 18:03:41.633400597
TX003562,DEV0055,EMP0084,2024-11-03 17:27:00,2024-11-09 17:59:42.518224749
TX003563,DEV0083,EMP0313,2026-08-15 17:17:00,2026-08-17 08:31:02.691041293
TX003564,DEV0121,EMP0113,2026-04-27 10:45:00,2026-04-30 14:38:02.145858655
TX003565,DEV0256,EMP0035,2026-06-20 09:08:00,2026-06-30 17:17:01.993015314
TX003566,DEV0074,EMP0094,2026-03-26 09:05:00,2026-04-05 20:32:58.253458076
TX003567,DEV0117,EMP0236,2025-05-30 16:12:00,2025-05-31 06:06:34.130433409
TX003568,DEV0232,EMP0258,2024-10-21 14:09:00,2024-10-23 14:17:09.198843714
TX003569,DEV0062,EMP0412,2024-11-06 07:26:00,2024-11-07 19:31:44.133541794
TX003570,DEV0001,EMP0335,2025-01-09 15:56:00,2025-01-17 15:51:25.162794447
TX003571,DEV0125,EMP0013,2026-04-02 07:52:00,2026-04-07 03:51:28.502411029
TX003572,DEV0031,EMP0277,2024-01-01 15:21:00,2024-01-09 02:43:19.530021876
TX003573,DEV0153,EMP0094,2025-06-24 13:13:00,2025-06-29 22:21:24.860012618
TX003574,DEV0226,EMP0129,2025-01-06 11:37:00,2025-01-07 13:26:37.971339568
TX003575,DEV0113,EMP0098,2026-01-07 14:52:00,2026-03-03 13:01:42.821730753
TX003576,DEV0190,EMP0178,2026-07-22 07:17:00,2026-07-23 22:18:24.458850818
TX003577,DEV0180,EMP0088,2024-05-14 15:40:00,2024-05-15 00:51:28.470597926
TX003578,DEV0231,EMP0268,2024-05-18 15:25:00,2024-05-20 12:20:09.218700326
TX003579,DEV0079,EMP0030,2024-02-29 12:19:00,2024-03-03 10:40:30.870421073
TX003580,DEV0024,EMP0219,2026-04-27 11:01:00,2026-05-07 07:00:24.332051248
TX003581,DEV0044,EMP0196,2026-08-17 15:50:00,2026-08-28 14:46:56.168536153
TX003582,DEV0216,EMP0097,2025-04-03 12:05:00,2025-05-06 19:11:11.478364083
TX003583,DEV0086,EMP0198,2025-03-27 08:00:00,2025-03-29 05:16:36.929368539
TX003584,DEV0062,EMP0037,2025-01-27 13:37:00,2025-02-01 08:28:48.658401678
TX003585,DEV0212,EMP0335,2024-07-20 18:31:00,2024-07-23 09:57:45.472290303
TX003586,DEV0244,EMP0128,2025-09-27 11:33:00,2025-10-04 01:53:54.620923550
TX003587,DEV0107,EMP0090,2024-10-04 15:40:00,2024-10-08 02:35:14.710715786
TX003588,DEV0231,EMP0374,2026-04-03 12:51:00,2026-04-04 18:19:24.981968396
TX003589,DEV0154,EMP0017,2025-12-22 10:12:00,2026-01-02 18:44:27.326183494
TX003590,DEV0107,EMP0191,2026-05-14 10:00:00,2026-05-22 11:59:14.484558283
TX003591,DEV0104,EMP0176,2025-11-29 14:59:00,2025-12-13 23:26:00.524205186
TX003592,DEV0071,EMP0197,2025-11-16 18:35:00,2025-12-05 16:45:34.459662623
TX003593,DEV0251,EMP0410,2024-01-22 08:29:00,2024-01-30 12:25:06.400382186
TX003594,DEV0044,EMP0063,2024-09-13 15:00:00,2024-10-02 20:12:14.055469222
TX003595,DEV0169,EMP0160,2024-03-05 07:42:00,2024-03-06 15:21:27.712873190
TX003596,DEV0253,EMP0303,2025-12-29 15:41:00,2026-01-09 11:41:05.071945754
TX003597,DEV0172,EMP0001,2025-11-16 13:36:00,2025-11-21 15:51:23.093513457
TX003598,DEV0182,EMP0025,2026-08-03 07:31:00,2026-08-12 19:32:40.057969839
TX003599,DEV0050,EMP0089,2024-07-21 14:55:00,2024-07-23 00:56:51.005474345
TX003600,DEV0056,EMP0247,2026-07-25 07:19:00,2026-08-01 02:55:52.352762310
TX003601,DEV0191,EMP0229,2025-06-22 17:08:00,2025-06-28 11:37:20.761202195
TX003602,DEV0192,EMP0107,2025-09-28 13:21:00,2025-10-02 11:44:36.250069519
TX003603,DEV0076,EMP0049,2024-04-27 12:46:00,2024-04-28 15:08:51.484330896
TX003604,DEV0182,EMP0140,2026-01-16 11:21:00,2026-01-18 15:25:21.621519380
TX003605,DEV0016,EMP0171,2024-06-15 18:53:00,2024-06-19 02:27:45.789156164
TX003606,DEV0250,EMP0069,2024-10-20 09:31:00,2024-10-22 08:06:30.461625898
TX003607,DEV0015,EMP0419,2024-09-13 17:04:00,2024-09-17 15:42:45.872704125
TX003608,DEV0121,EMP0399,2025-01-29 16:41:00,2025-02-03 02:59:43.140935822
TX003609,DEV0027,EMP0399,2026-04-14 14:50:00,2026-04-15 03:20:43.858553704
TX003610,DEV0173,EMP0268,2024-11-19 08:04:00,2024-11-28 08:31:17.669825981
TX003611,DEV0049,EMP0182,2026-06-09 13:27:00,2026-06-14 17:01:15.223715199
TX003612,DEV0014,EMP0307,2024-09-15 07:48:00,2024-09-28 17:15:16.650733910
TX003613,DEV0070,EMP0332,2024-08-22 14:49:00,2024-08-23 16:43:33.547960718
TX003614,DEV0239,EMP0340,2024-06-25 10:11:00,2024-06-25 15:18:28.518139806
TX003615,DEV0002,EMP0066,2024-05-22 15:38:00,2024-05-25 08:47:28.591805225
TX003616,DEV0007,EMP0147,2024-07-22 11:59:00,2024-07-29 04:35:18.751611733
TX003617,DEV0251,EMP0113,2024-05-20 08:04:00,2024-05-23 11:24:02.301299771
TX003618,DEV0001,EMP0086,2024-12-05 15:39:00,2024-12-20 13:28:34.581091396
TX003619,DEV0075,EMP0112,2025-11-22 07:01:00,2025-12-13 01:20:45.778003552
TX003620,DEV0085,EMP0281,2026-02-17 15:22:00,2026-03-08 04:47:39.676600845
TX003621,DEV0206,EMP0091,2024-01-14 11:21:00,2024-01-18 03:40:05.175154008
TX003622,DEV0066,EMP0396,2025-06-11 16:47:00,2025-06-12 18:50:31.955826147
TX003623,DEV0011,EMP0188,2026-06-08 09:35:00,2026-06-15 13:31:40.879415928
TX003624,DEV0012,EMP0036,2024-06-13 09:25:00,2024-07-05 23:49:54.031213992
TX003625,DEV0121,EMP0092,2025-02-14 10:47:00,2025-02-18 04:25:39.051562902
TX003626,DEV0124,EMP0286,2025-05-18 16:53:00,2025-06-04 04:35:06.015408739
TX003627,DEV0010,EMP0244,2025-03-02 15:17:00,2025-03-04 00:27:35.333980815
TX003628,DEV0112,EMP0131,2024-01-12 11:24:00,2024-01-28 15:59:46.744439081
TX003629,DEV0256,EMP0209,2024-01-28 14:23:00,2024-01-29 23:11:17.226125848
TX003630,DEV0184,EMP0316,2025-12-06 15:04:00,2025-12-15 01:43:47.680600060
TX003631,DEV0197,EMP0085,2026-08-25 16:12:00,2026-08-28 01:40:05.074633023
TX003632,DEV0212,EMP0314,2025-08-27 09:59:00,2025-08-27 22:51:59.441764493
TX003633,DEV0112,EMP0263,2026-02-23 18:27:00,2026-02-25 03:14:03.987934454
TX003634,DEV0040,EMP0002,2025-05-21 08:11:00,2025-05-21 12:07:40.831392914
TX003635,DEV0132,EMP0060,2026-08-08 10:54:00,2026-08-11 20:04:23.899665389
TX003636,DEV0051,EMP0055,2024-08-04 08:53:00,2024-08-08 17:20:47.148145563
TX003637,DEV0216,EMP0419,2025-01-02 14:52:00,2025-01-08 13:01:20.000574940
TX003638,DEV0095,EMP0185,2024-08-09 15:59:00,2024-08-21 18:54:01.095902072
TX003639,DEV0128,EMP0373,2024-04-17 14:48:00,2024-04-20 03:26:23.205266864
TX003640,DEV0151,EMP0198,2026-01-29 07:54:00,2026-01-30 07:04:53.345467999
TX003641,DEV0136,EMP0110,2025-09-13 18:40:00,2025-09-19 12:40:27.564159445
TX003642,DEV0081,EMP0361,2025-12-28 14:21:00,2026-02-10 18:06:01.495752194
TX003643,DEV0144,EMP0192,2024-04-13 09:12:00,2024-05-06 01:42:25.489296884
TX003644,DEV0008,EMP0142,2024-04-22 12:23:00,2024-04-27 23:01:14.898254261
TX003645,DEV0105,EMP0163,2025-07-07 13:37:00,2025-07-16 01:34:15.876802330
TX003646,DEV0166,EMP0059,2026-03-06 13:35:00,2026-03-16 05:32:56.165634960
TX003647,DEV0164,EMP0176,2024-08-18 12:56:00,2024-08-20 05:25:17.425902745
TX003648,DEV0222,EMP0257,2024-04-20 12:53:00,2024-04-27 00:55:01.261396008
TX003649,DEV0065,EMP0137,2025-08-18 14:27:00,2025-08-22 13:38:59.451931709
TX003650,DEV0211,EMP0093,2024-08-07 08:36:00,2024-08-13 22:48:58.634105543
TX003651,DEV0214,EMP0407,2025-06-25 14:55:00,2025-07-04 09:54:30.191207155
TX003652,DEV0081,EMP0238,2025-03-07 09:46:00,2025-03-15 04:23:28.407186530
TX003653,DEV0077,EMP0385,2024-10-22 14:08:00,2024-10-31 08:40:17.297191872
TX003654,DEV0252,EMP0079,2024-11-19 18:58:00,2024-11-22 21:42:46.209701235
TX003655,DEV0211,EMP0407,2024-08-11 17:15:00,2024-08-17 19:21:16.744473201
TX003656,DEV0132,EMP0218,2024-12-06 08:21:00,2024-12-15 06:16:01.023692580
TX003657,DEV0111,EMP0061,2025-03-05 07:30:00,2025-03-16 12:45:03.562336709
TX003658,DEV0132,EMP0170,2024-07-23 09:01:00,2024-08-01 23:37:13.181019495
TX003659,DEV0093,EMP0166,2024-12-14 11:41:00,2024-12-23 18:39:35.519333174
TX003660,DEV0252,EMP0082,2024-03-07 09:19:00,2024-03-14 02:08:09.924744220
TX003661,DEV0119,EMP0258,2024-04-26 07:58:00,2024-05-25 11:49:37.888065858
TX003662,DEV0238,EMP0129,2024-01-17 08:43:00,2024-01-19 13:25:44.174421431
TX003663,DEV0193,EMP0018,2025-06-28 16:12:00,2025-07-04 15:11:09.546379320
TX003664,DEV0110,EMP0407,2024-07-27 16:45:00,2024-07-28 08:52:34.672410682
TX003665,DEV0057,EMP0348,2025-04-15 18:31:00,2025-04-22 14:31:28.266307124
TX003666,DEV0162,EMP0094,2024-11-20 07:46:00,2024-11-22 22:51:49.101957703
TX003667,DEV0226,EMP0313,2025-10-25 14:31:00,2025-10-31 14:54:03.499318408
TX003668,DEV0103,EMP0301,2026-01-03 08:54:00,2026-01-07 18:33:57.677643208
TX003669,DEV0104,EMP0091,2026-01-11 10:32:00,2026-02-07 02:35:59.864652277
TX003670,DEV0013,EMP0005,2024-11-29 17:00:00,2024-12-02 10:41:37.214964035
TX003671,DEV0203,EMP0283,2024-03-28 18:41:00,2024-04-04 04:48:56.546923886
TX003672,DEV0022,EMP0232,2024-08-10 18:55:00,2024-08-31 08:54:13.729251390
TX003673,DEV0041,EMP0277,2024-08-03 09:12:00,2024-08-10 06:59:21.300230109
TX003674,DEV0011,EMP0105,2026-03-16 17:25:00,2026-03-20 23:59:06.355896870
TX003675,DEV0227,EMP0415,2026-01-02 13:58:00,2026-01-09 06:32:58.332848359
TX003676,DEV0181,EMP0257,2024-11-03 09:32:00,2024-11-28 09:57:03.842737078
TX003677,DEV0013,EMP0292,2026-07-31 10:50:00,2026-08-03 14:15:51.740364935
TX003678,DEV0056,EMP0383,2025-08-12 09:46:00,2025-08-15 14:42:02.302992346
TX003679,DEV0082,EMP0008,2025-08-04 16:09:00,2025-08-13 16:57:21.052501518
TX003680,DEV0136,EMP0190,2025-01-16 09:22:00,2025-01-22 00:35:56.941287925
TX003681,DEV0038,EMP0399,2024-06-18 08:39:00,2024-06-18 14:11:48.821602885
TX003682,DEV0151,EMP0343,2024-10-02 17:52:00,2024-10-11 06:34:57.880913740
TX003683,DEV0168,EMP0370,2026-06-23 18:07:00,2026-06-25 17:26:27.278018323
TX003684,DEV0233,EMP0189,2025-02-04 14:40:00,2025-03-04 20:51:45.872509312
TX003685,DEV0238,EMP0083,2025-07-01 16:28:00,2025-07-02 10:01:19.319112126
TX003686,DEV0122,EMP0043,2026-02-04 13:13:00,2026-02-08 11:18:22.607253820
TX003687,DEV0073,EMP0066,2024-11-16 12:33:00,2024-11-25 03:01:18.189417085
TX003688,DEV0001,EMP0404,2025-09-13 13:03:00,2025-09-17 09:59:13.162002844
TX003689,DEV0173,EMP0025,2025-06-30 08:18:00,2025-07-04 03:45:18.628840033
TX003690,DEV0005,EMP0018,2025-02-06 13:30:00,2025-02-14 06:03:28.928216652
TX003691,DEV0152,EMP0054,2026-06-18 09:40:00,2026-06-24 20:42:21.400449243
TX003692,DEV0071,EMP0154,2024-04-15 15:26:00,2024-04-20 15:59:39.311902025
TX003693,DEV0146,EMP0015,2024-08-14 13:32:00,2024-08-27 07:36:39.830250421
TX003694,DEV0136,EMP0248,2025-06-17 13:18:00,2025-06-18 00:39:13.158900876
TX003695,DEV0192,EMP0173,2026-03-31 11:38:00,2026-04-05 12:13:00.845716539
TX003696,DEV0104,EMP0310,2025-07-29 13:25:00,2025-08-01 13:24:47.736368324
TX003697,DEV0037,EMP0257,2025-02-16 09:30:00,2025-02-25 05:30:56.499115890
TX003698,DEV0255,EMP0274,2024-08-27 11:12:00,2024-09-08 14:07:54.885051520
TX003699,DEV0051,EMP0182,2025-02-05 11:19:00,2025-02-10 12:06:11.529508892
TX003700,DEV0142,EMP0219,2024-03-27 12:13:00,2024-03-30 13:10:52.239408559
TX003701,DEV0165,EMP0201,2026-03-08 11:11:00,2026-03-13 03:01:48.868543534
TX003702,DEV0090,EMP0239,2024-01-27 09:05:00,2024-01-29 04:03:31.090316089
TX003703,DEV0232,EMP0174,2025-07-16 15:44:00,2025-08-14 10:59:34.295590373
TX003704,DEV0239,EMP0307,2026-02-15 14:03:00,2026-02-16 12:12:01.598740848
TX003705,DEV0142,EMP0090,2025-11-09 10:09:00,2025-11-13 22:43:04.404804590
TX003706,DEV0221,EMP0212,2025-03-20 12:35:00,2025-03-24 16:02:06.445554114
TX003707,DEV0049,EMP0250,2025-10-07 11:47:00,2025-10-11 15:49:09.714929990
TX003708,DEV0132,EMP0211,2026-06-18 18:02:00,2026-06-28 03:33:19.115455086
TX003709,DEV0112,EMP0141,2025-08-27 15:53:00,2025-08-31 09:36:02.454823440
TX003710,DEV0105,EMP0036,2025-08-12 16:33:00,2025-09-04 04:03:03.447483789
TX003711,DEV0145,EMP0400,2026-05-30 14:07:00,2026-06-11 20:24:58.213300884
TX003712,DEV0002,EMP0191,2025-03-16 17:06:00,2025-03-21 18:50:11.847830345
TX003713,DEV0163,EMP0007,2024-04-09 11:14:00,2024-04-15 22:15:52.085958284
TX003714,DEV0051,EMP0370,2024-05-06 08:43:00,2024-05-13 04:09:11.369126718
TX003715,DEV0021,EMP0411,2025-06-25 15:28:00,2025-07-08 04:13:37.939678545
TX003716,DEV0171,EMP0157,2024-02-04 11:06:00,2024-02-12 11:39:22.213046255
TX003717,DEV0255,EMP0126,2025-03-19 10:32:00,2025-03-29 17:29:36.456189181
TX003718,DEV0187,EMP0310,2026-08-05 16:01:00,2026-08-08 23:42:45.130297191
TX003719,DEV0015,EMP0158,2024-10-20 10:05:00,2024-10-22 11:39:03.019052619
TX003720,DEV0101,EMP0401,2026-01-18 13:37:00,2026-01-23 10:12:32.511833849
TX003721,DEV0074,EMP0057,2025-08-11 16:48:00,2025-08-23 16:15:03.934927869
TX003722,DEV0182,EMP0126,2024-10-09 17:38:00,2024-10-26 06:51:17.532948035
TX003723,DEV0211,EMP0267,2025-04-28 18:08:00,2025-05-04 18:52:54.187291507
TX003724,DEV0234,EMP0266,2025-04-23 10:05:00,2025-05-20 07:42:33.322626967
TX003725,DEV0060,EMP0113,2024-06-09 09:32:00,2024-06-09 22:55:04.458160724
TX003726,DEV0237,EMP0387,2026-02-25 15:57:00,2026-03-03 23:18:25.246170231
TX003727,DEV0044,EMP0418,2025-12-09 07:50:00,2025-12-13 07:35:41.364632066
TX003728,DEV0183,EMP0072,2025-10-10 09:02:00,2025-10-12 22:41:48.953217780
TX003729,DEV0141,EMP0345,2024-02-16 16:54:00,2024-02-26 13:11:43.227677942
TX003730,DEV0221,EMP0399,2025-04-10 13:33:00,2025-04-19 00:21:44.783029799
TX003731,DEV0193,EMP0309,2026-02-24 13:18:00,2026-02-28 14:41:18.447894820
TX003732,DEV0081,EMP0043,2024-12-15 07:19:00,2024-12-17 17:20:34.158375295
TX003733,DEV0022,EMP0394,2025-08-21 14:05:00,2025-08-22 19:25:14.389184369
TX003734,DEV0193,EMP0004,2024-08-19 12:11:00,2024-08-25 13:49:09.932561796
TX003735,DEV0133,EMP0235,2026-03-16 07:58:00,2026-03-23 04:49:47.926647967
TX003736,DEV0038,EMP0080,2026-03-25 08:28:00,2026-03-31 14:59:04.870941548
TX003737,DEV0196,EMP0304,2026-03-14 12:19:00,2026-03-22 16:49:13.319007564
TX003738,DEV0222,EMP0069,2024-04-30 18:20:00,2024-05-14 01:55:42.313690209
TX003739,DEV0124,EMP0205,2024-09-01 15:31:00,2024-09-09 06:14:01.783216524
TX003740,DEV0102,EMP0120,2025-04-30 17:56:00,2025-05-03 06:02:45.033992705
TX003741,DEV0121,EMP0051,2024-10-29 08:44:00,2024-11-03 10:10:57.040288442
TX003742,DEV0121,EMP0220,2025-07-06 08:40:00,2025-07-12 01:15:49.799183739
TX003743,DEV0234,EMP0240,2024-02-13 15:04:00,2024-02-17 22:48:02.587898294
TX003744,DEV0214,EMP0032,2024-04-27 14:06:00,2024-05-02 07:50:10.539400487
TX003745,DEV0061,EMP0184,2025-08-08 16:50:00,2025-08-19 22:58:21.172541365
TX003746,DEV0172,EMP0141,2024-07-14 11:45:00,2024-07-21 09:19:19.143485757
TX003747,DEV0114,EMP0403,2024-08-14 13:05:00,2024-09-12 16:33:03.793800796
TX003748,DEV0204,EMP0283,2025-09-21 13:07:00,2025-09-25 15:17:39.655064953
TX003749,DEV0258,EMP0076,2024-10-03 15:03:00,2024-10-05 22:13:12.182430045
TX003750,DEV0021,EMP0224,2025-07-05 14:54:00,2025-07-07 23:25:14.256779431
TX003751,DEV0190,EMP0406,2025-04-26 09:24:00,2025-04-28 09:23:14.580183914
TX003752,DEV0122,EMP0370,2024-04-25 13:16:00,2024-05-05 15:01:46.658023416
TX003753,DEV0042,EMP0360,2024-06-14 07:45:00,2024-06-23 07:28:16.132403125
TX003754,DEV0123,EMP0187,2025-08-13 17:38:00,2025-08-18 12:24:58.734898429
TX003755,DEV0060,EMP0031,2024-08-15 15:36:00,2024-08-20 17:23:46.178335739
TX003756,DEV0115,EMP0022,2025-08-19 13:01:00,2025-08-21 23:35:32.363326941
TX003757,DEV0217,EMP0381,2025-01-24 12:04:00,2025-01-28 14:05:00.340568953
TX003758,DEV0085,EMP0307,2024-11-02 11:53:00,2024-11-12 09:19:06.732489381
TX003759,DEV0246,EMP0069,2024-07-03 13:43:00,2024-07-05 20:06:32.126849217
TX003760,DEV0205,EMP0161,2024-04-10 12:28:00,2024-04-12 21:08:48.870236880
TX003761,DEV0206,EMP0113,2024-10-31 18:11:00,2024-11-01 15:59:04.154522906
TX003762,DEV0011,EMP0099,2025-12-24 14:02:00,2025-12-28 16:37:24.407125807
TX003763,DEV0034,EMP0416,2025-12-29 11:50:00,2026-01-24 05:22:58.467685811
TX003764,DEV0042,EMP0212,2024-03-06 09:43:00,2024-03-11 08:07:11.524441305
TX003765,DEV0208,EMP0289,2025-02-27 18:44:00,2025-03-03 01:13:50.777202817
TX003766,DEV0062,EMP0343,2026-05-11 14:42:00,2026-05-12 14:35:22.905132483
TX003767,DEV0018,EMP0188,2025-09-22 17:09:00,2025-09-23 14:14:00.331653766
TX003768,DEV0187,EMP0177,2024-09-10 11:20:00,2024-09-11 10:22:21.352224492
TX003769,DEV0011,EMP0323,2024-09-20 12:26:00,2024-09-28 14:10:40.990604972
TX003770,DEV0242,EMP0018,2025-01-27 14:51:00,2025-02-06 07:28:59.437005148
TX003771,DEV0122,EMP0371,2025-06-17 11:16:00,2025-07-05 10:59:31.775187240
TX003772,DEV0123,EMP0175,2025-01-10 18:14:00,2025-01-14 10:15:32.869449527
TX003773,DEV0097,EMP0179,2026-04-03 11:49:00,2026-04-04 18:05:08.749972507
TX003774,DEV0141,EMP0084,2025-11-30 15:00:00,2025-12-06 16:42:12.628931704
TX003775,DEV0027,EMP0264,2026-03-07 09:32:00,2026-03-15 07:59:24.292656828
TX003776,DEV0153,EMP0295,2025-05-03 18:02:00,2025-05-04 12:50:56.721069889
TX003777,DEV0022,EMP0251,2024-04-16 12:52:00,2024-04-27 15:20:40.283344444
TX003778,DEV0014,EMP0355,2026-07-12 18:01:00,2026-07-13 12:02:28.805381503
TX003779,DEV0097,EMP0097,2026-08-05 07:31:00,2026-08-07 05:52:35.968434515
TX003780,DEV0013,EMP0372,2024-02-14 10:49:00,2024-02-22 12:37:38.072013545
TX003781,DEV0158,EMP0066,2024-10-04 11:35:00,2024-10-05 11:00:08.428898116
TX003782,DEV0162,EMP0187,2026-01-09 07:20:00,2026-01-18 04:30:16.147819023
TX003783,DEV0203,EMP0372,2026-02-04 12:58:00,2026-02-08 13:05:13.210192887
TX003784,DEV0060,EMP0139,2025-08-15 08:11:00,2025-08-15 19:10:29.238003225
TX003785,DEV0183,EMP0338,2024-12-19 09:00:00,2024-12-28 21:25:48.233461675
TX003786,DEV0064,EMP0128,2024-04-30 17:54:00,2024-07-05 22:25:03.347420147
TX003787,DEV0094,EMP0138,2024-11-21 18:59:00,2024-12-22 14:14:46.004289726
TX003788,DEV0033,EMP0408,2026-06-20 12:25:00,2026-07-06 13:57:06.319170565
TX003789,DEV0242,EMP0369,2024-10-24 14:08:00,2024-11-06 04:05:19.665286304
TX003790,DEV0173,EMP0305,2024-01-08 11:49:00,2024-01-20 12:45:03.194106083
TX003791,DEV0067,EMP0073,2025-06-03 13:34:00,2025-06-07 22:41:30.931439694
TX003792,DEV0016,EMP0219,2026-06-16 11:11:00,2026-06-25 14:33:26.885629469
TX003793,DEV0093,EMP0099,2026-06-13 18:50:00,2026-07-09 10:59:30.537518805
TX003794,DEV0061,EMP0226,2025-09-22 14:15:00,2025-10-05 02:11:02.242996331
TX003795,DEV0171,EMP0350,2024-11-12 07:09:00,2024-11-27 05:22:47.489303033
TX003796,DEV0175,EMP0335,2025-12-21 13:27:00,2025-12-25 02:40:41.076927767
TX003797,DEV0120,EMP0133,2026-06-03 12:13:00,2026-06-04 20:53:07.914124205
TX003798,DEV0215,EMP0122,2026-05-06 17:10:00,2026-05-13 05:50:10.517891425
TX003799,DEV0011,EMP0162,2024-06-22 07:44:00,2024-06-26 09:29:04.062345060
TX003800,DEV0161,EMP0248,2024-01-27 18:56:00,2024-02-06 06:46:26.848564194
TX003801,DEV0021,EMP0332,2024-03-02 13:48:00,2024-03-07 00:27:01.318633890
TX003802,DEV0141,EMP0218,2024-09-12 13:03:00,2024-09-26 04:14:23.142655607
TX003803,DEV0155,EMP0078,2024-11-01 17:33:00,2024-11-10 18:34:00.466321715
TX003804,DEV0022,EMP0080,2024-01-07 12:03:00,2024-01-21 14:19:00.176137337
TX003805,DEV0196,EMP0080,2024-01-09 12:34:00,2024-01-14 06:49:21.068569212
TX003806,DEV0118,EMP0162,2024-01-27 14:51:00,2024-01-31 22:12:08.657873511
TX003807,DEV0202,EMP0014,2025-12-16 15:29:00,2025-12-19 20:30:07.097367048
TX003808,DEV0001,EMP0132,2024-12-15 18:04:00,2024-12-18 11:12:53.914049738
TX003809,DEV0026,EMP0112,2024-09-23 14:49:00,2024-09-26 06:22:28.915158788
TX003810,DEV0155,EMP0103,2024-06-05 10:21:00,2024-06-08 10:56:29.274933087
TX003811,DEV0101,EMP0363,2025-10-19 12:30:00,2025-11-01 02:30:06.968599197
TX003812,DEV0233,EMP0135,2026-03-13 13:16:00,2026-03-14 18:49:19.233250358
TX003813,DEV0099,EMP0334,2025-01-20 16:54:00,2025-01-29 11:02:45.740765274
TX003814,DEV0205,EMP0112,2024-11-25 16:31:00,2024-12-05 21:40:29.837640623
TX003815,DEV0132,EMP0329,2025-09-18 12:47:00,2025-09-24 08:30:17.479423144
TX003816,DEV0191,EMP0413,2025-01-18 17:01:00,2025-01-22 00:14:09.977106744
TX003817,DEV0143,EMP0416,2024-06-05 10:38:00,2024-06-08 02:31:00.339443724
TX003818,DEV0114,EMP0146,2025-06-17 09:30:00,2025-06-24 03:16:05.561810098
TX003819,DEV0164,EMP0124,2024-08-02 10:09:00,2024-08-05 05:51:26.897148061
TX003820,DEV0162,EMP0128,2025-11-17 08:07:00,2025-11-19 16:42:05.350895290
TX003821,DEV0123,EMP0282,2026-02-10 14:19:00,2026-02-21 16:50:20.550564698
TX003822,DEV0201,EMP0374,2024-10-03 09:08:00,2024-10-13 20:44:30.569135019
TX003823,DEV0123,EMP0034,2024-03-14 13:41:00,2024-04-08 02:57:03.831905321
TX003824,DEV0001,EMP0116,2024-05-07 14:16:00,2024-05-13 07:21:52.076158980
TX003825,DEV0253,EMP0300,2024-04-15 12:21:00,2024-04-22 03:23:44.842883640
TX003826,DEV0252,EMP0347,2025-05-03 13:00:00,2025-05-10 15:10:44.468878223
TX003827,DEV0211,EMP0172,2024-02-12 14:08:00,2024-02-24 02:24:32.303136371
TX003828,DEV0136,EMP0147,2025-01-30 14:11:00,2025-02-01 04:33:59.562828880
TX003829,DEV0083,EMP0166,2024-05-14 13:32:00,2024-05-31 02:58:02.557532200
TX003830,DEV0031,EMP0148,2026-04-29 12:30:00,2026-05-12 12:37:18.303729066
TX003831,DEV0202,EMP0034,2025-09-25 14:47:00,2025-10-04 04:23:34.064764376
TX003832,DEV0069,EMP0328,2025-05-14 12:00:00,2025-05-16 07:20:33.582213255
TX003833,DEV0195,EMP0311,2025-08-22 09:25:00,2025-08-30 07:29:44.123031295
TX003834,DEV0128,EMP0018,2024-04-20 13:13:00,2024-04-23 19:36:20.939609880
TX003835,DEV0257,EMP0420,2025-02-20 16:27:00,2025-02-25 19:51:17.783554673
TX003836,DEV0174,EMP0070,2024-08-18 17:16:00,2024-09-19 01:45:50.136455909
TX003837,DEV0053,EMP0096,2024-05-25 14:48:00,2024-05-31 03:36:33.591273917
TX003838,DEV0034,EMP0011,2024-04-05 11:29:00,2024-04-18 17:32:18.510975011
TX003839,DEV0242,EMP0408,2024-10-28 13:34:00,2024-11-21 07:38:55.655521604
TX003840,DEV0193,EMP0381,2026-02-08 17:48:00,2026-02-16 02:34:02.578194833
TX003841,DEV0151,EMP0174,2025-08-14 16:24:00,2025-08-17 12:55:50.387365615
TX003842,DEV0074,EMP0397,2024-09-21 12:07:00,2024-09-23 09:21:35.706883286
TX003843,DEV0033,EMP0030,2024-08-28 15:03:00,2024-09-02 11:24:12.761594498
TX003844,DEV0197,EMP0132,2026-04-22 14:05:00,2026-04-27 17:04:48.585595939
TX003845,DEV0161,EMP0384,2024-12-06 13:15:00,
TX003846,DEV0254,EMP0120,2024-02-06 12:35:00,2024-02-12 01:50:30.705686891
TX003847,DEV0110,EMP0031,2025-04-26 11:14:00,2025-04-28 14:29:02.334698095
TX003848,DEV0211,EMP0089,2024-06-25 17:38:00,2024-07-09 22:47:36.058715062
TX003849,DEV0004,EMP0137,2024-06-16 10:48:00,2024-07-01 04:21:10.543438334
TX003850,DEV0210,EMP0363,2024-07-08 15:08:00,2024-07-10 15:06:59.872524251
TX003851,DEV0162,EMP0042,2025-12-09 15:08:00,2025-12-16 17:42:13.416197405
TX003852,DEV0132,EMP0013,2024-04-28 10:58:00,2024-05-03 01:12:06.299750829
TX003853,DEV0002,EMP0053,2025-08-10 08:36:00,2025-08-13 08:08:34.888214977
TX003854,DEV0112,EMP0267,2024-10-22 08:13:00,2024-11-09 17:42:40.991065541
TX003855,DEV0005,EMP0159,2026-06-03 09:29:00,2026-06-07 15:08:49.702713230
TX003856,DEV0202,EMP0272,2025-12-14 09:05:00,2025-12-18 07:41:00.319778886
TX003857,DEV0162,EMP0163,2024-07-12 17:20:00,2024-07-18 09:03:02.265518885
TX003858,DEV0235,EMP0042,2024-03-02 15:57:00,2024-03-05 17:32:33.409067851
TX003859,DEV0113,EMP0103,2024-11-01 07:09:00,2024-11-09 00:32:50.854286489
TX003860,DEV0086,EMP0080,2024-02-22 09:06:00,2024-02-29 02:59:16.950401906
TX003861,DEV0202,EMP0177,2026-08-06 13:42:00,2026-08-07 09:07:44.552738979
TX003862,DEV0076,EMP0010,2026-02-01 12:24:00,2026-02-06 08:32:55.599102325
TX003863,DEV0223,EMP0288,2026-06-16 11:44:00,2026-06-20 14:21:29.900794442
TX003864,DEV0021,EMP0054,2025-02-24 14:34:00,2025-03-04 23:53:18.156251052
TX003865,DEV0207,EMP0322,2025-08-07 09:57:00,2025-08-13 08:14:11.660567672
TX003866,DEV0133,EMP0345,2024-05-31 09:02:00,2024-06-17 08:44:16.630064946
TX003867,DEV0147,EMP0002,2025-11-25 17:02:00,2025-11-30 09:45:36.303062637
TX003868,DEV0182,EMP0118,2025-12-27 09:57:00,2025-12-29 22:08:30.276537248
TX003869,DEV0003,EMP0081,2025-09-07 16:25:00,2025-09-12 18:21:11.618227383
TX003870,DEV0015,EMP0342,2026-02-05 14:54:00,2026-03-01 04:53:04.890669294
TX003871,DEV0170,EMP0302,2024-09-26 08:37:00,2024-09-27 15:05:52.955130387
TX003872,DEV0134,EMP0026,2026-07-16 10:26:00,2026-07-17 21:18:32.449557217
TX003873,DEV0235,EMP0262,2026-06-05 10:21:00,2026-06-12 09:28:57.883415049
TX003874,DEV0053,EMP0330,2025-04-16 09:03:00,2025-04-20 22:27:37.028537533
TX003875,DEV0213,EMP0255,2024-07-20 16:05:00,2024-07-25 04:06:17.426814277
TX003876,DEV0256,EMP0328,2024-11-04 08:28:00,2024-11-08 15:50:33.819980563
TX003877,DEV0116,EMP0141,2024-06-19 18:25:00,2024-06-26 22:18:21.181737352
TX003878,DEV0198,EMP0385,2025-01-07 09:58:00,2025-01-09 01:04:39.154417231
TX003879,DEV0055,EMP0048,2024-03-22 08:29:00,2024-03-26 07:16:23.023756469
TX003880,DEV0053,EMP0099,2026-08-03 09:30:00,2026-08-07 15:44:27.576491271
TX003881,DEV0127,EMP0090,2025-08-31 17:50:00,2025-09-07 03:26:11.893404428
TX003882,DEV0174,EMP0393,2024-05-11 17:28:00,2024-05-16 18:45:58.402573751
TX003883,DEV0161,EMP0348,2025-01-17 07:33:00,2025-01-24 10:13:16.494716007
TX003884,DEV0191,EMP0062,2025-08-20 11:23:00,2025-09-01 07:14:21.260853485
TX003885,DEV0245,EMP0246,2025-02-28 11:54:00,2025-03-10 15:35:10.576692000
TX003886,DEV0190,EMP0417,2025-05-13 17:33:00,2025-05-15 19:40:55.786128539
TX003887,DEV0192,EMP0142,2025-05-06 13:21:00,2025-05-12 04:56:50.194126417
TX003888,DEV0094,EMP0097,2024-02-02 17:19:00,2024-02-09 14:27:39.074600472
TX003889,DEV0182,EMP0218,2025-12-27 08:57:00,2026-01-25 07:58:55.107012965
TX003890,DEV0159,EMP0327,2024-01-16 08:12:00,2024-01-17 04:29:19.276146803
TX003891,DEV0165,EMP0318,2026-03-28 18:23:00,2026-04-07 02:37:13.098716933
TX003892,DEV0011,EMP0169,2025-03-16 11:13:00,2025-03-23 05:16:22.895725427
TX003893,DEV0037,EMP0351,2025-07-03 08:59:00,2025-07-06 23:07:10.000358372
TX003894,DEV0242,EMP0081,2024-01-01 09:17:00,2024-01-04 02:59:51.154912717
TX003895,DEV0204,EMP0093,2026-05-24 14:29:00,2026-06-05 01:32:05.847272920
TX003896,DEV0042,EMP0046,2024-10-30 17:08:00,2024-10-31 04:08:20.505785429
TX003897,DEV0012,EMP0001,2024-05-21 15:02:00,2024-05-26 18:10:19.749734961
TX003898,DEV0003,EMP0061,2024-10-23 10:33:00,2024-10-23 23:52:02.000882126
TX003899,DEV0071,EMP0099,2024-01-01 18:02:00,2024-01-11 09:03:36.537593130
TX003900,DEV0206,EMP0294,2026-08-17 14:50:00,2026-08-20 15:27:04.843205410
TX003901,DEV0030,EMP0149,2025-06-17 07:54:00,2025-06-18 08:59:25.846243183
TX003902,DEV0121,EMP0328,2025-10-28 18:19:00,2025-11-15 23:04:54.096144938
TX003903,DEV0256,EMP0266,2024-09-14 09:09:00,2024-09-25 01:35:25.279081114
TX003904,DEV0143,EMP0145,2024-02-14 13:04:00,2024-02-19 13:30:40.218421468
TX003905,DEV0053,EMP0001,2024-08-22 13:03:00,2024-08-26 16:11:43.682322334
TX003906,DEV0100,EMP0320,2025-06-07 09:19:00,2025-06-09 17:39:29.486507781
TX003907,DEV0204,EMP0378,2024-09-14 15:11:00,2024-09-16 19:22:13.766077157
TX003908,DEV0201,EMP0383,2024-05-09 10:36:00,2024-05-15 12:48:24.529604367
TX003909,DEV0013,EMP0318,2025-01-02 11:33:00,2025-01-12 15:36:31.274639268
TX003910,DEV0020,EMP0301,2025-01-01 15:14:00,2025-01-03 15:28:41.238851898
TX003911,DEV0133,EMP0039,2024-01-10 12:17:00,2024-01-16 03:36:06.333378593
TX003912,DEV0064,EMP0079,2024-05-27 09:51:00,2024-06-07 00:36:42.134962870
TX003913,DEV0171,EMP0110,2026-07-09 16:52:00,2026-07-11 11:23:50.970592830
TX003914,DEV0031,EMP0316,2025-06-19 14:55:00,2025-06-26 03:08:38.327375061
TX003915,DEV0039,EMP0116,2026-04-13 11:32:00,2026-04-14 08:59:54.967051125
TX003916,DEV0029,EMP0342,2025-10-06 13:52:00,2025-10-11 05:00:26.673861098
TX003917,DEV0007,EMP0386,2026-01-20 17:46:00,2026-01-21 11:51:40.326846915
TX003918,DEV0255,EMP0232,2026-08-20 09:28:00,2026-09-02 02:33:06.333394405
TX003919,DEV0168,EMP0056,2026-07-01 10:59:00,2026-07-06 15:19:03.417169176
TX003920,DEV0062,EMP0056,2024-01-04 11:41:00,2024-01-05 10:19:27.891540805
TX003921,DEV0007,EMP0043,2025-02-09 09:47:00,2025-02-14 04:22:05.150528010
TX003922,DEV0223,EMP0255,2025-01-15 12:48:00,2025-01-26 10:31:11.804440365
TX003923,DEV0125,EMP0161,2024-02-06 17:32:00,2024-02-12 20:32:57.122695065
TX003924,DEV0141,EMP0079,2025-03-18 14:35:00,2025-03-22 22:45:53.532923312
TX003925,DEV0102,EMP0252,2026-01-15 13:47:00,2026-01-19 15:41:19.468820819
TX003926,DEV0201,EMP0413,2024-01-11 13:25:00,2024-01-17 10:57:30.354824636
TX003927,DEV0202,EMP0070,2025-10-06 18:50:00,2025-10-16 12:48:26.616650152
TX003928,DEV0183,EMP0024,2026-04-02 10:31:00,2026-04-17 06:35:38.249132368
TX003929,DEV0251,EMP0035,2024-09-05 13:29:00,2024-09-10 15:43:19.205996036
TX003930,DEV0083,EMP0343,2024-10-11 10:01:00,2024-10-13 01:23:51.362364598
TX003931,DEV0100,EMP0129,2026-07-05 14:50:00,2026-07-06 13:52:49.672411325
TX003932,DEV0091,EMP0192,2025-01-12 08:52:00,2025-01-20 03:51:45.761199645
TX003933,DEV0191,EMP0308,2026-01-13 14:44:00,2026-01-25 10:40:07.257334311
TX003934,DEV0063,EMP0250,2024-05-08 15:58:00,2024-05-14 03:11:45.364406031
TX003935,DEV0219,EMP0183,2026-08-10 12:07:00,2026-08-12 07:29:58.998065947
TX003936,DEV0061,EMP0118,2024-11-16 10:35:00,2024-11-22 06:55:31.174326307
TX003937,DEV0214,EMP0385,2025-10-27 12:38:00,2025-11-03 18:52:34.726936676
TX003938,DEV0134,EMP0386,2026-01-26 08:50:00,2026-02-05 22:54:33.711309342
TX003939,DEV0021,EMP0168,2024-08-28 07:54:00,2024-09-01 08:28:44.663263184
TX003940,DEV0002,EMP0345,2024-04-25 15:05:00,2024-04-30 16:48:34.664763694
TX003941,DEV0241,EMP0228,2024-07-09 09:30:00,2024-07-14 03:03:41.513034286
TX003942,DEV0110,EMP0352,2025-11-03 11:50:00,2025-11-04 00:13:28.267945264
TX003943,DEV0254,EMP0069,2025-09-13 16:02:00,2025-09-21 20:03:31.588060880
TX003944,DEV0057,EMP0348,2026-03-15 07:18:00,2026-03-16 01:29:27.571913081
TX003945,DEV0207,EMP0402,2024-07-29 09:04:00,2024-07-31 10:05:14.847471247
TX003946,DEV0071,EMP0185,2026-04-29 16:54:00,2026-05-04 05:33:33.522148726
TX003947,DEV0259,EMP0011,2025-12-15 17:37:00,2025-12-18 23:59:06.560758911
TX003948,DEV0171,EMP0354,2026-04-06 17:46:00,2026-04-07 09:36:56.122028249
TX003949,DEV0197,EMP0212,2024-12-13 12:59:00,2024-12-15 14:32:53.854582532
TX003950,DEV0173,EMP0040,2026-05-06 08:53:00,2026-05-16 06:02:47.985189943
TX003951,DEV0131,EMP0098,2025-07-03 16:32:00,2025-07-11 09:04:07.250552118
TX003952,DEV0205,EMP0400,2025-03-21 12:11:00,2025-04-02 01:10:43.925557530
TX003953,DEV0144,EMP0158,2025-11-14 10:24:00,2025-11-18 05:23:36.831051701
TX003954,DEV0033,EMP0248,2024-02-29 10:43:00,2024-03-05 08:23:18.187561882
TX003955,DEV0183,EMP0137,2024-10-07 12:15:00,2024-10-12 04:45:26.645408697
TX003956,DEV0135,EMP0297,2025-02-09 07:20:00,2025-02-19 19:32:30.636141676
TX003957,DEV0081,EMP0212,2026-04-15 09:18:00,2026-04-17 19:51:29.344637419
TX003958,DEV0242,EMP0035,2024-04-18 10:17:00,2024-04-24 10:13:02.128138676
TX003959,DEV0003,EMP0410,2025-05-03 18:01:00,2025-05-08 04:34:47.282428109
TX003960,DEV0184,EMP0152,2025-08-28 08:25:00,2025-08-31 00:14:59.330118686
TX003961,DEV0231,EMP0377,2025-02-05 13:35:00,2025-02-07 14:39:22.922412238
TX003962,DEV0237,EMP0091,2025-02-15 11:16:00,2025-02-17 12:52:43.511442280
TX003963,DEV0203,EMP0337,2026-02-05 14:26:00,2026-02-10 09:57:33.573956267
TX003964,DEV0061,EMP0064,2024-11-27 10:30:00,2024-11-29 18:28:55.752553577
TX003965,DEV0081,EMP0067,2026-06-19 08:48:00,2026-07-03 06:20:18.201604932
TX003966,DEV0123,EMP0326,2025-06-21 17:07:00,2025-07-13 21:31:31.574614006
TX003967,DEV0151,EMP0338,2024-05-11 17:12:00,2024-05-16 14:31:18.328761913
TX003968,DEV0136,EMP0179,2025-10-04 18:38:00,2025-10-09 11:56:02.780840045
TX003969,DEV0067,EMP0266,2026-04-30 18:14:00,2026-05-11 04:50:49.660536034
TX003970,DEV0245,EMP0046,2025-02-04 07:02:00,2025-02-18 02:50:08.820568496
TX003971,DEV0172,EMP0203,2024-04-10 11:07:00,2024-04-13 14:51:40.888363249
TX003972,DEV0072,EMP0211,2025-01-25 12:42:00,2025-02-08 17:11:05.711849173
TX003973,DEV0162,EMP0208,2024-10-22 15:07:00,2024-11-01 01:08:00.185965816
TX003974,DEV0148,EMP0050,2024-06-05 07:14:00,2024-06-09 17:56:54.014201274
TX003975,DEV0082,EMP0258,2024-10-21 10:59:00,2024-10-30 00:50:47.216203693
TX003976,DEV0025,EMP0223,2024-10-13 10:50:00,2024-10-19 01:55:14.425648232
TX003977,DEV0225,EMP0072,2026-05-06 09:27:00,2026-05-17 04:29:09.997277185
TX003978,DEV0064,EMP0227,2024-07-19 10:31:00,2024-07-22 18:18:30.490344278
TX003979,DEV0131,EMP0042,2026-07-29 14:54:00,2026-08-07 15:15:46.590782759
TX003980,DEV0143,EMP0251,2024-07-20 11:55:00,2024-07-26 21:32:10.237046860
TX003981,DEV0085,EMP0419,2026-01-16 12:38:00,2026-01-31 13:25:03.178934992
TX003982,DEV0002,EMP0050,2025-11-06 09:03:00,2025-11-07 04:37:25.285523569
TX003983,DEV0253,EMP0385,2024-04-20 15:45:00,2024-04-27 20:39:33.447276442
TX003984,DEV0052,EMP0181,2025-05-17 17:47:00,2025-05-25 14:28:41.431472768
TX003985,DEV0251,EMP0287,2025-04-06 14:39:00,2025-05-02 14:34:51.884074195
TX003986,DEV0051,EMP0343,2025-11-02 09:09:00,2025-11-09 15:55:08.739803056
TX003987,DEV0144,EMP0106,2025-05-21 14:08:00,2025-05-21 21:46:47.858232334
TX003988,DEV0074,EMP0323,2025-11-25 10:37:00,2025-12-24 20:34:29.994103266
TX003989,DEV0083,EMP0300,2024-11-20 14:57:00,2024-11-25 10:01:38.685331972
TX003990,DEV0241,EMP0353,2025-04-01 13:32:00,2025-04-05 07:35:14.827934290
TX003991,DEV0123,EMP0261,2024-10-21 16:26:00,2024-10-22 12:16:19.676288024
TX003992,DEV0008,EMP0200,2026-01-22 16:12:00,2026-01-24 08:32:29.147012165
TX003993,DEV0093,EMP0207,2025-05-17 15:20:00,2025-06-04 02:25:38.107884921
TX003994,DEV0211,EMP0332,2024-08-27 10:49:00,2024-09-16 08:00:16.249494810
TX003995,DEV0144,EMP0073,2026-03-22 10:21:00,2026-04-07 00:26:22.374556897
TX003996,DEV0017,EMP0109,2024-08-19 07:38:00,2024-08-28 20:16:17.014571804
TX003997,DEV0075,EMP0303,2024-05-05 11:11:00,2024-05-09 02:18:57.066010547
TX003998,DEV0222,EMP0231,2026-05-04 13:19:00,2026-05-11 15:47:10.889002727
TX003999,DEV0072,EMP0262,2025-08-17 15:04:00,2025-08-23 12:19:31.422758287
TX004000,DEV0114,EMP0273,2024-08-13 12:52:00,2024-08-24 15:03:45.240388963
TX004001,DEV0052,EMP0344,2024-09-10 11:40:00,2024-09-21 02:11:46.618969176
TX004002,DEV0081,EMP0178,2026-02-14 13:16:00,2026-02-17 07:51:46.987093344
TX004003,DEV0092,EMP0084,2026-06-29 14:24:00,2026-07-10 15:02:02.820314147
TX004004,DEV0081,EMP0287,2024-01-13 18:26:00,2024-01-26 17:36:03.637078547
TX004005,DEV0192,EMP0154,2025-03-17 07:15:00,2025-03-30 00:19:13.240683863
TX004006,DEV0211,EMP0324,2024-07-01 07:00:00,2024-08-03 13:01:56.653923689
TX004007,DEV0028,EMP0319,2024-04-14 09:42:00,2024-04-20 23:07:13.997800728
TX004008,DEV0203,EMP0339,2025-05-07 12:34:00,2025-05-14 18:07:42.893760960
TX004009,DEV0041,EMP0218,2025-01-07 10:29:00,2025-01-16 22:07:16.834517236
TX004010,DEV0242,EMP0273,2026-07-05 16:30:00,2026-07-26 04:29:28.959298027
TX004011,DEV0171,EMP0314,2026-07-16 10:45:00,2026-07-29 03:32:17.495347952
TX004012,DEV0101,EMP0152,2025-08-30 17:40:00,2025-09-05 19:48:21.565049702
TX004013,DEV0063,EMP0396,2024-09-15 10:07:00,2024-09-16 13:38:05.671511465
TX004014,DEV0231,EMP0170,2025-03-17 15:53:00,2025-03-30 23:19:38.275299920
TX004015,DEV0092,EMP0395,2026-07-30 14:15:00,2026-08-13 13:42:55.735989728
TX004016,DEV0046,EMP0216,2025-09-09 18:06:00,2025-09-15 22:45:08.943105426
TX004017,DEV0171,EMP0316,2025-04-10 15:46:00,2025-04-13 19:03:48.060249780
TX004018,DEV0111,EMP0067,2025-08-05 14:12:00,2025-08-16 19:09:42.123460960
TX004019,DEV0243,EMP0278,2025-11-12 10:04:00,2025-11-24 19:43:55.323999400
TX004020,DEV0042,EMP0329,2026-08-10 18:11:00,2026-08-20 15:18:03.288919580
TX004021,DEV0004,EMP0343,2025-06-17 10:58:00,2025-06-26 07:55:04.375511149
TX004022,DEV0143,EMP0020,2024-11-10 10:35:00,2024-11-13 16:56:27.459791186
TX004023,DEV0176,EMP0099,2025-04-18 10:18:00,2025-04-20 20:47:37.201541308
TX004024,DEV0033,EMP0231,2024-12-28 16:07:00,2025-01-11 00:10:22.984040228
TX004025,DEV0057,EMP0208,2026-02-10 17:00:00,2026-02-11 21:21:21.492921257
TX004026,DEV0168,EMP0200,2025-04-07 12:24:00,2025-04-15 19:30:41.868428421
TX004027,DEV0037,EMP0112,2025-05-30 16:27:00,2025-06-07 02:17:03.678546142
TX004028,DEV0234,EMP0136,2025-09-10 15:22:00,2025-09-20 19:49:36.753658794
TX004029,DEV0006,EMP0053,2026-03-07 12:42:00,2026-03-10 03:12:35.686396687
TX004030,DEV0076,EMP0062,2026-04-24 14:11:00,2026-04-30 12:26:51.621373483
TX004031,DEV0066,EMP0308,2026-04-17 16:42:00,2026-04-25 11:30:20.325357458
TX004032,DEV0005,EMP0151,2025-04-27 12:02:00,2025-05-07 22:55:39.990438602
TX004033,DEV0144,EMP0377,2025-07-12 18:43:00,2025-07-23 07:38:34.165968359
TX004034,DEV0024,EMP0252,2024-10-28 07:00:00,2024-12-16 23:43:39.840823508
TX004035,DEV0061,EMP0227,2024-04-12 16:11:00,2024-04-28 18:39:13.354494037
TX004036,DEV0020,EMP0083,2026-02-07 07:26:00,2026-02-07 16:59:35.204743511
TX004037,DEV0122,EMP0035,2026-08-01 07:52:00,2026-08-06 11:00:29.045745085
TX004038,DEV0094,EMP0179,2026-01-21 08:30:00,2026-02-04 00:41:11.936209906
TX004039,DEV0238,EMP0031,2024-11-07 17:38:00,2024-11-10 03:06:49.477398611
TX004040,DEV0049,EMP0324,2024-07-16 07:03:00,2024-07-21 16:18:22.821790748
TX004041,DEV0225,EMP0340,2024-12-18 07:22:00,2024-12-29 05:44:34.034669959
TX004042,DEV0213,EMP0337,2024-12-16 13:28:00,2024-12-19 18:16:09.949995547
TX004043,DEV0091,EMP0362,2025-03-28 08:29:00,2025-04-06 05:50:14.964417501
TX004044,DEV0001,EMP0240,2025-11-16 12:54:00,2025-11-23 12:32:14.541958340
TX004045,DEV0169,EMP0172,2025-10-24 13:58:00,2025-11-01 00:33:41.315389645
TX004046,DEV0240,EMP0359,2025-09-08 15:51:00,2025-09-11 23:28:56.291459102
TX004047,DEV0245,EMP0313,2026-05-12 11:50:00,2026-06-02 09:21:31.284997341
TX004048,DEV0143,EMP0223,2026-01-26 10:45:00,2026-02-02 06:50:46.145251397
TX004049,DEV0226,EMP0232,2025-09-11 07:27:00,2025-09-24 17:28:48.528528049
TX004050,DEV0151,EMP0290,2025-10-29 10:41:00,2025-11-02 04:15:48.179875948
TX004051,DEV0243,EMP0320,2025-01-26 16:54:00,2025-02-03 18:54:52.311080330
TX004052,DEV0012,EMP0406,2024-04-20 13:56:00,2024-04-28 13:42:21.207873958
TX004053,DEV0151,EMP0186,2025-09-14 07:20:00,2025-09-20 02:07:30.652543666
TX004054,DEV0240,EMP0114,2025-01-17 15:52:00,2025-01-20 02:42:42.245593081
TX004055,DEV0155,EMP0040,2026-05-30 13:03:00,2026-06-23 10:20:03.315242509
TX004056,DEV0022,EMP0154,2024-12-20 11:14:00,2024-12-25 13:22:20.866718807
TX004057,DEV0223,EMP0180,2025-06-07 17:54:00,2025-06-12 02:02:26.069071305
TX004058,DEV0052,EMP0224,2026-03-25 14:31:00,2026-04-05 11:09:40.403521393
TX004059,DEV0131,EMP0377,2024-06-25 17:59:00,2024-07-05 08:40:26.008993052
TX004060,DEV0131,EMP0195,2024-01-10 18:40:00,2024-01-23 21:40:45.869568754
TX004061,DEV0171,EMP0176,2026-02-02 11:45:00,2026-02-10 09:47:29.284575628
TX004062,DEV0225,EMP0255,2024-10-01 11:14:00,2024-10-10 08:18:20.303902945
TX004063,DEV0072,EMP0109,2024-05-06 15:02:00,2024-05-07 17:09:13.576651015
TX004064,DEV0245,EMP0181,2026-01-26 08:51:00,2026-01-31 14:09:28.322983045
TX004065,DEV0211,EMP0159,2025-07-03 09:25:00,2025-07-11 02:22:38.262812326
TX004066,DEV0181,EMP0392,2025-01-28 11:37:00,2025-01-30 15:22:29.468868331
TX004067,DEV0093,EMP0360,2025-01-21 17:54:00,2025-01-26 22:07:17.571283561
TX004068,DEV0253,EMP0218,2025-03-12 12:44:00,2025-03-28 09:45:57.637849138
TX004069,DEV0011,EMP0149,2024-09-23 17:13:00,2024-10-02 13:11:40.524374384
TX004070,DEV0205,EMP0321,2024-10-30 14:20:00,2024-12-31 10:01:30.336928423
TX004071,DEV0180,EMP0045,2025-07-25 12:14:00,2025-07-26 11:10:16.482028333
TX004072,DEV0074,EMP0183,2025-01-05 07:24:00,2025-01-26 09:14:02.725707170
TX004073,DEV0213,EMP0390,2025-03-27 18:37:00,2025-04-16 18:32:45.446554053
TX004074,DEV0142,EMP0085,2025-04-28 17:46:00,2025-05-15 04:19:42.408607564
TX004075,DEV0070,EMP0396,2024-08-20 14:17:00,2024-08-23 05:02:29.987060536
TX004076,DEV0253,EMP0024,2024-11-02 08:13:00,2024-11-03 20:24:52.064780780
TX004077,DEV0079,EMP0274,2024-11-25 12:48:00,2024-11-29 04:24:13.571900585
TX004078,DEV0203,EMP0259,2026-06-13 07:29:00,2026-07-04 22:08:47.739815273
TX004079,DEV0214,EMP0342,2025-07-13 17:08:00,2025-07-24 07:33:40.821761768
TX004080,DEV0043,EMP0264,2026-05-23 18:43:00,2026-05-26 03:13:13.250810166
TX004081,DEV0086,EMP0002,2026-08-31 12:47:00,2026-09-06 00:13:25.670939314
TX004082,DEV0002,EMP0401,2024-01-23 12:47:00,2024-01-25 02:59:10.262617477
TX004083,DEV0082,EMP0393,2024-08-13 17:46:00,2024-08-21 14:45:56.152399187
TX004084,DEV0031,EMP0011,2025-09-16 16:59:00,2025-10-01 16:04:26.868804562
TX004085,DEV0255,EMP0360,2026-05-07 13:49:00,2026-06-04 08:20:24.387554486
TX004086,DEV0065,EMP0228,2024-03-20 16:53:00,2024-04-05 08:19:50.861348640
TX004087,DEV0248,EMP0290,2024-08-04 11:17:00,2024-08-05 22:10:52.343561494
TX004088,DEV0113,EMP0200,2025-10-19 13:46:00,2025-10-23 01:28:50.827392048
TX004089,DEV0182,EMP0074,2024-05-29 09:45:00,2024-06-03 11:08:14.831358442
TX004090,DEV0082,EMP0218,2026-08-25 12:11:00,2026-09-05 05:58:53.510241060
TX004091,DEV0254,EMP0376,2026-07-25 12:51:00,2026-08-08 12:15:21.236692604
TX004092,DEV0170,EMP0369,2024-11-28 16:26:00,2024-11-29 05:24:24.488328177
TX004093,DEV0086,EMP0069,2025-07-29 16:31:00,2025-08-03 15:43:36.232937330
TX004094,DEV0078,EMP0069,2024-05-08 10:44:00,2024-05-11 10:19:23.604318776
TX004095,DEV0073,EMP0014,2026-01-11 12:26:00,2026-01-25 16:28:46.639967542
TX004096,DEV0255,EMP0213,2024-10-19 15:42:00,2024-11-08 18:08:33.774285131
TX004097,DEV0196,EMP0354,2025-11-29 09:56:00,2025-11-30 19:19:02.659299966
TX004098,DEV0212,EMP0097,2024-03-01 15:10:00,2024-03-09 07:57:35.501204723
TX004099,DEV0260,EMP0324,2025-03-23 14:31:00,2025-03-26 03:10:46.367438528
TX004100,DEV0208,EMP0219,2025-05-17 08:47:00,2025-05-18 13:14:51.058361821
TX004101,DEV0001,EMP0129,2026-05-14 15:49:00,2026-05-17 19:23:34.667897688
TX004102,DEV0043,EMP0135,2024-12-30 14:21:00,2024-12-31 07:50:25.456907286
TX004103,DEV0072,EMP0305,2025-02-11 08:42:00,2025-02-18 10:46:35.812190031
TX004104,DEV0183,EMP0316,2025-10-19 15:49:00,2025-11-18 03:31:32.635288582
TX004105,DEV0211,EMP0283,2024-01-01 12:32:00,2024-01-09 17:42:13.304296951
TX004106,DEV0204,EMP0029,2024-03-05 08:08:00,2024-03-10 12:50:17.534802692
TX004107,DEV0107,EMP0367,2024-04-12 16:48:00,2024-04-22 01:46:05.883669900
TX004108,DEV0021,EMP0281,2025-09-10 17:55:00,2025-09-17 16:20:45.705168579
TX004109,DEV0175,EMP0175,2025-10-10 15:35:00,2025-10-18 19:35:17.629723470
TX004110,DEV0075,EMP0340,2024-09-05 10:16:00,2024-09-09 22:16:54.024408446
TX004111,DEV0050,EMP0341,2024-09-20 11:07:00,2024-09-21 02:15:18.919470376
TX004112,DEV0187,EMP0202,2025-04-15 14:41:00,2025-04-17 23:43:06.310135430
TX004113,DEV0121,EMP0188,2025-08-22 07:47:00,2025-09-02 10:03:57.425619059
TX004114,DEV0248,EMP0236,2024-07-12 18:02:00,2024-07-15 05:26:03.585475727
TX004115,DEV0082,EMP0363,2024-01-04 15:46:00,2024-01-15 12:38:22.132049382
TX004116,DEV0111,EMP0296,2024-12-18 16:39:00,2025-01-21 10:53:06.313008880
TX004117,DEV0229,EMP0101,2024-06-30 12:23:00,2024-07-12 05:25:14.573245999
TX004118,DEV0061,EMP0145,2025-10-03 15:22:00,2025-10-12 00:24:04.902594764
TX004119,DEV0211,EMP0379,2026-06-26 11:07:00,2026-07-06 22:02:04.339500893
TX004120,DEV0007,EMP0360,2024-01-28 09:17:00,2024-02-02 21:15:24.464085127
TX004121,DEV0092,EMP0172,2025-01-17 18:16:00,2025-01-22 13:36:41.220906278
TX004122,DEV0109,EMP0294,2025-01-21 17:11:00,2025-01-27 22:03:37.050467803
TX004123,DEV0112,EMP0330,2024-03-19 15:19:00,2024-03-23 13:35:48.537899285
TX004124,DEV0055,EMP0271,2024-08-16 12:57:00,2024-08-22 09:37:31.055864298
TX004125,DEV0162,EMP0344,2025-06-29 08:30:00,2025-07-09 07:29:18.442040255
TX004126,DEV0115,EMP0096,2025-10-19 11:09:00,2025-11-06 08:12:02.472913369
TX004127,DEV0132,EMP0003,2025-12-31 14:45:00,2026-02-17 20:24:05.205881768
TX004128,DEV0067,EMP0140,2026-01-15 15:47:00,2026-01-19 19:24:36.696067429
TX004129,DEV0184,EMP0102,2024-12-13 11:04:00,2024-12-23 17:49:23.181496002
TX004130,DEV0162,EMP0138,2026-01-18 11:00:00,2026-01-24 14:33:56.861687819
TX004131,DEV0127,EMP0418,2024-02-21 14:10:00,2024-03-01 21:31:30.068774399
TX004132,DEV0027,EMP0413,2026-06-16 15:50:00,2026-06-20 09:20:22.632234140
TX004133,DEV0113,EMP0011,2024-05-30 09:12:00,2024-06-12 02:13:42.097393469
TX004134,DEV0148,EMP0081,2024-10-19 15:50:00,2024-10-24 02:06:45.038719791
TX004135,DEV0001,EMP0152,2026-07-05 10:58:00,2026-07-19 16:55:29.322614079
TX004136,DEV0031,EMP0198,2024-03-23 10:41:00,2024-03-27 06:48:37.015180370
TX004137,DEV0188,EMP0149,2024-05-30 16:12:00,2024-05-31 03:09:10.976586295
TX004138,DEV0214,EMP0342,2025-01-25 11:36:00,2025-02-08 23:09:36.146111461
TX004139,DEV0071,EMP0047,2026-02-06 12:02:00,2026-02-14 13:52:40.232654813
TX004140,DEV0153,EMP0196,2026-04-26 09:49:00,2026-05-11 18:15:48.268738051
TX004141,DEV0160,EMP0262,2025-10-01 07:23:00,2025-10-11 05:24:54.664816268
TX004142,DEV0214,EMP0273,2026-01-16 10:59:00,2026-01-23 05:33:42.513958530
TX004143,DEV0214,EMP0117,2025-09-16 09:28:00,2025-10-10 21:11:49.822380137
TX004144,DEV0041,EMP0417,2025-02-06 10:53:00,2025-02-16 08:54:00.398086256
TX004145,DEV0224,EMP0004,2025-06-01 15:22:00,2025-06-05 19:38:58.118527151
TX004146,DEV0049,EMP0328,2026-05-28 11:39:00,2026-05-28 16:21:59.320072816
TX004147,DEV0136,EMP0170,2024-12-18 09:23:00,2024-12-23 17:01:47.146044019
TX004148,DEV0067,EMP0295,2025-04-28 16:40:00,2025-05-07 16:36:12.818008264
TX004149,DEV0112,EMP0256,2025-10-12 09:44:00,2025-10-15 11:03:27.133365517
TX004150,DEV0221,EMP0164,2025-10-11 14:24:00,2025-10-21 16:29:17.697272360
TX004151,DEV0231,EMP0189,2026-06-11 12:44:00,2026-06-25 23:02:22.511884015
TX004152,DEV0201,EMP0025,2025-04-27 08:30:00,
TX004153,DEV0183,EMP0127,2024-12-19 18:14:00,2024-12-26 00:56:32.325986901
TX004154,DEV0095,EMP0356,2025-03-29 07:41:00,2025-04-08 01:02:22.534757177
TX004155,DEV0082,EMP0035,2025-07-24 14:47:00,2025-07-28 12:20:40.018780811
TX004156,DEV0028,EMP0229,2024-01-25 15:01:00,2024-01-27 05:43:38.948319304
TX004157,DEV0194,EMP0400,2025-01-06 09:55:00,2025-01-16 05:16:38.084690717
TX004158,DEV0212,EMP0123,2025-04-20 12:07:00,2025-04-29 20:33:11.337063115
TX004159,DEV0201,EMP0222,2026-06-07 18:12:00,2026-06-11 03:45:06.131547710
TX004160,DEV0082,EMP0093,2024-11-16 15:21:00,2024-11-18 12:20:18.683230266
TX004161,DEV0167,EMP0306,2026-05-28 16:02:00,2026-05-31 21:49:29.836323162
TX004162,DEV0157,EMP0221,2026-08-05 14:13:00,2026-08-07 12:22:44.754602621
TX004163,DEV0151,EMP0145,2026-06-27 13:20:00,2026-07-01 13:25:08.171520380
TX004164,DEV0222,EMP0268,2024-08-15 09:27:00,2024-08-17 13:05:53.882737580
TX004165,DEV0108,EMP0031,2026-04-21 13:45:00,2026-04-22 21:57:48.555509798
TX004166,DEV0081,EMP0080,2024-09-04 08:49:00,2024-09-07 00:42:24.088546689
TX004167,DEV0186,EMP0368,2025-11-26 12:19:00,2025-12-01 01:38:04.269974019
TX004168,DEV0051,EMP0003,2026-05-01 10:15:00,2026-05-14 13:10:04.072880509
TX004169,DEV0144,EMP0226,2025-10-06 13:58:00,2025-10-13 10:04:47.934195661
TX004170,DEV0133,EMP0378,2026-02-20 09:03:00,2026-02-24 20:32:07.217938370
TX004171,DEV0099,EMP0174,2026-08-16 11:33:00,2026-08-25 19:53:15.601028354
TX004172,DEV0208,EMP0316,2025-04-19 15:18:00,2025-04-19 23:43:26.689583514
TX004173,DEV0112,EMP0280,2024-03-21 08:08:00,2024-04-02 06:05:07.119197769
TX004174,DEV0023,EMP0172,2024-12-22 11:52:00,2024-12-28 21:53:09.527229644
TX004175,DEV0020,EMP0139,2026-05-09 07:10:00,2026-05-10 19:41:28.573249715
TX004176,DEV0042,EMP0310,2025-12-20 08:24:00,2025-12-27 05:57:43.851866303
TX004177,DEV0233,EMP0053,2024-05-30 14:51:00,2024-06-14 01:50:44.303165217
TX004178,DEV0118,EMP0126,2024-07-12 17:43:00,2024-07-17 13:27:41.297146528
TX004179,DEV0233,EMP0315,2025-04-04 17:33:00,2025-04-08 11:29:42.107857461
TX004180,DEV0201,EMP0062,2024-11-07 08:18:00,2024-11-15 21:44:20.316720132
TX004181,DEV0105,EMP0396,2026-02-16 11:27:00,2026-02-28 09:21:52.632909344
TX004182,DEV0188,EMP0214,2026-04-26 17:19:00,2026-04-27 03:51:35.354644389
TX004183,DEV0150,EMP0226,2024-01-15 13:39:00,2024-01-15 20:50:59.014281910
TX004184,DEV0024,EMP0057,2024-07-03 15:12:00,2024-07-07 22:22:43.441564684
TX004185,DEV0071,EMP0274,2026-08-29 12:30:00,2026-08-30 13:05:23.314015698
TX004186,DEV0006,EMP0234,2025-06-17 13:18:00,2025-07-01 19:39:48.841739485
TX004187,DEV0051,EMP0268,2024-10-18 12:41:00,2024-11-03 07:27:47.607915265
TX004188,DEV0177,EMP0358,2025-06-08 14:48:00,2025-06-13 15:14:13.668179202
TX004189,DEV0192,EMP0220,2025-02-25 14:22:00,2025-03-12 07:51:09.010278868
TX004190,DEV0084,EMP0385,2025-05-11 17:13:00,2025-07-02 09:16:00.807644346
TX004191,DEV0004,EMP0051,2026-06-20 18:04:00,2026-07-09 18:58:44.378927393
TX004192,DEV0051,EMP0130,2025-12-18 14:13:00,2025-12-22 03:30:00.979672333
TX004193,DEV0165,EMP0018,2024-07-23 18:41:00,2024-07-29 16:42:48.214188894
TX004194,DEV0135,EMP0211,2025-01-03 10:30:00,2025-01-07 20:25:32.248379438
TX004195,DEV0106,EMP0104,2024-09-01 09:26:00,2024-09-04 08:50:06.630615922
TX004196,DEV0020,EMP0023,2025-03-24 13:45:00,2025-03-24 22:42:29.773439109
TX004197,DEV0121,EMP0228,2024-03-17 18:37:00,2024-03-26 01:19:36.754282947
TX004198,DEV0014,EMP0132,2025-07-09 14:00:00,2025-07-15 10:41:45.539815089
TX004199,DEV0058,EMP0396,2025-04-27 10:53:00,2025-04-28 12:09:00.846545180
TX004200,DEV0149,EMP0030,2025-12-12 17:58:00,2025-12-21 03:05:58.925947198
TX004201,DEV0161,EMP0208,2025-09-19 17:34:00,2025-09-23 09:58:37.815089570
TX004202,DEV0244,EMP0225,2026-03-26 11:23:00,2026-04-09 09:05:12.468341962
TX004203,DEV0013,EMP0152,2025-11-25 11:43:00,2025-11-29 05:52:32.657577124
TX004204,DEV0211,EMP0375,2026-06-22 13:29:00,2026-06-25 22:45:12.555443267
TX004205,DEV0039,EMP0378,2024-05-28 07:28:00,2024-05-29 04:10:24.030605548
TX004206,DEV0201,EMP0039,2024-07-17 09:07:00,2024-08-04 16:10:31.186298029
TX004207,DEV0224,EMP0047,2025-03-15 09:34:00,2025-03-16 16:47:46.162186469
TX004208,DEV0252,EMP0158,2025-05-22 10:02:00,2025-06-07 20:03:56.086268794
TX004209,DEV0026,EMP0204,2025-03-05 09:35:00,2025-03-09 09:26:02.705825626
TX004210,DEV0222,EMP0153,2025-10-08 13:53:00,2025-10-21 20:33:31.415577900
TX004211,DEV0117,EMP0108,2026-08-15 11:11:00,2026-08-18 18:52:43.348986484
TX004212,DEV0257,EMP0193,2024-10-22 17:04:00,2024-10-24 23:30:08.557093667
TX004213,DEV0254,EMP0212,2025-04-13 14:04:00,2025-05-03 20:57:35.831532471
TX004214,DEV0142,EMP0082,2024-12-25 13:02:00,2024-12-27 23:39:23.833514600
TX004215,DEV0056,EMP0146,2026-07-05 08:22:00,2026-07-08 09:41:43.879144244
TX004216,DEV0101,EMP0051,2024-05-14 18:11:00,2024-05-15 20:51:54.769701315
TX004217,DEV0207,EMP0122,2024-10-15 15:25:00,2024-10-15 18:19:13.532925588
TX004218,DEV0183,EMP0001,2025-01-26 12:34:00,2025-01-29 07:39:11.482796361
TX004219,DEV0186,EMP0009,2024-07-31 12:26:00,2024-08-03 22:09:43.420227592
TX004220,DEV0149,EMP0144,2024-06-03 17:59:00,2024-06-04 18:55:59.750314344
TX004221,DEV0056,EMP0169,2024-04-19 13:41:00,2024-04-23 19:39:47.410117261
TX004222,DEV0043,EMP0009,2026-02-08 12:52:00,2026-02-13 10:08:25.761047473
TX004223,DEV0135,EMP0186,2025-08-17 14:06:00,2025-08-27 12:59:31.020725149
TX004224,DEV0132,EMP0301,2024-02-22 13:04:00,2024-02-27 18:45:16.959160356
TX004225,DEV0036,EMP0034,2025-03-02 09:44:00,2025-03-06 14:06:02.497770026
TX004226,DEV0091,EMP0315,2026-06-07 08:41:00,2026-06-15 08:20:31.475716727
TX004227,DEV0232,EMP0100,2025-12-28 07:37:00,2026-01-03 02:52:37.405455798
TX004228,DEV0062,EMP0198,2025-01-28 18:25:00,2025-02-08 17:13:10.526466011
TX004229,DEV0172,EMP0024,2025-10-21 16:26:00,2025-11-03 04:31:32.897684144
TX004230,DEV0207,EMP0064,2025-07-30 17:55:00,2025-08-07 13:18:52.458167614
TX004231,DEV0043,EMP0412,2026-06-07 15:39:00,2026-06-12 05:32:50.277600661
TX004232,DEV0033,EMP0159,2025-01-22 17:35:00,2025-01-28 01:07:08.595195459
TX004233,DEV0115,EMP0289,2024-02-02 18:21:00,2024-02-03 19:21:00.313179928
TX004234,DEV0223,EMP0017,2024-01-23 08:57:00,2024-01-25 16:27:05.716504713
TX004235,DEV0021,EMP0206,2025-09-14 09:18:00,2025-09-23 15:53:27.963610901
TX004236,DEV0015,EMP0275,2026-03-11 18:15:00,2026-03-26 08:19:04.190291883
TX004237,DEV0259,EMP0171,2025-03-12 14:12:00,2025-03-17 18:39:53.809846085
TX004238,DEV0139,EMP0013,2025-11-07 07:18:00,2025-11-10 23:43:28.734725442
TX004239,DEV0177,EMP0382,2024-11-24 18:16:00,2024-12-02 01:41:16.358673333
TX004240,DEV0104,EMP0294,2025-09-07 18:38:00,2025-09-16 19:01:46.011660153
TX004241,DEV0214,EMP0064,2024-09-25 16:19:00,2024-10-13 04:47:24.265399752
TX004242,DEV0101,EMP0310,2024-09-30 12:36:00,2024-10-22 02:48:45.295810067
TX004243,DEV0255,EMP0036,2025-10-29 14:09:00,2025-11-16 11:50:47.284495239
TX004244,DEV0191,EMP0263,2025-09-25 15:14:00,2025-10-03 09:19:20.980039888
TX004245,DEV0104,EMP0282,2026-07-18 14:12:00,2026-07-22 14:11:49.412345061
TX004246,DEV0185,EMP0250,2024-01-24 14:13:00,2024-02-04 06:17:38.218079244
TX004247,DEV0092,EMP0083,2024-07-31 07:07:00,2024-08-11 14:53:34.673792924
TX004248,DEV0187,EMP0077,2024-02-22 14:02:00,2024-03-02 08:25:12.282921326
TX004249,DEV0182,EMP0282,2024-10-28 12:11:00,2024-10-31 04:58:25.789680174
TX004250,DEV0152,EMP0276,2024-10-08 11:18:00,2024-11-01 04:37:06.923009681
TX004251,DEV0082,EMP0395,2026-07-06 13:12:00,2026-07-06 22:22:31.328022465
TX004252,DEV0124,EMP0036,2026-02-18 17:28:00,2026-02-23 11:58:17.145462386
TX004253,DEV0161,EMP0113,2025-05-19 13:57:00,2025-05-21 17:24:54.148123946
TX004254,DEV0171,EMP0138,2025-06-27 13:40:00,2025-07-13 08:49:49.307159604
TX004255,DEV0222,EMP0014,2025-10-10 16:49:00,2025-10-14 06:36:43.211932890
TX004256,DEV0092,EMP0315,2026-07-24 16:39:00,2026-07-28 08:59:04.513361297
TX004257,DEV0101,EMP0147,2026-04-16 15:29:00,2026-04-26 01:12:05.798250380
TX004258,DEV0217,EMP0295,2026-07-05 07:19:00,2026-07-08 04:30:02.438102623
TX004259,DEV0215,EMP0313,2025-03-19 13:17:00,2025-04-01 08:08:55.936395394
TX004260,DEV0233,EMP0097,2025-03-27 16:15:00,2025-04-05 04:08:11.126106280
TX004261,DEV0159,EMP0036,2026-06-10 09:10:00,2026-06-13 10:17:17.787154113
TX004262,DEV0225,EMP0385,2024-09-30 12:37:00,2024-10-11 19:33:05.467305255
TX004263,DEV0184,EMP0278,2025-05-20 14:13:00,2025-06-06 23:13:18.502057884
TX004264,DEV0221,EMP0002,2026-04-21 09:15:00,2026-04-25 04:36:24.457512385
TX004265,DEV0006,EMP0346,2025-08-11 09:46:00,2025-08-19 20:30:26.180682066
TX004266,DEV0207,EMP0419,2025-04-20 10:57:00,2025-04-27 10:01:52.724140574
TX004267,DEV0217,EMP0359,2026-04-16 08:21:00,2026-04-24 16:47:12.690894262
TX004268,DEV0154,EMP0033,2025-02-28 18:54:00,2025-03-25 23:14:11.679128234
TX004269,DEV0024,EMP0125,2026-02-28 14:50:00,2026-03-02 08:03:57.303675898
TX004270,DEV0043,EMP0162,2026-07-12 12:45:00,2026-07-21 20:23:01.410405203
TX004271,DEV0183,EMP0074,2024-07-16 13:20:00,2024-07-18 15:44:39.627940659
TX004272,DEV0025,EMP0041,2024-11-17 10:53:00,2024-11-24 13:17:13.816868047
TX004273,DEV0070,EMP0110,2025-07-24 17:03:00,2025-07-26 21:34:51.464284296
TX004274,DEV0040,EMP0065,2024-12-02 15:51:00,2024-12-04 23:39:08.003684200
TX004275,DEV0221,EMP0028,2024-06-17 12:44:00,2024-06-29 13:30:14.799076743
TX004276,DEV0193,EMP0296,2025-05-20 15:10:00,2025-05-29 14:21:31.611918843
TX004277,DEV0123,EMP0289,2024-05-27 11:33:00,2024-05-31 02:07:56.178276963
TX004278,DEV0181,EMP0018,2024-09-02 16:37:00,2024-09-04 02:42:25.660719556
TX004279,DEV0147,EMP0291,2025-11-22 14:27:00,2025-11-30 07:10:58.177464641
TX004280,DEV0067,EMP0383,2025-06-11 13:28:00,2025-06-21 04:03:38.749919239
TX004281,DEV0002,EMP0286,2025-01-14 07:22:00,2025-01-21 18:55:01.396854034
TX004282,DEV0253,EMP0326,2026-07-15 07:04:00,2026-07-23 15:01:14.206036741
TX004283,DEV0221,EMP0012,2026-05-22 09:36:00,2026-05-28 06:21:01.195366119
TX004284,DEV0038,EMP0370,2026-07-22 12:41:00,2026-07-23 14:18:32.437167755
TX004285,DEV0207,EMP0371,2025-06-12 12:59:00,2025-06-16 01:49:45.666631475
TX004286,DEV0191,EMP0122,2026-06-12 10:49:00,2026-06-17 13:49:25.151848944
TX004287,DEV0011,EMP0228,2025-10-18 13:29:00,2025-10-30 17:26:20.015434976
TX004288,DEV0045,EMP0176,2026-01-06 09:14:00,2026-01-16 07:27:48.505600746
TX004289,DEV0072,EMP0395,2025-01-08 17:52:00,2025-01-22 03:16:00.370761432
TX004290,DEV0154,EMP0245,2025-02-10 16:29:00,2025-03-07 06:49:42.883702210
TX004291,DEV0232,EMP0087,2025-02-14 10:20:00,2025-02-24 05:46:57.277549252
TX004292,DEV0041,EMP0235,2025-11-26 14:33:00,2025-12-02 03:53:11.235931104
TX004293,DEV0102,EMP0154,2025-03-12 18:22:00,2025-03-19 15:58:04.823361541
TX004294,DEV0158,EMP0227,2025-06-27 12:12:00,2025-06-28 10:54:30.797865050
TX004295,DEV0116,EMP0235,2025-07-20 12:51:00,2025-07-22 11:30:08.820327477
TX004296,DEV0093,EMP0112,2025-01-30 15:17:00,2025-02-03 09:32:29.673198912
TX004297,DEV0185,EMP0403,2025-05-14 13:45:00,2025-05-20 22:58:31.452249288
TX004298,DEV0011,EMP0113,2024-10-27 07:45:00,2024-10-30 09:47:20.241602862
TX004299,DEV0022,EMP0263,2024-05-03 09:14:00,2024-06-04 22:53:26.028424849
TX004300,DEV0042,EMP0048,2024-07-03 17:10:00,2024-07-10 22:04:28.027183902
TX004301,DEV0112,EMP0172,2024-08-29 11:22:00,2024-09-11 06:42:20.382190840
TX004302,DEV0061,EMP0011,2024-02-03 09:54:00,2024-02-05 21:49:06.101212390
TX004303,DEV0064,EMP0312,2025-01-28 12:19:00,2025-02-16 07:38:54.745175620
TX004304,DEV0197,EMP0120,2024-04-01 14:12:00,2024-04-02 00:08:27.781607900
TX004305,DEV0233,EMP0413,2024-11-14 14:21:00,2024-11-16 16:32:13.992454237
TX004306,DEV0033,EMP0243,2024-12-01 13:11:00,2024-12-11 02:05:45.307388259
TX004307,DEV0002,EMP0296,2025-11-18 15:39:00,2025-11-21 02:55:53.472429486
TX004308,DEV0241,EMP0416,2024-06-03 17:28:00,2024-06-08 04:42:25.558514635
TX004309,DEV0253,EMP0272,2025-10-01 17:41:00,2025-10-05 20:37:58.060667579
TX004310,DEV0201,EMP0403,2024-02-04 08:55:00,2024-02-07 05:04:10.403013979
TX004311,DEV0075,EMP0228,2024-09-04 11:15:00,2024-09-25 00:39:10.418525570
TX004312,DEV0101,EMP0174,2026-08-02 12:51:00,2026-08-07 01:51:40.436107308
TX004313,DEV0104,EMP0336,2024-05-31 17:37:00,2024-06-04 21:45:04.211257903
TX004314,DEV0222,EMP0378,2025-07-21 07:03:00,2025-07-27 05:03:36.404561623
TX004315,DEV0131,EMP0143,2024-01-23 12:08:00,2024-01-25 05:15:01.034529491
TX004316,DEV0025,EMP0331,2025-05-03 12:52:00,2025-05-09 16:44:23.815388660
TX004317,DEV0241,EMP0145,2024-04-22 11:09:00,2024-04-23 22:40:18.834548214
TX004318,DEV0184,EMP0079,2024-05-23 18:52:00,2024-06-01 10:19:24.132971973
TX004319,DEV0168,EMP0419,2026-05-25 16:02:00,2026-05-28 03:53:36.121677368
TX004320,DEV0009,EMP0268,2024-04-08 17:41:00,2024-04-12 08:08:29.326776248
TX004321,DEV0145,EMP0115,2025-10-30 11:09:00,2025-11-18 11:31:15.574191281
TX004322,DEV0057,EMP0095,2026-06-14 16:52:00,2026-06-23 18:46:55.146629973
TX004323,DEV0254,EMP0270,2026-07-30 10:37:00,2026-08-03 14:02:10.265803637
TX004324,DEV0103,EMP0040,2025-09-20 10:05:00,2025-09-22 18:28:40.621626366
TX004325,DEV0163,EMP0229,2026-02-20 07:33:00,2026-03-05 03:30:02.447061662
TX004326,DEV0122,EMP0257,2025-04-20 15:15:00,2025-04-29 18:40:44.706625102
TX004327,DEV0110,EMP0094,2024-12-28 10:26:00,2024-12-29 14:45:35.275688332
TX004328,DEV0241,EMP0223,2025-05-24 11:42:00,2025-06-03 11:04:00.680056347
TX004329,DEV0018,EMP0051,2025-03-06 10:19:00,2025-03-11 12:19:11.659355656
TX004330,DEV0101,EMP0050,2024-01-29 11:32:00,2024-02-05 18:19:42.347647844
TX004331,DEV0184,EMP0086,2024-08-28 11:39:00,2024-09-12 10:13:30.904876996
TX004332,DEV0160,EMP0180,2024-03-10 07:49:00,2024-03-12 00:10:26.429264793
TX004333,DEV0183,EMP0147,2025-07-06 13:08:00,2025-07-13 17:58:52.800970221
TX004334,DEV0214,EMP0141,2024-09-25 14:15:00,2024-10-04 14:46:49.571978127
TX004335,DEV0082,EMP0276,2025-10-03 07:02:00,2025-10-07 01:09:03.298201557
TX004336,DEV0143,EMP0300,2024-08-30 10:31:00,2024-09-01 12:40:48.828818545
TX004337,DEV0012,EMP0116,2025-02-08 07:51:00,2025-02-13 10:12:43.589694097
TX004338,DEV0041,EMP0038,2024-03-31 09:19:00,2024-04-03 10:43:05.633495722
TX004339,DEV0031,EMP0233,2025-03-20 16:25:00,2025-04-01 23:48:57.824437127
TX004340,DEV0095,EMP0375,2025-11-16 17:23:00,2025-11-27 23:55:26.992976332
TX004341,DEV0172,EMP0418,2024-06-05 15:51:00,2024-06-14 23:16:47.909671270
TX004342,DEV0252,EMP0024,2025-02-01 13:14:00,2025-02-10 11:51:42.636932071
TX004343,DEV0205,EMP0302,2026-02-19 17:37:00,2026-03-03 10:14:01.094630721
TX004344,DEV0036,EMP0148,2024-09-04 12:59:00,2024-09-05 22:40:18.063178976
TX004345,DEV0031,EMP0234,2025-10-04 10:01:00,2025-10-09 01:28:25.185034047
TX004346,DEV0252,EMP0102,2026-08-06 18:47:00,2026-08-17 09:49:02.277513309
TX004347,DEV0076,EMP0166,2025-09-30 14:22:00,2025-10-05 16:41:17.577816444
TX004348,DEV0196,EMP0048,2025-07-28 16:15:00,2025-08-04 11:04:36.866705919
TX004349,DEV0121,EMP0237,2026-06-13 14:12:00,2026-06-17 01:20:21.060309805
TX004350,DEV0253,EMP0065,2024-10-28 09:49:00,2024-11-01 17:33:19.270668203
TX004351,DEV0255,EMP0330,2026-07-18 10:36:00,2026-07-25 06:20:11.789363605
TX004352,DEV0155,EMP0197,2025-01-11 17:41:00,2025-01-18 12:09:39.203973301
TX004353,DEV0014,EMP0104,2024-09-15 13:48:00,2024-09-22 02:13:27.793999215
TX004354,DEV0235,EMP0229,2026-03-02 18:10:00,2026-03-12 00:44:23.862910240
TX004355,DEV0252,EMP0185,2024-06-10 11:44:00,2024-06-18 04:20:54.477143992
TX004356,DEV0014,EMP0209,2024-08-12 12:55:00,2024-08-22 00:27:00.985934197
TX004357,DEV0187,EMP0394,2025-10-25 09:27:00,2025-11-01 01:14:32.391570679
TX004358,DEV0258,EMP0338,2025-04-20 12:01:00,2025-04-20 14:01:00.000000000
TX004359,DEV0093,EMP0317,2025-10-13 18:31:00,2025-10-18 12:50:45.707422039
TX004360,DEV0003,EMP0281,2025-10-10 08:32:00,2025-10-12 01:51:44.082086335
TX004361,DEV0148,EMP0077,2026-06-26 11:26:00,2026-07-02 00:41:55.893519893
TX004362,DEV0011,EMP0398,2025-07-11 13:35:00,2025-09-07 20:27:30.406674361
TX004363,DEV0084,EMP0069,2025-11-26 17:15:00,2025-12-07 15:24:29.300839487
TX004364,DEV0141,EMP0193,2025-06-10 14:17:00,2025-06-12 19:23:08.592112257
TX004365,DEV0006,EMP0335,2026-01-19 10:37:00,2026-01-23 14:10:57.523350828
TX004366,DEV0251,EMP0263,2025-05-13 11:14:00,2025-05-23 02:23:11.884730454
TX004367,DEV0192,EMP0361,2025-05-12 13:23:00,2025-05-23 06:36:58.307182958
TX004368,DEV0175,EMP0219,2026-01-04 09:27:00,2026-01-28 12:16:47.744136511
TX004369,DEV0036,EMP0254,2024-11-27 13:20:00,2024-11-28 09:15:34.208080142
TX004370,DEV0126,EMP0053,2026-01-03 14:08:00,2026-01-12 12:08:24.458143711
TX004371,DEV0156,EMP0156,2026-05-03 18:18:00,2026-05-09 16:22:22.578318828
TX004372,DEV0230,EMP0155,2025-07-11 18:42:00,2025-07-13 01:06:01.047963488
TX004373,DEV0184,EMP0311,2025-12-29 10:24:00,2026-02-15 15:35:55.716164770
TX004374,DEV0173,EMP0201,2024-08-29 11:19:00,2024-09-05 17:50:33.087142848
TX004375,DEV0160,EMP0239,2025-12-08 16:17:00,2025-12-12 08:33:29.192288154
TX004376,DEV0179,EMP0298,2024-06-24 10:54:00,2024-06-26 02:03:10.871753761
TX004377,DEV0191,EMP0343,2025-07-23 12:07:00,2025-07-26 17:13:03.218144239
TX004378,DEV0174,EMP0407,2024-09-11 15:46:00,2024-09-19 11:08:47.170928746
TX004379,DEV0204,EMP0240,2026-06-02 14:58:00,2026-06-15 00:34:27.104413429
TX004380,DEV0026,EMP0094,2025-06-29 11:33:00,2025-07-05 07:17:54.619619815
TX004381,DEV0153,EMP0023,2025-04-05 17:52:00,2025-04-06 10:02:51.968662122
TX004382,DEV0120,EMP0348,2024-06-06 12:36:00,2024-06-08 06:42:45.066855814
TX004383,DEV0062,EMP0057,2025-06-27 18:40:00,2025-06-29 14:30:27.939003252
TX004384,DEV0255,EMP0288,2024-04-18 16:58:00,2024-04-25 10:22:59.475482717
TX004385,DEV0217,EMP0135,2026-06-03 07:09:00,2026-06-23 22:32:57.972613002
TX004386,DEV0143,EMP0047,2025-08-10 17:21:00,2025-08-16 04:48:36.827079475
TX004387,DEV0033,EMP0229,2024-09-11 08:49:00,2024-09-15 17:40:02.300421163
TX004388,DEV0126,EMP0283,2024-06-12 18:01:00,2024-06-16 22:39:08.115461240
TX004389,DEV0104,EMP0185,2026-01-27 11:23:00,2026-02-01 00:03:41.074347920
TX004390,DEV0257,EMP0384,2024-05-19 14:19:00,2024-06-09 21:04:54.538759962
TX004391,DEV0080,EMP0254,2026-01-23 13:34:00,2026-01-24 08:57:47.659530575
TX004392,DEV0083,EMP0010,2025-12-27 11:39:00,2026-01-16 06:19:19.078090988
TX004393,DEV0016,EMP0131,2026-02-12 11:04:00,2026-02-14 12:37:44.209444884
TX004394,DEV0016,EMP0005,2025-08-14 15:08:00,2025-08-19 00:39:58.024265974
TX004395,DEV0015,EMP0237,2025-06-28 16:14:00,2025-07-01 11:13:13.886796338
TX004396,DEV0132,EMP0039,2025-05-22 15:27:00,2025-05-29 20:09:00.145394724
TX004397,DEV0249,EMP0182,2024-07-03 09:59:00,2024-07-04 18:04:09.015251785
TX004398,DEV0063,EMP0035,2026-01-12 09:05:00,2026-01-18 09:37:48.555382916
TX004399,DEV0226,EMP0372,2025-05-17 18:19:00,2025-05-19 12:40:42.542179077
TX004400,DEV0046,EMP0162,2026-08-26 14:21:00,2026-08-30 00:46:46.117106626
TX004401,DEV0243,EMP0037,2026-07-11 17:30:00,2026-07-27 17:23:37.933272183
TX004402,DEV0172,EMP0272,2026-07-30 12:10:00,2026-08-05 17:51:04.001805921
TX004403,DEV0047,EMP0017,2024-10-21 18:41:00,2024-11-02 22:22:19.106876240
TX004404,DEV0125,EMP0254,2025-10-11 07:38:00,2025-10-18 00:02:11.464184956
TX004405,DEV0232,EMP0253,2026-05-12 16:03:00,2026-07-19 18:26:34.285822543
TX004406,DEV0231,EMP0044,2024-12-14 11:40:00,2024-12-24 12:52:37.879507055
TX004407,DEV0124,EMP0413,2026-05-29 10:24:00,2026-06-27 05:57:13.293406827
TX004408,DEV0123,EMP0374,2025-12-14 09:14:00,2025-12-26 15:04:28.936230489
TX004409,DEV0164,EMP0273,2025-10-23 17:44:00,2025-10-30 10:46:39.147868683
TX004410,DEV0101,EMP0062,2025-04-07 08:24:00,2025-04-12 22:45:44.980926561
TX004411,DEV0034,EMP0256,2024-09-11 16:36:00,2024-09-20 17:43:06.082181001
TX004412,DEV0220,EMP0216,2024-03-16 10:36:00,2024-03-19 23:24:55.281368078
TX004413,DEV0223,EMP0376,2024-06-27 11:03:00,2024-06-28 01:00:22.753728451
TX004414,DEV0072,EMP0020,2025-02-04 14:02:00,2025-02-08 18:02:44.986698223
TX004415,DEV0238,EMP0331,2024-09-03 11:38:00,2024-09-04 10:20:57.173494518
TX004416,DEV0175,EMP0179,2026-01-20 13:52:00,2026-01-27 05:40:27.034744470
TX004417,DEV0012,EMP0044,2025-12-02 08:11:00,2025-12-12 16:53:30.741986742
TX004418,DEV0073,EMP0041,2025-05-25 12:25:00,2025-05-29 12:39:06.742454291
TX004419,DEV0175,EMP0284,2024-05-29 11:00:00,2024-06-09 19:49:59.987276731
TX004420,DEV0136,EMP0106,2026-06-24 13:46:00,2026-06-30 01:45:58.298077123
TX004421,DEV0043,EMP0365,2025-12-09 11:35:00,2025-12-11 15:07:50.760099270
TX004422,DEV0103,EMP0347,2024-04-30 17:24:00,2024-05-03 03:13:26.901676880
TX004423,DEV0235,EMP0335,2026-07-31 16:02:00,2026-08-03 18:53:41.878473899
TX004424,DEV0127,EMP0093,2024-03-17 15:12:00,2024-03-20 07:22:36.963409488
TX004425,DEV0225,EMP0070,2024-01-29 08:41:00,2024-02-16 02:08:45.044051314
TX004426,DEV0025,EMP0179,2026-08-02 17:40:00,2026-08-12 15:28:46.636465253
TX004427,DEV0032,EMP0137,2024-07-11 07:45:00,2024-07-16 06:25:00.331359649
TX004428,DEV0202,EMP0232,2026-02-19 13:24:00,2026-02-20 11:08:34.471581722
TX004429,DEV0037,EMP0041,2025-08-22 08:30:00,2025-08-26 00:51:44.793033421
TX004430,DEV0165,EMP0184,2025-11-13 18:24:00,2025-11-18 09:14:45.613205214
TX004431,DEV0250,EMP0027,2024-04-20 09:34:00,2024-04-21 23:12:31.970737889
TX004432,DEV0146,EMP0293,2024-03-20 16:27:00,2024-03-28 03:08:59.009234405
TX004433,DEV0065,EMP0283,2025-03-17 16:30:00,2025-04-16 22:59:31.728793671
TX004434,DEV0006,EMP0402,2024-03-31 12:13:00,2024-04-18 02:06:54.793283318
TX004435,DEV0111,EMP0330,2026-03-27 10:13:00,2026-03-29 10:13:03.696642287
TX004436,DEV0132,EMP0232,2026-02-27 14:39:00,2026-03-01 03:16:31.420625856
TX004437,DEV0155,EMP0045,2025-08-14 11:35:00,2025-08-21 07:53:30.162894563
TX004438,DEV0041,EMP0106,2025-09-30 17:24:00,2025-10-09 18:20:44.231947257
TX004439,DEV0071,EMP0145,2025-03-23 07:24:00,2025-03-30 12:14:12.696368206
TX004440,DEV0056,EMP0268,2025-10-10 10:26:00,2025-10-13 09:16:40.764682426
TX004441,DEV0131,EMP0348,2024-12-31 07:02:00,2025-01-05 11:01:25.671951031
TX004442,DEV0217,EMP0191,2025-04-13 07:10:00,2025-04-18 08:05:58.474375663
TX004443,DEV0252,EMP0023,2024-12-12 13:12:00,2025-02-02 16:08:20.055772483
TX004444,DEV0014,EMP0164,2026-01-03 18:17:00,2026-01-14 03:57:19.478851672
TX004445,DEV0152,EMP0294,2025-07-08 12:16:00,2025-07-13 06:54:31.195638192
TX004446,DEV0113,EMP0086,2024-12-30 11:58:00,2025-01-09 02:01:24.917449422
TX004447,DEV0161,EMP0383,2026-06-22 12:28:00,2026-07-04 08:37:21.638654117
TX004448,DEV0013,EMP0379,2024-04-19 11:52:00,2024-05-02 03:46:52.630908904
TX004449,DEV0043,EMP0357,2025-12-28 18:58:00,2026-01-04 14:04:12.541898553
TX004450,DEV0054,EMP0039,2026-06-29 12:25:00,2026-07-03 10:11:06.796515771
TX004451,DEV0005,EMP0329,2026-08-05 09:00:00,2026-08-24 01:47:25.869310438
TX004452,DEV0104,EMP0389,2024-12-13 16:41:00,2024-12-17 12:36:36.530140873
TX004453,DEV0104,EMP0155,2026-06-15 14:53:00,2026-07-14 03:09:30.048351439
TX004454,DEV0022,EMP0279,2024-02-16 15:50:00,2024-02-23 12:39:25.360206759
TX004455,DEV0002,EMP0004,2025-05-29 16:35:00,2025-05-31 18:12:17.390455048
TX004456,DEV0093,EMP0154,2025-12-01 18:19:00,2025-12-04 02:28:31.932193273
TX004457,DEV0106,EMP0039,2024-04-08 12:37:00,2024-04-13 05:03:22.000782963
TX004458,DEV0011,EMP0145,2024-07-18 13:42:00,2024-08-31 11:11:51.758169963
TX004459,DEV0173,EMP0082,2026-05-13 07:34:00,2026-05-17 06:57:07.776496883
TX004460,DEV0206,EMP0025,2024-08-02 16:42:00,2024-08-15 23:10:15.406673997
TX004461,DEV0012,EMP0233,2024-09-29 16:07:00,2024-10-03 00:17:32.322587513
TX004462,DEV0089,EMP0176,2026-03-12 10:33:00,2026-03-13 15:08:16.888746133
TX004463,DEV0043,EMP0227,2024-12-29 18:20:00,2025-01-22 23:29:18.219898004
TX004464,DEV0019,EMP0252,2024-02-23 14:53:00,2024-02-24 17:37:34.778736473
TX004465,DEV0141,EMP0205,2024-03-12 09:42:00,2024-03-16 07:36:38.186876277
TX004466,DEV0006,EMP0064,2024-02-24 13:23:00,2024-02-25 03:56:41.737134127
TX004467,DEV0096,EMP0047,2026-02-22 09:47:00,2026-02-25 03:09:54.435602137
TX004468,DEV0057,EMP0179,2024-05-13 11:00:00,2024-05-15 16:09:00.013719970
TX004469,DEV0065,EMP0249,2025-02-20 11:40:00,2025-02-21 20:54:21.400975831
TX004470,DEV0061,EMP0168,2025-10-06 12:53:00,2025-10-10 01:10:43.723774438
TX004471,DEV0066,EMP0050,2025-10-24 09:51:00,2025-10-26 22:58:41.601268344
TX004472,DEV0110,EMP0298,2026-01-18 17:30:00,2026-01-19 14:50:44.916572223
TX004473,DEV0178,EMP0403,2024-04-14 14:01:00,2024-04-15 16:26:02.955982514
TX004474,DEV0117,EMP0271,2025-09-25 18:07:00,2025-10-01 08:31:29.690161359
TX004475,DEV0144,EMP0232,2026-02-28 13:43:00,2026-03-03 17:31:51.526331267
TX004476,DEV0232,EMP0069,2026-05-11 17:52:00,2026-05-12 16:36:19.152254677
TX004477,DEV0206,EMP0144,2024-04-17 14:46:00,2024-04-25 05:56:10.498635554
TX004478,DEV0171,EMP0257,2026-06-10 09:09:00,2026-06-20 02:12:33.347432871
TX004479,DEV0170,EMP0243,2025-07-29 10:05:00,2025-07-30 05:08:51.553474189
TX004480,DEV0098,EMP0304,2024-12-14 08:21:00,2024-12-16 14:53:17.313471979
TX004481,DEV0156,EMP0378,2025-03-06 18:52:00,2025-03-10 00:15:43.939375595
TX004482,DEV0252,EMP0313,2025-11-12 14:36:00,2025-11-20 00:48:14.511998700
TX004483,DEV0111,EMP0011,2025-11-23 14:48:00,2025-12-02 12:47:42.715023136
TX004484,DEV0004,EMP0398,2026-08-02 18:50:00,2026-08-10 01:21:42.783359040
TX004485,DEV0011,EMP0323,2024-05-11 15:53:00,2024-05-16 02:33:00.393416458
TX004486,DEV0106,EMP0148,2025-04-28 11:14:00,2025-05-06 19:17:53.311286651
TX004487,DEV0242,EMP0340,2026-03-07 09:53:00,2026-03-29 02:56:14.782154802
TX004488,DEV0010,EMP0372,2026-01-04 10:14:00,2026-01-06 21:51:56.107932476
TX004489,DEV0004,EMP0069,2026-05-16 12:08:00,2026-05-20 15:22:48.186210558
TX004490,DEV0141,EMP0355,2026-07-25 15:55:00,2026-07-31 04:21:53.240138678
TX004491,DEV0195,EMP0390,2024-06-05 09:03:00,2024-06-17 13:05:07.957590387
TX004492,DEV0187,EMP0142,2024-05-20 12:37:00,2024-05-30 08:56:06.817982204
TX004493,DEV0031,EMP0275,2025-01-29 16:00:00,2025-05-14 23:38:25.777773038
TX004494,DEV0231,EMP0410,2025-09-28 14:06:00,2025-10-05 06:23:18.502199814
TX004495,DEV0243,EMP0221,2026-05-08 15:12:00,2026-05-14 13:20:20.760003312
TX004496,DEV0231,EMP0004,2026-05-01 09:10:00,2026-05-13 19:46:15.686266441
TX004497,DEV0184,EMP0092,2025-09-21 15:16:00,2025-09-24 17:00:22.445815981
TX004498,DEV0114,EMP0271,2026-08-05 16:51:00,2026-08-11 02:45:17.557718733
TX004499,DEV0165,EMP0303,2025-02-04 17:02:00,2025-03-04 05:17:49.980205431
TX004500,DEV0188,EMP0104,2024-04-15 12:18:00,2024-05-07 22:28:20.133573111
TX004501,DEV0233,EMP0376,2026-06-18 08:25:00,2026-06-21 08:32:49.939543776
TX004502,DEV0021,EMP0187,2024-06-12 14:14:00,2024-06-20 20:11:36.027838959
TX004503,DEV0145,EMP0338,2024-03-23 12:28:00,2024-03-26 13:15:05.205089047
TX004504,DEV0051,EMP0028,2025-05-13 12:48:00,2025-05-19 18:53:08.524954237
TX004505,DEV0008,EMP0293,2025-08-11 12:37:00,2025-09-06 13:56:15.205799250
TX004506,DEV0161,EMP0094,2024-10-03 13:02:00,2024-10-06 18:24:18.897165412
TX004507,DEV0226,EMP0125,2025-04-28 18:24:00,2025-05-07 14:55:09.311578697
TX004508,DEV0257,EMP0232,2025-09-12 13:18:00,2025-09-19 14:34:04.875643347
TX004509,DEV0087,EMP0084,2025-10-29 13:37:00,2025-11-07 07:23:13.402783159
TX004510,DEV0098,EMP0391,2024-04-04 09:48:00,2024-04-08 06:38:47.655722154
TX004511,DEV0233,EMP0097,2024-04-04 10:59:00,2024-04-11 07:17:06.130523355
TX004512,DEV0248,EMP0255,2024-11-25 17:21:00,2024-11-26 09:53:42.415160181
TX004513,DEV0166,EMP0169,2025-10-26 07:02:00,2025-11-06 05:55:50.227787453
TX004514,DEV0219,EMP0001,2025-01-19 18:29:00,2025-01-21 07:04:32.024184900
TX004515,DEV0211,EMP0375,2024-05-07 12:47:00,2024-05-08 05:31:35.210243772
TX004516,DEV0087,EMP0117,2025-04-13 10:37:00,2025-04-15 00:35:22.525007112
TX004517,DEV0039,EMP0021,2026-02-13 14:55:00,2026-02-15 06:39:25.170586254
TX004518,DEV0228,EMP0216,2025-09-23 17:27:00,2025-09-25 18:47:00.441406622
TX004519,DEV0221,EMP0037,2026-05-14 17:51:00,2026-05-18 09:41:50.612053750
TX004520,DEV0063,EMP0240,2024-12-15 14:22:00,2024-12-29 14:42:58.628085463
TX004521,DEV0037,EMP0103,2024-12-16 18:20:00,2024-12-23 17:54:36.542061730
TX004522,DEV0203,EMP0099,2025-10-11 13:14:00,2025-10-18 02:26:45.726011871
TX004523,DEV0232,EMP0183,2024-03-30 09:58:00,2024-04-09 04:54:34.113407853
TX004524,DEV0234,EMP0379,2026-03-13 11:01:00,2026-03-22 01:25:29.364091948
TX004525,DEV0003,EMP0117,2026-07-31 17:37:00,2026-08-08 05:38:29.013227794
TX004526,DEV0209,EMP0180,2024-01-28 12:22:00,2024-02-02 15:37:44.584484000
TX004527,DEV0212,EMP0157,2024-07-27 07:51:00,2024-07-30 10:30:40.620275425
TX004528,DEV0251,EMP0291,2025-02-26 15:50:00,2025-03-02 08:26:42.250064624
TX004529,DEV0094,EMP0305,2025-07-30 12:29:00,2025-08-01 23:28:58.677477272
TX004530,DEV0025,EMP0037,2025-03-03 07:00:00,2025-04-15 08:07:43.742555239
TX004531,DEV0098,EMP0214,2024-09-23 10:40:00,2024-09-24 22:24:04.398198035
TX004532,DEV0077,EMP0319,2024-06-29 17:21:00,2024-07-02 17:01:31.878863731
TX004533,DEV0064,EMP0139,2024-08-23 13:53:00,2024-09-14 06:06:46.775075923
TX004534,DEV0172,EMP0286,2025-12-24 12:23:00,2025-12-26 14:29:52.994034766
TX004535,DEV0153,EMP0141,2024-04-02 15:31:00,2024-04-17 06:38:00.002693092
TX004536,DEV0143,EMP0244,2025-09-24 10:15:00,2025-10-02 10:20:31.811294351
TX004537,DEV0241,EMP0255,2024-12-08 14:35:00,2024-12-13 02:59:56.275325509
TX004538,DEV0106,EMP0157,2026-05-05 10:26:00,2026-05-09 11:25:47.302850645
TX004539,DEV0151,EMP0337,2026-08-23 14:58:00,2026-08-25 19:42:19.161871076
TX004540,DEV0233,EMP0283,2024-08-11 08:09:00,2024-08-16 07:59:10.074884587
TX004541,DEV0257,EMP0254,2026-04-10 16:49:00,2026-04-14 04:15:19.638384538
TX004542,DEV0004,EMP0293,2026-02-12 13:39:00,2026-02-21 23:30:58.002535073
TX004543,DEV0216,EMP0094,2024-09-03 18:48:00,2024-09-05 07:10:11.505761293
TX004544,DEV0209,EMP0110,2026-05-27 12:01:00,2026-05-28 16:35:13.311650123
TX004545,DEV0070,EMP0235,2024-06-17 15:29:00,2024-06-18 16:30:51.287771969
TX004546,DEV0258,EMP0344,2025-03-20 13:37:00,2025-03-21 00:00:43.296327079
TX004547,DEV0073,EMP0133,2025-08-23 15:09:00,2025-08-31 21:55:26.567918085
TX004548,DEV0219,EMP0028,2025-05-30 11:46:00,2025-06-03 15:26:44.826034144
TX004549,DEV0002,EMP0314,2025-03-12 11:16:00,2025-03-20 03:45:17.214588068
TX004550,DEV0042,EMP0240,2026-03-15 10:59:00,2026-03-26 04:13:28.733992160
TX004551,DEV0104,EMP0273,2025-09-08 08:40:00,2025-09-22 13:22:34.725287845
TX004552,DEV0054,EMP0211,2024-04-30 17:49:00,2024-05-28 11:53:25.167856434
TX004553,DEV0012,EMP0220,2024-07-07 17:45:00,2024-07-12 23:08:23.339416950
TX004554,DEV0185,EMP0096,2025-03-30 17:55:00,2025-04-13 18:13:07.190915871
TX004555,DEV0026,EMP0178,2025-09-30 18:59:00,2025-10-02 10:06:54.927722103
TX004556,DEV0092,EMP0110,2024-05-21 07:34:00,2024-05-31 02:53:25.492621050
TX004557,DEV0112,EMP0278,2024-06-17 08:38:00,2024-06-23 08:41:58.221899967
TX004558,DEV0097,EMP0110,2024-06-12 16:29:00,2024-06-15 08:26:47.933232359
TX004559,DEV0222,EMP0357,2025-03-25 15:00:00,2025-04-01 16:42:11.075960216
TX004560,DEV0200,EMP0206,2026-05-09 11:19:00,2026-05-10 10:14:10.750899290
TX004561,DEV0109,EMP0359,2026-07-16 15:36:00,2026-07-21 17:35:08.017526211
TX004562,DEV0045,EMP0301,2026-06-07 14:14:00,2026-06-11 06:20:28.160322883
TX004563,DEV0082,EMP0083,2026-01-31 16:15:00,2026-02-02 18:18:42.060691408
TX004564,DEV0174,EMP0013,2025-09-12 10:36:00,2025-10-06 06:10:34.611369130
TX004565,DEV0004,EMP0051,2024-05-03 12:36:00,2024-05-22 14:05:02.672402777
TX004566,DEV0086,EMP0143,2025-03-29 12:57:00,2025-04-04 05:20:31.789051574
TX004567,DEV0067,EMP0405,2024-03-30 08:57:00,2024-03-31 20:06:18.504547120
TX004568,DEV0153,EMP0157,2025-04-04 13:28:00,2025-04-08 04:50:01.140744360
TX004569,DEV0255,EMP0163,2026-07-24 08:57:00,2026-08-04 17:17:37.724721962
TX004570,DEV0160,EMP0061,2026-07-10 15:52:00,2026-07-11 03:58:09.997282209
TX004571,DEV0072,EMP0387,2025-06-23 07:18:00,2025-07-03 09:13:51.205822536
TX004572,DEV0225,EMP0416,2024-10-18 14:37:00,2024-11-06 23:30:05.754644087
TX004573,DEV0175,EMP0305,2025-02-27 08:17:00,2025-03-06 15:09:19.442252024
TX004574,DEV0173,EMP0041,2024-09-30 09:00:00,2024-10-05 22:43:02.286150577
TX004575,DEV0061,EMP0387,2024-11-29 15:29:00,2024-12-16 03:21:01.848301231
TX004576,DEV0046,EMP0081,2026-04-05 12:14:00,2026-04-07 02:57:18.349965358
TX004577,DEV0192,EMP0218,2024-12-04 13:00:00,2024-12-12 05:59:23.642329452
TX004578,DEV0217,EMP0027,2024-08-25 14:22:00,2024-09-01 23:06:59.842510892
TX004579,DEV0112,EMP0293,2025-02-12 14:29:00,2025-02-15 08:08:31.463589744
TX004580,DEV0123,EMP0106,2025-01-07 10:35:00,2025-01-13 19:44:27.271823316
TX004581,DEV0191,EMP0235,2024-04-05 15:45:00,2024-04-12 20:52:29.442668504
TX004582,DEV0060,EMP0122,2026-06-23 07:40:00,2026-06-29 22:20:13.209310304
TX004583,DEV0206,EMP0193,2024-01-22 18:32:00,2024-01-25 01:09:12.657825693
TX004584,DEV0194,EMP0165,2026-05-15 10:42:00,2026-05-20 22:55:02.139065423
TX004585,DEV0171,EMP0233,2026-04-25 18:45:00,2026-05-03 15:10:15.147060090
TX004586,DEV0167,EMP0037,2025-11-13 12:32:00,2025-11-19 18:20:02.749068980
TX004587,DEV0052,EMP0152,2025-02-16 18:08:00,2025-02-26 13:58:17.021800214
TX004588,DEV0202,EMP0382,2024-01-12 10:17:00,2024-01-20 00:51:59.403321800
TX004589,DEV0134,EMP0147,2024-03-29 11:47:00,2024-04-10 23:27:32.430407148
TX004590,DEV0132,EMP0349,2024-12-07 18:34:00,2024-12-11 11:31:49.960624904
TX004591,DEV0092,EMP0039,2025-02-03 15:51:00,2025-02-11 13:29:21.679502585
TX004592,DEV0132,EMP0168,2025-09-10 18:24:00,2025-09-17 04:20:42.905728799
TX004593,DEV0175,EMP0281,2025-10-13 07:56:00,2025-11-03 06:36:02.977355316
TX004594,DEV0135,EMP0006,2024-04-26 18:29:00,2024-05-09 07:19:38.062839060
TX004595,DEV0068,EMP0247,2024-12-25 17:54:00,2024-12-28 16:56:01.520248451
TX004596,DEV0037,EMP0257,2025-01-22 09:27:00,2025-01-25 15:01:29.696479563
TX004597,DEV0243,EMP0209,2025-01-17 12:29:00,2025-01-19 23:21:22.773726077
TX004598,DEV0245,EMP0408,2026-07-17 18:04:00,2026-08-01 23:06:36.027476645
TX004599,DEV0153,EMP0287,2024-09-06 16:07:00,2024-09-17 17:57:27.819347997
TX004600,DEV0022,EMP0271,2025-09-06 11:43:00,2025-09-17 14:37:33.945604061
TX004601,DEV0077,EMP0076,2026-02-25 18:05:00,2026-03-03 22:07:53.453475884
TX004602,DEV0123,EMP0344,2026-03-26 12:16:00,2026-04-11 03:08:22.342796507
TX004603,DEV0092,EMP0150,2026-04-17 15:05:00,2026-04-21 03:16:26.902527640
TX004604,DEV0191,EMP0182,2024-08-19 17:25:00,2024-08-26 22:41:29.085423515
TX004605,DEV0181,EMP0269,2025-04-11 18:58:00,2025-04-24 01:04:20.697289801
TX004606,DEV0152,EMP0198,2025-02-24 14:13:00,2025-03-01 04:56:34.368548081
TX004607,DEV0073,EMP0334,2024-07-30 13:21:00,2024-08-16 03:42:28.029835868
TX004608,DEV0073,EMP0102,2026-08-24 08:38:00,2026-08-30 02:05:25.076977439
TX004609,DEV0131,EMP0402,2024-08-15 07:48:00,2024-08-30 01:19:34.193289663
TX004610,DEV0163,EMP0121,2024-01-08 09:19:00,2024-01-20 14:41:00.380395987
TX004611,DEV0015,EMP0092,2026-07-05 14:13:00,2026-07-08 10:50:26.093693723
TX004612,DEV0165,EMP0095,2025-06-22 07:51:00,2025-06-29 01:12:40.678555361
TX004613,DEV0220,EMP0140,2026-06-18 13:23:00,2026-06-21 10:11:16.786623591
TX004614,DEV0005,EMP0368,2024-08-31 12:10:00,2024-09-09 04:42:25.180613793
TX004615,DEV0052,EMP0273,2026-03-08 14:51:00,2026-03-12 00:53:03.312868998
TX004616,DEV0003,EMP0108,2025-11-22 09:36:00,2025-11-25 05:26:15.506809033
TX004617,DEV0111,EMP0044,2024-02-21 12:52:00,2024-03-20 12:07:18.476192332
TX004618,DEV0131,EMP0380,2024-08-18 12:54:00,2024-08-21 05:58:05.892718528
TX004619,DEV0132,EMP0391,2024-02-26 12:39:00,2024-03-03 18:58:00.381586399
TX004620,DEV0087,EMP0225,2026-06-03 17:04:00,2026-06-15 21:15:46.060384322
TX004621,DEV0191,EMP0408,2026-07-29 15:41:00,2026-08-14 23:55:03.465844006
TX004622,DEV0121,EMP0031,2026-01-17 14:39:00,2026-01-26 01:10:41.344559976
TX004623,DEV0041,EMP0202,2024-11-11 09:33:00,2024-11-19 03:13:39.187876829
TX004624,DEV0022,EMP0355,2025-10-08 09:11:00,2025-10-11 06:28:19.437752533
TX004625,DEV0191,EMP0238,2025-01-13 15:34:00,2025-01-15 21:05:41.219418653
TX004626,DEV0012,EMP0114,2025-12-08 10:33:00,2025-12-10 23:22:13.472027653
TX004627,DEV0011,EMP0187,2026-01-02 08:32:00,2026-01-09 16:19:32.060111921
TX004628,DEV0206,EMP0109,2024-04-06 08:41:00,2024-04-10 17:23:01.305603389
TX004629,DEV0063,EMP0072,2024-01-13 18:12:00,2024-01-19 02:33:57.111420402
TX004630,DEV0204,EMP0105,2026-03-03 13:00:00,2026-03-14 09:43:20.589309183
TX004631,DEV0015,EMP0285,2024-01-27 07:48:00,2024-02-08 13:08:49.081767603
TX004632,DEV0182,EMP0255,2024-01-22 10:53:00,2024-01-29 13:04:19.775326248
TX004633,DEV0015,EMP0374,2025-01-14 15:42:00,2025-02-25 23:29:16.207297169
TX004634,DEV0102,EMP0291,2025-05-20 07:34:00,2025-05-24 13:41:17.167978894
TX004635,DEV0024,EMP0026,2024-08-31 16:39:00,2024-09-07 19:19:44.914508966
TX004636,DEV0091,EMP0131,2024-06-01 12:39:00,2024-06-09 09:53:27.618807486
TX004637,DEV0093,EMP0166,2026-08-22 11:46:00,2026-09-08 16:36:20.223105389
TX004638,DEV0098,EMP0228,2026-07-08 07:44:00,2026-07-09 11:42:41.818373260
TX004639,DEV0040,EMP0038,2024-12-04 15:25:00,2024-12-05 05:06:18.242066516
TX004640,DEV0112,EMP0390,2024-06-13 10:41:00,2024-06-16 19:24:49.732483348
TX004641,DEV0122,EMP0230,2026-04-03 07:06:00,2026-04-24 20:20:15.274315418
TX004642,DEV0012,EMP0267,2025-06-05 13:30:00,2025-06-14 18:57:46.529965216
TX004643,DEV0253,EMP0076,2024-04-20 10:59:00,2024-05-06 20:38:27.807245447
TX004644,DEV0224,EMP0056,2026-06-05 12:43:00,2026-06-08 05:32:45.943030887
TX004645,DEV0260,EMP0274,2024-01-16 17:29:00,2024-01-16 22:32:42.985702005
TX004646,DEV0162,EMP0132,2024-03-13 08:14:00,2024-03-30 14:39:58.691402243
TX004647,DEV0251,EMP0212,2024-04-19 14:51:00,2024-04-29 20:21:37.294468854
TX004648,DEV0200,EMP0224,2025-12-12 14:15:00,2025-12-13 11:12:55.551115457
TX004649,DEV0080,EMP0404,2025-06-03 11:52:00,2025-06-05 10:39:10.590635679
TX004650,DEV0001,EMP0118,2024-11-19 15:50:00,2024-12-04 12:20:07.620742350
TX004651,DEV0036,EMP0075,2024-04-09 09:29:00,2024-04-14 08:05:04.316628255
TX004652,DEV0173,EMP0180,2024-06-13 07:17:00,2024-06-24 19:15:27.376595480
TX004653,DEV0078,EMP0277,2024-02-22 14:10:00,2024-02-25 04:56:35.044516115
TX004654,DEV0159,EMP0032,2025-10-31 09:07:00,2025-11-07 04:07:34.804709557
TX004655,DEV0122,EMP0048,2025-01-31 07:07:00,2025-02-03 01:35:30.483599715
TX004656,DEV0171,EMP0320,2026-05-02 15:52:00,2026-05-06 00:22:54.219882797
TX004657,DEV0184,EMP0033,2026-08-03 13:29:00,2026-08-26 17:05:02.401984054
TX004658,DEV0129,EMP0118,2024-01-03 18:11:00,2024-01-08 09:50:06.099145258
TX004659,DEV0251,EMP0267,2026-05-18 14:59:00,2026-05-21 06:14:12.274226282
TX004660,DEV0065,EMP0018,2026-04-19 13:28:00,2026-05-06 05:46:50.864551441
TX004661,DEV0073,EMP0161,2025-12-29 16:31:00,2026-01-24 03:56:29.474386771
TX004662,DEV0123,EMP0392,2025-10-22 09:27:00,2025-11-03 01:43:46.843563028
TX004663,DEV0221,EMP0050,2026-05-17 09:45:00,2026-05-30 14:20:33.462421650
TX004664,DEV0052,EMP0207,2024-07-27 07:02:00,2024-08-29 17:11:09.832450062
TX004665,DEV0034,EMP0105,2024-03-05 09:32:00,2024-05-29 07:27:27.393790479
TX004666,DEV0037,EMP0229,2024-11-03 12:01:00,2024-11-09 02:29:13.887064330
TX004667,DEV0053,EMP0003,2026-05-27 14:41:00,2026-05-28 05:22:26.974731260
TX004668,DEV0214,EMP0145,2025-04-26 14:08:00,2025-05-18 02:51:50.980611592
TX004669,DEV0153,EMP0304,2026-07-28 17:15:00,2026-08-12 08:58:42.306621952
TX004670,DEV0174,EMP0155,2026-07-27 10:44:00,2026-08-28 18:07:20.347432251
TX004671,DEV0048,EMP0317,2026-06-29 08:42:00,2026-07-01 07:23:28.610798811
TX004672,DEV0206,EMP0219,2025-04-10 14:58:00,2025-04-14 10:38:59.447271141
TX004673,DEV0148,EMP0374,2025-02-26 15:42:00,2025-02-27 07:03:02.580364020
TX004674,DEV0161,EMP0055,2025-06-15 14:47:00,2025-07-20 05:20:55.232802715
TX004675,DEV0086,EMP0196,2025-08-08 10:47:00,2025-08-15 03:03:56.258318557
TX004676,DEV0161,EMP0118,2025-02-23 11:36:00,2025-02-28 15:28:07.603091161
TX004677,DEV0145,EMP0112,2024-04-07 17:31:00,2024-04-27 16:45:31.192098344
TX004678,DEV0255,EMP0228,2025-06-30 18:19:00,2025-07-09 06:34:19.695866394
TX004679,DEV0203,EMP0375,2026-07-06 14:09:00,2026-07-22 22:11:31.192232092
TX004680,DEV0141,EMP0289,2026-06-19 16:26:00,2026-06-25 21:17:11.539157910
TX004681,DEV0243,EMP0346,2026-07-04 18:05:00,2026-07-09 16:03:19.683836158
TX004682,DEV0123,EMP0268,2026-08-02 16:13:00,2026-08-11 17:54:57.440697655
TX004683,DEV0221,EMP0055,2025-11-28 15:36:00,2025-11-29 17:08:02.490678978
TX004684,DEV0138,EMP0085,2024-08-15 17:31:00,2024-08-17 06:21:36.287485840
TX004685,DEV0104,EMP0362,2025-11-10 13:32:00,2025-11-21 00:15:40.693270353
TX004686,DEV0048,EMP0287,2024-04-25 10:31:00,2024-04-29 05:17:34.174852699
TX004687,DEV0132,EMP0372,2025-11-26 10:26:00,2025-12-08 14:22:16.538034185
TX004688,DEV0064,EMP0224,2026-02-24 17:11:00,2026-03-01 15:55:16.095135306
TX004689,DEV0137,EMP0402,2024-12-19 16:01:00,2024-12-26 03:10:54.515997557
TX004690,DEV0032,EMP0196,2024-10-27 17:45:00,2024-12-18 15:59:59.180591184
TX004691,DEV0042,EMP0080,2024-11-06 17:56:00,2024-11-08 20:58:24.832337485
TX004692,DEV0014,EMP0174,2024-03-15 07:09:00,2024-03-24 08:10:18.920142648
TX004693,DEV0111,EMP0331,2026-02-01 13:19:00,2026-02-16 17:04:38.940208682
TX004694,DEV0122,EMP0181,2026-08-09 08:51:00,2026-08-19 23:58:14.134396627
TX004695,DEV0233,EMP0095,2025-07-28 09:22:00,2025-08-12 00:25:30.156005614
TX004696,DEV0204,EMP0280,2026-08-15 10:23:00,2026-08-28 23:22:38.923198491
TX004697,DEV0171,EMP0252,2024-10-31 10:29:00,2024-12-11 02:57:18.434926728
TX004698,DEV0208,EMP0001,2024-09-27 07:00:00,2024-10-02 12:35:15.499017534
TX004699,DEV0106,EMP0160,2025-07-10 09:44:00,2025-07-14 21:43:35.713475418
TX004700,DEV0024,EMP0084,2025-02-13 14:53:00,2025-02-26 23:58:43.748265941
TX004701,DEV0233,EMP0359,2024-02-27 08:52:00,2024-03-12 21:56:36.571676072
TX004702,DEV0201,EMP0019,2026-06-18 09:57:00,2026-06-22 20:56:03.841673870
TX004703,DEV0026,EMP0276,2024-07-29 07:39:00,2024-08-02 09:00:22.214556433
TX004704,DEV0022,EMP0260,2024-08-17 11:02:00,2024-08-21 17:58:31.490245461
TX004705,DEV0207,EMP0401,2025-01-29 11:42:00,2025-02-13 10:13:33.209468600
TX004706,DEV0218,EMP0094,2025-11-13 12:10:00,2025-11-17 15:17:41.055078189
TX004707,DEV0059,EMP0375,2026-01-06 07:23:00,2026-01-09 09:11:48.589552694
TX004708,DEV0062,EMP0276,2025-04-05 12:50:00,2025-04-11 01:45:16.761138945
TX004709,DEV0057,EMP0108,2026-04-10 09:30:00,2026-04-16 23:10:02.627045877
TX004710,DEV0153,EMP0001,2025-09-02 15:28:00,2025-09-14 12:45:04.404087068
TX004711,DEV0071,EMP0342,2025-12-06 08:56:00,2025-12-10 07:26:49.878693360
TX004712,DEV0194,EMP0402,2026-06-06 16:58:00,2026-06-24 22:45:34.695463016
TX004713,DEV0161,EMP0130,2024-08-05 09:14:00,2024-08-08 00:35:43.169573234
TX004714,DEV0067,EMP0062,2026-05-05 11:27:00,2026-05-10 03:41:40.936096487
TX004715,DEV0213,EMP0297,2024-02-08 12:24:00,2024-02-09 07:10:29.941100974
TX004716,DEV0214,EMP0309,2024-09-23 13:06:00,2024-09-26 00:20:51.391069711
TX004717,DEV0055,EMP0164,2026-02-04 15:35:00,2026-02-20 06:20:41.508608547
TX004718,DEV0185,EMP0007,2024-09-12 18:15:00,2024-09-21 10:53:51.542364540
TX004719,DEV0081,EMP0342,2025-01-01 17:58:00,2025-01-14 13:56:15.892172651
TX004720,DEV0185,EMP0374,2026-05-10 14:59:00,2026-06-07 09:47:09.106061495
TX004721,DEV0202,EMP0111,2025-09-30 10:21:00,2025-10-08 22:03:29.060339611
TX004722,DEV0064,EMP0377,2024-12-06 10:04:00,2025-01-07 03:37:14.774068212
TX004723,DEV0181,EMP0243,2025-06-08 12:23:00,2025-06-14 01:22:44.765273308
TX004724,DEV0171,EMP0343,2026-02-14 14:43:00,2026-02-25 17:34:45.079717218
TX004725,DEV0211,EMP0275,2025-09-28 17:58:00,2025-10-05 14:17:08.580275736
TX004726,DEV0224,EMP0064,2026-04-11 11:12:00,2026-04-14 09:45:59.008846017
TX004727,DEV0020,EMP0078,2024-09-05 17:05:00,2024-09-07 03:28:22.285779338
TX004728,DEV0120,EMP0392,2026-02-11 18:33:00,2026-02-13 22:33:41.521132270
TX004729,DEV0165,EMP0294,2026-02-20 08:27:00,2026-02-27 20:56:31.678667243
TX004730,DEV0110,EMP0227,2026-04-05 12:37:00,2026-04-06 17:20:56.891651037
TX004731,DEV0038,EMP0293,2024-08-16 07:42:00,2024-08-18 17:59:08.598460303
TX004732,DEV0101,EMP0145,2026-05-13 13:55:00,2026-05-18 18:49:30.125081864
TX004733,DEV0212,EMP0179,2024-04-30 11:20:00,2024-05-03 17:42:41.091067320
TX004734,DEV0069,EMP0325,2024-08-12 17:27:00,2024-08-14 06:30:27.538484496
TX004735,DEV0161,EMP0090,2026-08-30 17:10:00,2026-09-05 10:47:56.972021262
TX004736,DEV0226,EMP0132,2026-07-21 09:21:00,2026-07-22 09:28:43.605948827
TX004737,DEV0005,EMP0406,2025-04-28 09:09:00,2025-05-06 03:40:37.235848872
TX004738,DEV0202,EMP0218,2026-03-19 15:10:00,2026-04-02 12:58:56.054981534
TX004739,DEV0173,EMP0094,2024-10-07 13:01:00,2024-10-17 03:41:37.749523217
TX004740,DEV0112,EMP0041,2024-09-13 13:07:00,2024-09-24 13:44:27.042774665
TX004741,DEV0046,EMP0295,2024-01-18 16:13:00,2024-01-19 16:13:14.853069826
TX004742,DEV0141,EMP0388,2024-04-24 15:37:00,2024-04-30 10:16:25.825151244
TX004743,DEV0254,EMP0349,2025-07-15 07:22:00,2025-08-01 04:36:56.713408742
TX004744,DEV0006,EMP0289,2024-08-28 12:59:00,2024-09-03 20:23:48.260560103
TX004745,DEV0204,EMP0386,2024-01-03 15:54:00,2024-01-27 07:53:37.346789386
TX004746,DEV0085,EMP0067,2025-07-11 18:43:00,2025-07-31 14:37:41.899042948
TX004747,DEV0216,EMP0412,2026-03-25 12:07:00,2026-04-05 12:38:59.788722164
TX004748,DEV0062,EMP0027,2026-06-25 14:37:00,2026-07-04 13:00:57.461135397
TX004749,DEV0023,EMP0400,2024-03-26 12:34:00,2024-04-03 02:31:08.194006477
TX004750,DEV0010,EMP0316,2024-12-10 11:39:00,2024-12-11 04:36:51.424182642
TX004751,DEV0121,EMP0280,2024-02-29 11:16:00,2024-03-05 04:28:08.013938249
TX004752,DEV0063,EMP0370,2024-04-20 09:45:00,2024-04-24 11:29:11.712836485
TX004753,DEV0212,EMP0228,2024-05-06 17:09:00,2024-05-12 02:29:16.375604568
TX004754,DEV0211,EMP0380,2024-12-05 16:31:00,2024-12-14 05:59:52.680018457
TX004755,DEV0091,EMP0188,2024-03-24 07:55:00,2024-03-29 09:20:30.020103973
TX004756,DEV0081,EMP0113,2024-03-26 10:20:00,2024-04-07 01:25:25.007546394
TX004757,DEV0017,EMP0291,2025-11-12 08:44:00,2025-11-18 14:03:00.477808584
TX004758,DEV0016,EMP0184,2024-11-21 16:43:00,2024-11-27 01:44:20.314400089
TX004759,DEV0107,EMP0274,2025-01-06 18:23:00,2025-01-17 07:06:47.759718602
TX004760,DEV0074,EMP0184,2024-05-05 15:36:00,2024-05-22 10:46:25.545578630
TX004761,DEV0090,EMP0081,2024-06-24 09:05:00,2024-06-26 07:04:13.722747968
TX004762,DEV0094,EMP0001,2024-10-12 16:55:00,2024-11-10 19:31:20.542365664
TX004763,DEV0129,EMP0294,2025-04-27 08:27:00,2025-04-29 14:52:54.053920665
TX004764,DEV0091,EMP0349,2025-07-19 14:52:00,2025-08-08 19:38:07.192187680
TX004765,DEV0007,EMP0245,2025-09-24 11:12:00,2025-09-27 00:13:30.268058392
TX004766,DEV0051,EMP0219,2024-07-23 10:54:00,2024-07-26 05:18:59.089381745
TX004767,DEV0151,EMP0364,2024-06-21 17:48:00,2024-06-25 17:54:25.412937825
TX004768,DEV0121,EMP0296,2025-06-01 08:49:00,2025-06-09 01:21:33.116869296
TX004769,DEV0222,EMP0105,2026-05-30 13:37:00,2026-06-15 16:40:33.013054977
TX004770,DEV0002,EMP0379,2024-09-24 14:33:00,2024-10-01 04:38:48.987589905
TX004771,DEV0222,EMP0378,2026-02-17 18:46:00,2026-03-05 11:24:49.852984113
TX004772,DEV0203,EMP0274,2025-07-24 17:49:00,2025-07-28 02:35:03.552398432
TX004773,DEV0144,EMP0329,2025-09-01 07:28:00,2025-09-03 00:23:45.536855097
TX004774,DEV0084,EMP0120,2025-04-17 17:51:00,2025-05-18 04:55:45.546345375
TX004775,DEV0194,EMP0071,2024-12-03 14:51:00,2024-12-15 01:31:51.594927387
TX004776,DEV0032,EMP0268,2025-08-08 14:41:00,2025-08-13 08:46:42.258183921
TX004777,DEV0021,EMP0110,2026-04-20 07:59:00,2026-04-25 13:05:21.020950242
TX004778,DEV0071,EMP0128,2026-07-26 10:03:00,2026-07-27 21:27:18.327372361
TX004779,DEV0169,EMP0238,2025-12-09 08:21:00,2025-12-12 00:02:11.838675951
TX004780,DEV0200,EMP0049,2025-05-30 09:35:00,2025-05-31 14:35:20.988740379
TX004781,DEV0126,EMP0121,2025-02-20 08:44:00,2025-02-24 08:14:34.764203064
TX004782,DEV0123,EMP0266,2024-07-23 18:41:00,2024-08-12 16:34:32.464154140
TX004783,DEV0096,EMP0355,2025-11-13 15:39:00,2025-11-18 06:55:49.350940189
TX004784,DEV0052,EMP0230,2025-03-01 12:52:00,2025-03-03 10:07:22.943223695
TX004785,DEV0149,EMP0392,2026-06-11 11:01:00,2026-06-14 02:23:08.117498465
TX004786,DEV0097,EMP0099,2024-10-26 16:00:00,2024-10-30 04:37:21.379933153
TX004787,DEV0072,EMP0350,2026-04-27 10:17:00,2026-05-09 05:09:41.534677684
TX004788,DEV0204,EMP0409,2025-06-05 13:00:00,2025-06-18 05:56:51.097262700
TX004789,DEV0093,EMP0394,2025-05-16 09:24:00,2025-05-28 07:58:45.959682147
TX004790,DEV0219,EMP0017,2024-11-22 07:23:00,2024-11-25 05:36:27.914676968
TX004791,DEV0170,EMP0368,2025-11-05 18:16:00,2025-11-08 08:31:49.064062550
TX004792,DEV0192,EMP0114,2024-12-28 12:25:00,2025-01-02 01:55:26.024030186
TX004793,DEV0145,EMP0075,2024-11-08 10:17:00,2024-11-20 07:01:52.735493889
TX004794,DEV0101,EMP0219,2024-12-08 15:11:00,2024-12-27 13:47:12.779009134
TX004795,DEV0073,EMP0392,2026-05-31 08:31:00,2026-06-07 19:57:49.685289142
TX004796,DEV0225,EMP0013,2024-08-07 13:18:00,2024-08-31 00:28:16.234792322
TX004797,DEV0174,EMP0339,2024-04-21 10:10:00,2024-04-30 09:35:18.658270225
TX004798,DEV0181,EMP0351,2024-07-21 15:04:00,2024-07-27 20:23:09.906035346
TX004799,DEV0173,EMP0013,2026-04-29 10:30:00,2026-05-05 11:20:10.620880890
TX004800,DEV0014,EMP0161,2025-05-01 11:24:00,2025-05-09 18:22:17.575227462
TX004801,DEV0019,EMP0302,2025-11-22 18:04:00,2025-11-25 09:28:24.504867537
TX004802,DEV0193,EMP0279,2025-01-10 18:12:00,2025-01-14 13:47:18.471925936
TX004803,DEV0122,EMP0037,2024-07-15 10:28:00,2024-07-16 13:55:57.972937247
TX004804,DEV0173,EMP0043,2026-05-20 16:33:00,2026-05-23 09:56:51.305361150
TX004805,DEV0194,EMP0134,2026-05-28 16:28:00,2026-06-16 19:25:52.017774580
TX004806,DEV0046,EMP0109,2025-06-27 14:00:00,2025-06-30 21:18:56.903249732
TX004807,DEV0042,EMP0403,2025-07-13 09:39:00,2025-07-19 05:39:37.261430859
TX004808,DEV0259,EMP0145,2026-05-15 07:22:00,2026-05-17 12:04:45.021946922
TX004809,DEV0213,EMP0268,2026-05-24 07:58:00,2026-05-25 16:18:20.819220714
TX004810,DEV0039,EMP0407,2024-07-14 16:03:00,2024-07-17 23:23:49.771777154
TX004811,DEV0241,EMP0351,2024-05-28 07:01:00,2024-06-26 05:31:29.798716830
TX004812,DEV0212,EMP0092,2024-09-21 16:39:00,2024-10-28 21:03:52.347174683
TX004813,DEV0056,EMP0121,2026-03-29 10:42:00,2026-04-06 08:03:31.683335075
TX004814,DEV0061,EMP0273,2024-10-04 10:53:00,2024-10-08 11:31:58.487620298
TX004815,DEV0254,EMP0098,2025-10-10 18:04:00,2025-10-21 06:10:37.339312118
TX004816,DEV0133,EMP0168,2025-12-17 11:41:00,2025-12-30 11:54:40.599813665
TX004817,DEV0201,EMP0300,2024-04-20 09:24:00,2024-04-26 12:08:02.227208082
TX004818,DEV0143,EMP0306,2025-01-10 18:32:00,2025-01-27 13:44:22.855203566
TX004819,DEV0221,EMP0211,2025-12-21 09:10:00,2026-01-03 07:32:04.707156642
TX004820,DEV0256,EMP0328,2024-10-13 07:16:00,2024-10-18 21:29:59.109157532
TX004821,DEV0203,EMP0231,2024-02-17 12:10:00,2024-02-25 20:51:18.702293233
TX004822,DEV0241,EMP0399,2025-10-08 16:54:00,2025-10-16 18:46:08.566238574
TX004823,DEV0121,EMP0406,2025-07-29 11:06:00,2025-08-13 17:11:37.401245323
TX004824,DEV0161,EMP0202,2025-04-29 15:14:00,2025-05-15 08:37:24.401215410
TX004825,DEV0031,EMP0155,2024-02-24 13:29:00,2024-03-09 00:43:41.747768105
TX004826,DEV0003,EMP0395,2026-07-05 17:12:00,2026-07-09 19:38:22.087904331
TX004827,DEV0043,EMP0017,2024-04-19 18:31:00,2024-04-29 02:04:52.939529360
TX004828,DEV0112,EMP0053,2025-02-21 12:13:00,2025-03-05 13:47:44.752748387
TX004829,DEV0013,EMP0140,2025-01-19 07:26:00,2025-01-29 03:38:05.363387053
TX004830,DEV0102,EMP0192,2026-08-21 14:02:00,2026-08-29 04:51:21.253251548
TX004831,DEV0046,EMP0324,2026-05-01 09:31:00,2026-05-02 07:15:41.127233674
TX004832,DEV0066,EMP0381,2026-01-11 18:23:00,2026-01-22 05:37:59.484896551
TX004833,DEV0032,EMP0067,2025-06-25 16:41:00,2025-06-30 00:33:16.670788738
TX004834,DEV0179,EMP0024,2024-02-22 09:32:00,2024-03-01 22:07:44.556637074
TX004835,DEV0105,EMP0418,2025-04-19 17:58:00,2025-04-25 07:19:29.481759531
TX004836,DEV0114,EMP0360,2025-02-07 14:32:00,2025-02-23 05:09:24.543240881
TX004837,DEV0201,EMP0267,2024-12-05 07:00:00,2024-12-19 17:57:22.987888101
TX004838,DEV0025,EMP0264,2026-07-24 15:39:00,2026-07-27 01:26:48.110301441
TX004839,DEV0228,EMP0372,2024-09-12 16:41:00,2024-09-15 00:11:44.939961021
TX004840,DEV0222,EMP0117,2025-05-05 08:15:00,2025-05-11 22:58:42.214164457
TX004841,DEV0006,EMP0218,2024-04-12 15:50:00,2024-04-16 16:17:08.247865742
TX004842,DEV0242,EMP0297,2025-05-01 16:27:00,2025-05-14 14:51:03.102209153
TX004843,DEV0115,EMP0001,2026-08-07 09:10:00,2026-08-23 13:10:44.713336294
TX004844,DEV0256,EMP0212,2025-06-28 14:21:00,2025-07-03 15:10:44.621201543
TX004845,DEV0102,EMP0233,2024-10-05 17:38:00,2024-10-16 15:05:57.261302792
TX004846,DEV0183,EMP0396,2024-12-26 10:29:00,2024-12-27 10:50:15.445574435
TX004847,DEV0075,EMP0267,2025-04-20 09:45:00,2025-04-28 20:46:16.557668995
TX004848,DEV0115,EMP0187,2025-08-09 10:32:00,2025-08-17 08:03:03.539497735
TX004849,DEV0153,EMP0281,2025-08-03 11:47:00,2025-08-07 23:36:01.466312679
TX004850,DEV0185,EMP0104,2025-07-24 14:19:00,2025-08-02 00:16:01.844651542
TX004851,DEV0079,EMP0108,2025-11-22 08:55:00,2025-11-29 05:22:55.161682138
TX004852,DEV0102,EMP0217,2025-10-30 13:03:00,2025-11-06 16:59:29.195947970
TX004853,DEV0044,EMP0365,2024-03-27 09:13:00,2024-04-06 08:40:08.332254855
TX004854,DEV0166,EMP0250,2025-11-06 18:07:00,2025-11-16 03:19:29.020395294
TX004855,DEV0211,EMP0301,2024-12-14 11:34:00,2024-12-21 04:02:17.711215532
TX004856,DEV0121,EMP0130,2024-05-09 09:38:00,2024-05-13 10:53:47.984006922
TX004857,DEV0065,EMP0291,2026-04-30 12:43:00,2026-05-11 19:04:10.274649561
TX004858,DEV0106,EMP0404,2026-03-18 08:50:00,2026-03-21 00:52:54.191832743
TX004859,DEV0170,EMP0117,2025-10-13 16:39:00,2025-10-14 13:08:17.815764597
TX004860,DEV0015,EMP0030,2024-05-24 16:37:00,2024-06-04 14:34:37.524864464
TX004861,DEV0211,EMP0101,2025-08-04 08:18:00,2025-08-06 21:17:05.619838712
TX004862,DEV0162,EMP0111,2024-09-11 15:12:00,2024-09-19 09:40:32.185308493
TX004863,DEV0036,EMP0108,2025-10-20 16:52:00,2025-10-21 14:59:56.109959069
TX004864,DEV0113,EMP0251,2024-06-25 07:22:00,2024-07-03 09:08:01.654633735
TX004865,DEV0058,EMP0269,2026-04-23 14:56:00,2026-04-26 15:26:03.103115261
TX004866,DEV0032,EMP0364,2026-05-23 09:12:00,2026-05-27 00:32:00.462967010
TX004867,DEV0194,EMP0317,2025-12-22 15:25:00,2026-01-06 22:23:14.544540086
TX004868,DEV0130,EMP0128,2025-05-09 14:41:00,2025-05-10 13:23:53.543025533
TX004869,DEV0187,EMP0027,2025-01-13 08:50:00,2025-01-15 21:43:30.715638682
TX004870,DEV0224,EMP0093,2024-05-01 11:29:00,2024-05-16 07:35:12.600999792
TX004871,DEV0091,EMP0416,2024-04-20 07:33:00,2024-04-27 02:48:26.843607932
TX004872,DEV0163,EMP0230,2024-10-06 18:15:00,2024-10-20 10:11:08.732476424
TX004873,DEV0194,EMP0252,2024-06-19 08:56:00,2024-07-11 21:22:00.378540002
TX004874,DEV0073,EMP0377,2025-07-08 11:57:00,2025-07-13 00:18:55.233369522
TX004875,DEV0087,EMP0106,2024-11-05 18:44:00,2024-11-12 23:21:09.831623807
TX004876,DEV0025,EMP0181,2024-08-09 15:05:00,2024-08-25 06:34:16.025620767
TX004877,DEV0115,EMP0066,2025-10-28 11:38:00,2025-11-06 17:25:38.729256013
TX004878,DEV0184,EMP0140,2026-06-03 18:57:00,2026-07-09 13:59:01.758805767
TX004879,DEV0099,EMP0359,2024-04-04 11:33:00,2024-04-10 05:49:51.372764083
TX004880,DEV0102,EMP0356,2026-07-14 08:45:00,2026-07-18 06:32:18.425213093
TX004881,DEV0008,EMP0399,2026-04-01 13:01:00,2026-04-04 17:36:47.768854315
TX004882,DEV0233,EMP0282,2025-10-11 16:43:00,2025-10-22 10:49:31.148641254
TX004883,DEV0236,EMP0276,2026-01-28 17:22:00,2026-02-11 05:21:28.485026880
TX004884,DEV0173,EMP0400,2026-04-15 07:57:00,2026-04-17 22:52:48.706189936
TX004885,DEV0055,EMP0378,2026-02-15 07:15:00,2026-03-19 13:11:33.671160945
TX004886,DEV0132,EMP0257,2025-07-25 12:10:00,2025-07-31 09:34:07.077399322
TX004887,DEV0220,EMP0023,2025-04-11 08:16:00,2025-04-12 10:07:38.637438736
TX004888,DEV0086,EMP0339,2024-08-16 15:26:00,2024-08-31 02:33:24.274598061
TX004889,DEV0152,EMP0011,2024-12-23 14:54:00,2024-12-29 01:03:54.966335869
TX004890,DEV0095,EMP0202,2025-12-20 17:10:00,2026-01-21 04:44:13.424250311
TX004891,DEV0110,EMP0253,2025-11-25 08:04:00,2025-11-26 11:26:06.342736852
TX004892,DEV0041,EMP0077,2024-04-05 12:37:00,2024-04-14 18:43:14.991332350
TX004893,DEV0014,EMP0192,2024-07-11 09:14:00,2024-07-24 22:06:01.813377962
TX004894,DEV0212,EMP0207,2024-06-08 09:54:00,2024-06-12 21:09:13.003334549
TX004895,DEV0183,EMP0089,2024-12-13 07:33:00,2024-12-14 16:23:15.803377155
TX004896,DEV0152,EMP0324,2025-01-07 16:39:00,2025-01-11 04:03:31.809590630
TX004897,DEV0041,EMP0225,2026-07-21 11:32:00,2026-07-28 09:02:21.822136205
TX004898,DEV0014,EMP0127,2026-04-22 11:42:00,2026-05-02 05:29:26.531095423
TX004899,DEV0001,EMP0215,2025-02-20 15:08:00,2025-03-06 13:12:55.556210684
TX004900,DEV0254,EMP0370,2024-11-20 13:24:00,2024-12-04 21:19:56.713123368
TX004901,DEV0032,EMP0402,2026-05-08 11:11:00,2026-05-28 16:28:14.872714456
TX004902,DEV0017,EMP0032,2026-07-27 07:17:00,2026-07-28 03:01:37.354759518
TX004903,DEV0091,EMP0327,2025-08-02 12:04:00,2025-08-16 14:22:34.555244081
TX004904,DEV0143,EMP0032,2025-12-10 07:21:00,2025-12-17 18:01:05.338871196
TX004905,DEV0012,EMP0129,2025-07-19 07:10:00,2025-07-23 22:41:40.956866550
TX004906,DEV0073,EMP0050,2025-03-03 14:41:00,2025-03-17 16:07:51.596968173
TX004907,DEV0014,EMP0366,2026-04-18 10:43:00,2026-05-12 20:01:33.235841695
TX004908,DEV0088,EMP0317,2025-08-03 07:13:00,2025-08-03 18:25:15.457305088
TX004909,DEV0032,EMP0377,2025-08-23 08:51:00,2025-08-31 11:18:24.072998512
TX004910,DEV0123,EMP0051,2026-03-05 10:41:00,2026-03-12 00:52:06.566526947
TX004911,DEV0160,EMP0256,2024-03-08 11:51:00,2024-03-10 15:32:43.288538599
TX004912,DEV0002,EMP0377,2024-03-27 17:01:00,2024-04-02 22:57:49.021798352
TX004913,DEV0055,EMP0193,2024-11-28 14:17:00,2024-12-09 14:04:50.836559314
TX004914,DEV0185,EMP0316,2024-11-17 14:11:00,2024-11-23 19:25:40.489532490
TX004915,DEV0011,EMP0216,2025-11-25 12:17:00,2025-11-27 09:46:33.603583088
TX004916,DEV0091,EMP0101,2025-06-06 07:58:00,2025-06-23 02:36:56.329009551
TX004917,DEV0073,EMP0195,2026-06-22 09:32:00,2026-07-04 06:14:32.654639045
TX004918,DEV0041,EMP0085,2025-12-17 14:14:00,2025-12-30 14:24:39.816374126
TX004919,DEV0074,EMP0015,2024-02-09 16:23:00,2024-02-13 00:36:26.875698844
TX004920,DEV0021,EMP0362,2024-08-26 08:16:00,2024-08-27 13:24:01.555303725
TX004921,DEV0041,EMP0012,2024-01-01 12:36:00,2024-01-17 19:59:01.808533469
TX004922,DEV0011,EMP0229,2025-02-11 10:58:00,2025-02-18 21:44:30.315111795
TX004923,DEV0066,EMP0282,2026-01-28 07:00:00,2026-02-07 03:00:57.563409343
TX004924,DEV0002,EMP0081,2025-08-08 11:00:00,2025-08-12 01:32:27.676586146
TX004925,DEV0051,EMP0335,2026-08-29 18:15:00,2026-09-10 03:11:52.684369544
TX004926,DEV0103,EMP0022,2025-11-08 13:37:00,2025-11-10 15:42:25.445386065
TX004927,DEV0057,EMP0374,2025-09-05 18:11:00,2025-09-07 04:52:50.041239900
TX004928,DEV0176,EMP0031,2026-05-12 12:41:00,2026-05-21 09:11:22.070618102
TX004929,DEV0234,EMP0103,2025-09-09 13:35:00,2025-09-19 09:12:47.422641070
TX004930,DEV0013,EMP0241,2024-01-22 12:37:00,2024-01-28 17:45:00.341088515
TX004931,DEV0053,EMP0151,2025-11-13 07:47:00,2025-11-14 23:39:18.111362677
TX004932,DEV0118,EMP0270,2025-08-30 07:51:00,2025-09-02 21:22:42.019603289
TX004933,DEV0145,EMP0332,2024-05-17 08:39:00,2024-05-27 14:57:40.762105624
TX004934,DEV0182,EMP0064,2026-06-03 15:00:00,2026-06-07 18:20:23.459837106
TX004935,DEV0082,EMP0282,2025-09-26 07:52:00,2025-11-15 05:32:17.348227322
TX004936,DEV0207,EMP0101,2025-05-06 16:59:00,2025-05-07 08:15:43.988118266
TX004937,DEV0214,EMP0211,2025-10-29 14:11:00,2025-11-04 17:44:30.673136709
TX004938,DEV0103,EMP0004,2025-06-15 07:01:00,2025-06-16 05:43:35.376990559
TX004939,DEV0096,EMP0127,2024-03-14 09:02:00,2024-03-22 09:19:41.311577066
TX004940,DEV0236,EMP0335,2025-06-20 16:36:00,2025-06-26 02:09:34.257073935
TX004941,DEV0230,EMP0169,2025-03-08 12:12:00,2025-03-12 03:38:16.700567625
TX004942,DEV0182,EMP0314,2024-10-22 12:10:00,2024-10-27 13:19:57.079719043
TX004943,DEV0212,EMP0239,2024-04-16 11:13:00,2024-04-18 04:04:42.557420904
TX004944,DEV0023,EMP0022,2024-11-28 17:40:00,2024-11-29 22:37:27.893303088
TX004945,DEV0095,EMP0131,2025-01-22 18:04:00,2025-02-04 15:36:30.848019473
TX004946,DEV0165,EMP0277,2025-09-11 13:31:00,2025-11-13 05:21:11.903244939
TX004947,DEV0055,EMP0213,2026-08-08 12:58:00,2026-08-17 00:25:36.531431638
TX004948,DEV0154,EMP0247,2025-09-22 11:13:00,2025-09-28 07:35:40.833344884
TX004949,DEV0235,EMP0191,2025-01-08 12:29:00,2025-02-01 03:06:25.410577199
TX004950,DEV0006,EMP0177,2025-02-09 07:28:00,2025-02-14 06:53:21.325129960
TX004951,DEV0121,EMP0401,2026-02-14 17:28:00,2026-03-24 15:35:17.818130908
TX004952,DEV0070,EMP0340,2024-12-04 14:06:00,2024-12-05 18:21:04.681438881
TX004953,DEV0222,EMP0234,2024-10-06 17:18:00,2024-10-31 21:31:56.151862444
TX004954,DEV0158,EMP0338,2024-06-25 09:57:00,2024-06-26 06:36:34.964170529
TX004955,DEV0150,EMP0116,2025-06-11 15:15:00,2025-06-14 23:46:58.848604590
TX004956,DEV0007,EMP0299,2025-10-26 07:27:00,2025-10-27 19:58:14.111221943
TX004957,DEV0251,EMP0201,2026-04-21 12:19:00,2026-05-08 20:29:09.063210794
TX004958,DEV0119,EMP0185,2025-03-23 18:30:00,2025-03-24 07:24:30.494366417
TX004959,DEV0043,EMP0062,2024-12-14 09:04:00,2024-12-18 05:00:44.068328894
TX004960,DEV0054,EMP0234,2025-02-19 07:17:00,2025-03-05 02:18:20.051559744
TX004961,DEV0104,EMP0012,2025-10-27 17:52:00,2025-10-30 03:57:18.500679570
TX004962,DEV0191,EMP0238,2024-03-22 13:43:00,2024-03-26 07:03:46.638318715
TX004963,DEV0042,EMP0316,2025-12-20 18:38:00,2026-01-03 17:49:26.925000225
TX004964,DEV0201,EMP0223,2025-12-30 15:31:00,2026-01-27 12:12:19.727300392
TX004965,DEV0032,EMP0232,2024-10-09 15:39:00,2024-10-15 18:13:48.235862312
TX004966,DEV0176,EMP0192,2025-05-28 15:12:00,2025-05-30 17:12:59.424630458
TX004967,DEV0074,EMP0223,2025-06-06 13:09:00,2025-06-25 22:52:18.637285424
TX004968,DEV0163,EMP0081,2024-06-29 07:59:00,2024-07-01 09:15:56.696561544
TX004969,DEV0143,EMP0145,2025-01-24 16:11:00,2025-02-03 11:03:17.054583683
TX004970,DEV0071,EMP0179,2025-04-02 11:58:00,2025-04-17 19:30:34.557219921
TX004971,DEV0244,EMP0395,2026-02-15 13:27:00,2026-03-05 22:45:04.295282051
TX004972,DEV0068,EMP0091,2024-11-16 10:03:00,2024-11-17 20:01:28.916347354
TX004973,DEV0157,EMP0274,2024-09-26 18:28:00,2024-10-11 18:28:42.147961956
TX004974,DEV0021,EMP0401,2026-03-09 08:51:00,2026-03-26 19:32:19.943841705
TX004975,DEV0017,EMP0293,2024-03-13 12:11:00,2024-03-15 20:18:24.118958310
TX004976,DEV0141,EMP0327,2026-08-30 17:00:00,2026-09-03 10:58:07.394736408
TX004977,DEV0130,EMP0401,2025-02-13 07:35:00,2025-02-14 18:48:50.183940813
TX004978,DEV0116,EMP0408,2024-02-02 09:47:00,2024-02-06 13:24:36.539366779
TX004979,DEV0113,EMP0063,2026-03-15 07:59:00,2026-04-04 09:16:43.586647360
TX004980,DEV0008,EMP0067,2025-06-14 12:51:00,2025-06-16 18:36:34.025946501
TX004981,DEV0238,EMP0340,2026-02-09 08:23:00,2026-02-11 16:53:26.502120218
TX004982,DEV0033,EMP0142,2026-06-27 18:45:00,2026-07-12 02:59:12.742673190
TX004983,DEV0062,EMP0271,2024-09-23 18:08:00,2024-09-30 09:51:48.038771639
TX004984,DEV0033,EMP0340,2025-06-04 11:42:00,2025-06-12 23:38:20.860537642
TX004985,DEV0148,EMP0189,2025-09-01 17:15:00,2025-09-03 13:56:13.630198425
TX004986,DEV0072,EMP0244,2024-08-13 07:53:00,2024-08-19 22:03:15.931499529
TX004987,DEV0195,EMP0386,2024-06-21 07:20:00,2024-07-07 04:19:24.823732577
TX004988,DEV0245,EMP0123,2025-09-17 10:28:00,2025-09-29 01:00:48.933483465
TX004989,DEV0079,EMP0132,2024-03-29 16:05:00,2024-03-31 06:37:53.255031661
TX004990,DEV0144,EMP0103,2025-12-30 12:25:00,2026-01-19 18:07:35.001323518
TX004991,DEV0151,EMP0102,2025-12-31 07:15:00,2026-01-03 05:20:30.532188295
TX004992,DEV0226,EMP0013,2025-12-19 17:34:00,2026-01-01 13:05:19.067001698
TX004993,DEV0158,EMP0088,2024-03-23 08:07:00,2024-03-24 01:19:30.527825885
TX004994,DEV0071,EMP0138,2025-01-20 13:33:00,2025-01-27 06:15:07.362826955
TX004995,DEV0130,EMP0158,2025-11-13 11:23:00,2025-11-15 23:30:00.305951031
TX004996,DEV0076,EMP0396,2024-08-06 16:45:00,2024-08-14 22:20:09.916315028
TX004997,DEV0251,EMP0178,2024-11-28 16:23:00,2024-12-08 03:01:54.982795981
TX004998,DEV0233,EMP0241,2025-07-04 11:40:00,2025-07-17 05:22:10.577020664
TX004999,DEV0237,EMP0301,2026-02-24 12:07:00,2026-03-06 07:53:37.962753369
TX005000,DEV0174,EMP0288,2025-02-19 14:28:00,2025-03-10 10:38:05.408717952
TX005001,DEV0060,EMP0085,2024-07-08 16:12:00,2024-07-11 10:34:24.631860618
TX005002,DEV0214,EMP0053,2025-06-13 08:04:00,2025-06-17 08:08:46.629168512
TX005003,DEV0127,EMP0396,2025-10-12 17:12:00,2025-10-23 00:55:28.597243214
TX005004,DEV0251,EMP0129,2024-06-05 13:01:00,2024-06-13 10:18:30.914011719
TX005005,DEV0041,EMP0274,2024-05-07 14:10:00,2024-05-10 04:36:46.712762877
TX005006,DEV0156,EMP0335,2025-12-09 15:56:00,2025-12-19 10:22:58.184991199
TX005007,DEV0086,EMP0092,2025-05-26 12:00:00,2025-05-28 20:05:45.678659431
TX005008,DEV0002,EMP0152,2026-01-03 15:46:00,2026-01-15 19:01:42.359772599
TX005009,DEV0163,EMP0358,2025-12-08 18:13:00,2025-12-15 15:42:46.545096296
TX005010,DEV0231,EMP0259,2025-05-12 15:47:00,2025-05-27 12:47:35.323132009
TX005011,DEV0072,EMP0070,2025-07-06 17:03:00,2025-07-15 21:28:22.729287070
TX005012,DEV0178,EMP0066,2026-03-26 13:57:00,2026-03-28 00:09:16.150425408
TX005013,DEV0193,EMP0298,2026-04-25 12:49:00,2026-05-22 09:25:30.510347069
TX005014,DEV0100,EMP0152,2024-10-16 11:03:00,2024-10-19 21:21:56.113856232
TX005015,DEV0233,EMP0256,2024-03-17 16:03:00,2024-04-05 20:34:21.840945733
TX005016,DEV0014,EMP0128,2025-05-28 13:15:00,2025-06-15 01:03:40.535592316
TX005017,DEV0029,EMP0078,2026-02-14 12:26:00,2026-02-15 06:36:36.854251891
TX005018,DEV0190,EMP0069,2026-04-28 08:07:00,2026-04-30 08:18:19.506862981
TX005019,DEV0062,EMP0235,2024-05-04 09:58:00,2024-05-15 10:02:24.616445177
TX005020,DEV0153,EMP0235,2024-05-23 13:10:00,2024-05-28 14:43:40.937484026
TX005021,DEV0173,EMP0267,2024-07-30 15:10:00,2024-08-02 22:51:25.279221951
TX005022,DEV0202,EMP0208,2026-03-05 07:37:00,2026-05-02 20:53:59.292662269
TX005023,DEV0032,EMP0014,2024-08-03 10:56:00,2024-08-10 09:45:40.315802998
TX005024,DEV0147,EMP0219,2026-04-02 18:23:00,2026-04-10 04:19:25.291882567
TX005025,DEV0221,EMP0334,2024-06-23 09:53:00,2024-07-03 22:56:27.597628667
TX005026,DEV0101,EMP0090,2026-08-17 07:45:00,2026-09-01 06:06:47.431195850
TX005027,DEV0043,EMP0301,2026-03-18 07:00:00,2026-03-30 05:41:04.946098097
TX005028,DEV0092,EMP0318,2024-11-06 14:14:00,2024-11-22 03:42:48.433394850
TX005029,DEV0118,EMP0072,2024-06-06 08:04:00,2024-06-08 03:10:31.235153206
TX005030,DEV0025,EMP0011,2026-08-12 08:16:00,2026-09-01 14:18:46.054494246
TX005031,DEV0021,EMP0131,2025-01-01 11:33:00,2025-01-04 10:30:22.263429478
TX005032,DEV0142,EMP0104,2025-11-29 13:01:00,2025-12-05 04:52:58.511158960
TX005033,DEV0134,EMP0135,2026-07-23 09:20:00,2026-08-07 08:23:58.290461821
TX005034,DEV0109,EMP0165,2026-07-14 14:04:00,2026-07-17 06:30:37.539225558
TX005035,DEV0143,EMP0396,2024-09-30 16:46:00,2024-10-17 01:48:47.057932870
TX005036,DEV0091,EMP0184,2026-01-05 12:35:00,2026-01-11 21:35:06.188187201
TX005037,DEV0045,EMP0061,2024-10-23 10:58:00,2024-10-31 14:46:28.795253804
TX005038,DEV0113,EMP0116,2026-01-04 09:53:00,2026-01-14 08:31:43.658093154
TX005039,DEV0191,EMP0023,2026-05-29 16:45:00,2026-06-04 02:48:34.517492602
TX005040,DEV0033,EMP0372,2024-02-29 14:03:00,2024-03-04 06:54:08.650600804
TX005041,DEV0183,EMP0397,2024-01-15 09:38:00,2024-01-21 17:15:24.964955359
TX005042,DEV0191,EMP0258,2025-05-30 16:30:00,2025-06-16 06:52:36.898047501
TX005043,DEV0106,EMP0350,2026-02-18 08:32:00,2026-02-25 19:20:00.036116541
TX005044,DEV0137,EMP0182,2026-03-08 17:18:00,2026-03-09 05:51:05.457463762
TX005045,DEV0215,EMP0242,2024-09-04 15:19:00,2024-10-04 01:09:49.124881312
TX005046,DEV0194,EMP0055,2026-02-20 13:12:00,2026-03-13 11:27:29.886306391
TX005047,DEV0252,EMP0175,2024-07-14 08:14:00,2024-07-15 11:17:08.209038828
TX005048,DEV0033,EMP0141,2025-03-28 08:35:00,2025-04-04 15:03:43.498994779
TX005049,DEV0221,EMP0167,2026-02-11 14:56:00,2026-02-25 14:51:05.954034075
TX005050,DEV0211,EMP0213,2026-08-07 15:38:00,2026-08-24 08:32:32.580806904
TX005051,DEV0255,EMP0069,2024-07-23 10:58:00,2024-08-04 08:39:13.732246099
TX005052,DEV0251,EMP0020,2025-07-06 13:57:00,2025-07-26 15:24:36.339944469
TX005053,DEV0101,EMP0370,2024-01-30 08:09:00,2024-02-11 11:09:23.127968440
TX005054,DEV0072,EMP0319,2025-07-27 10:08:00,2025-08-09 01:51:22.558388745
TX005055,DEV0174,EMP0283,2026-05-19 12:42:00,2026-05-24 12:12:50.379552914
TX005056,DEV0012,EMP0296,2024-07-31 07:38:00,2024-08-07 20:02:51.869244893
TX005057,DEV0253,EMP0303,2025-05-17 18:55:00,2025-05-23 08:31:39.317545012
TX005058,DEV0056,EMP0267,2024-09-14 15:53:00,2024-09-18 17:18:50.393379125
TX005059,DEV0161,EMP0017,2024-07-14 08:03:00,2024-07-14 10:03:00.000000000
TX005060,DEV0012,EMP0320,2025-09-25 18:39:00,2025-09-30 11:46:40.591472903
TX005061,DEV0099,EMP0021,2026-05-04 17:57:00,2026-05-07 14:04:03.627029165
TX005062,DEV0008,EMP0252,2024-05-25 07:38:00,2024-05-26 06:28:12.159061646
TX005063,DEV0197,EMP0082,2024-06-06 15:12:00,2024-07-12 08:05:13.860437607
TX005064,DEV0104,EMP0117,2025-05-25 17:39:00,2025-06-05 11:30:13.701224882
TX005065,DEV0092,EMP0266,2025-06-04 09:12:00,2025-06-13 13:55:38.824846032
TX005066,DEV0187,EMP0202,2025-04-20 12:59:00,2025-04-22 01:55:40.514983332
TX005067,DEV0120,EMP0263,2024-10-30 10:36:00,2024-11-01 15:14:13.748055239
TX005068,DEV0081,EMP0176,2024-08-27 13:22:00,2024-09-12 21:18:52.662076023
TX005069,DEV0111,EMP0340,2024-07-13 18:25:00,2024-07-24 00:05:32.755444366
TX005070,DEV0222,EMP0414,2025-08-22 17:48:00,2025-08-28 20:53:33.275277148
TX005071,DEV0069,EMP0084,2025-10-04 15:00:00,2025-10-07 04:25:08.137027731
TX005072,DEV0066,EMP0393,2026-05-18 09:00:00,2026-05-22 16:50:15.574424062
TX005073,DEV0015,EMP0414,2026-07-15 17:04:00,2026-07-21 01:49:04.533618526
TX005074,DEV0168,EMP0371,2025-04-28 07:23:00,2025-04-30 09:24:22.190297027
TX005075,DEV0213,EMP0055,2025-05-16 14:41:00,2025-06-01 05:35:15.432767205
TX005076,DEV0242,EMP0309,2025-03-12 13:55:00,2025-03-15 11:25:28.484629564
TX005077,DEV0004,EMP0348,2024-11-03 13:39:00,2024-11-07 04:58:53.936177097
TX005078,DEV0041,EMP0359,2024-10-25 12:30:00,2024-11-03 22:42:37.562564633
TX005079,DEV0153,EMP0397,2026-06-27 10:14:00,2026-07-10 21:18:13.312312127
TX005080,DEV0034,EMP0355,2026-04-03 07:44:00,2026-04-07 14:44:10.345640788
TX005081,DEV0039,EMP0190,2025-06-03 16:46:00,2025-06-06 02:09:41.768575364
TX005082,DEV0195,EMP0093,2024-10-18 13:22:00,2024-10-28 07:51:29.138210776
TX005083,DEV0143,EMP0256,2025-11-22 08:09:00,2025-11-30 06:20:09.727413999
TX005084,DEV0036,EMP0041,2025-12-26 15:11:00,2025-12-27 00:16:53.976745231
TX005085,DEV0233,EMP0217,2026-05-05 13:30:00,2026-05-07 17:49:33.515460660
TX005086,DEV0173,EMP0315,2025-07-11 15:15:00,2025-08-01 15:14:40.001079045
TX005087,DEV0094,EMP0181,2026-06-19 07:50:00,2026-06-28 19:21:14.275131208
TX005088,DEV0121,EMP0190,2025-08-30 10:46:00,2025-09-13 04:14:37.635950166
TX005089,DEV0056,EMP0063,2026-06-18 08:37:00,2026-06-20 06:46:40.599512657
TX005090,DEV0219,EMP0398,2026-03-26 11:24:00,2026-03-31 11:08:47.489094297
TX005091,DEV0062,EMP0191,2026-03-17 09:37:00,2026-03-27 17:54:49.383998747
TX005092,DEV0051,EMP0391,2025-01-17 14:22:00,2025-02-08 20:14:53.834386693
TX005093,DEV0064,EMP0032,2026-02-28 13:57:00,2026-03-01 20:39:33.272795652
TX005094,DEV0180,EMP0211,2025-04-14 12:35:00,2025-04-15 10:10:56.035545945
TX005095,DEV0229,EMP0344,2026-06-26 07:37:00,2026-06-30 02:37:52.481764928
TX005096,DEV0143,EMP0077,2025-11-13 17:21:00,2025-11-20 05:47:37.844592153
TX005097,DEV0030,EMP0215,2024-01-17 11:22:00,2024-01-28 15:36:11.953797264
TX005098,DEV0139,EMP0207,2025-11-10 15:30:00,2025-11-11 23:44:15.052980196
TX005099,DEV0164,EMP0378,2025-03-08 16:18:00,2025-03-15 21:31:05.078627008
TX005100,DEV0192,EMP0177,2024-09-02 15:25:00,2024-09-19 05:52:54.359598368
TX005101,DEV0143,EMP0240,2024-10-21 18:04:00,2024-11-21 07:48:14.372435868
TX005102,DEV0138,EMP0315,2025-04-03 17:15:00,2025-04-04 00:05:50.906530662
TX005103,DEV0112,EMP0366,2024-11-04 12:35:00,2024-11-16 17:38:07.455483940
TX005104,DEV0113,EMP0150,2026-06-27 17:15:00,2026-07-01 16:39:35.989276678
TX005105,DEV0186,EMP0125,2025-12-21 10:43:00,2025-12-24 04:42:57.722321054
TX005106,DEV0083,EMP0211,2024-04-17 16:07:00,2024-04-20 01:35:18.979899379
TX005107,DEV0158,EMP0019,2024-04-14 10:17:00,2024-04-17 09:05:51.715882586
TX005108,DEV0004,EMP0307,2026-06-07 15:51:00,2026-06-27 07:38:36.002442874
TX005109,DEV0171,EMP0187,2026-02-17 15:29:00,2026-02-21 21:16:56.919482487
TX005110,DEV0182,EMP0317,2025-04-18 09:59:00,2025-05-09 08:07:15.044552900
TX005111,DEV0208,EMP0330,2026-01-12 15:46:00,2026-01-15 08:02:06.134351786
TX005112,DEV0154,EMP0180,2025-02-03 15:31:00,2025-02-16 17:26:07.882052512
TX005113,DEV0022,EMP0026,2026-08-26 17:02:00,2026-08-30 14:44:11.867190655
TX005114,DEV0142,EMP0136,2024-07-10 17:13:00,2024-07-13 16:04:15.933541989
TX005115,DEV0062,EMP0290,2025-11-05 08:36:00,2025-11-13 20:08:41.572411895
TX005116,DEV0060,EMP0069,2025-08-19 14:16:00,2025-08-20 03:44:54.984083840
TX005117,DEV0216,EMP0081,2026-08-25 18:46:00,2026-09-04 01:22:29.627093787
TX005118,DEV0197,EMP0053,2025-10-24 11:33:00,2025-10-26 00:50:49.325464237
TX005119,DEV0235,EMP0126,2025-11-12 14:15:00,2025-11-17 03:38:11.971341875
TX005120,DEV0182,EMP0308,2026-03-31 18:17:00,2026-04-06 00:35:37.237970165
TX005121,DEV0051,EMP0385,2025-03-25 09:38:00,2025-04-01 19:03:28.069674744
TX005122,DEV0061,EMP0133,2025-02-15 07:43:00,2025-02-22 11:12:51.524349584
TX005123,DEV0214,EMP0190,2026-06-02 12:10:00,2026-06-21 06:18:22.862201615
TX005124,DEV0192,EMP0349,2024-04-28 14:38:00,2024-05-02 14:03:26.303880464
TX005125,DEV0041,EMP0363,2024-04-11 17:24:00,2024-04-13 18:49:43.089458968
TX005126,DEV0108,EMP0420,2025-09-07 12:09:00,2025-09-10 23:18:22.502133093
TX005127,DEV0006,EMP0095,2025-05-17 12:12:00,2025-05-18 05:19:36.494035376
TX005128,DEV0001,EMP0156,2024-05-09 14:02:00,2024-05-17 15:23:52.286471841
TX005129,DEV0006,EMP0404,2024-12-07 13:55:00,2024-12-13 21:06:34.291068441
TX005130,DEV0024,EMP0117,2024-07-01 08:45:00,2024-07-04 09:21:59.449381737
TX005131,DEV0115,EMP0053,2024-01-18 15:05:00,2024-02-23 03:35:41.545308970
TX005132,DEV0180,EMP0032,2025-02-17 10:58:00,2025-02-18 10:48:37.765993427
TX005133,DEV0052,EMP0061,2025-05-29 16:52:00,2025-06-07 07:12:28.143996746
TX005134,DEV0023,EMP0314,2026-03-27 15:54:00,2026-04-05 08:00:42.538330502
TX005135,DEV0143,EMP0359,2024-02-20 12:23:00,2024-02-25 07:16:10.741324448
TX005136,DEV0212,EMP0196,2026-01-07 09:55:00,2026-01-23 03:20:07.916702250
TX005137,DEV0201,EMP0147,2026-03-12 18:04:00,2026-03-16 00:24:32.044356220
TX005138,DEV0091,EMP0257,2025-01-19 15:23:00,2025-01-23 11:42:33.091668622
TX005139,DEV0032,EMP0162,2026-03-03 16:01:00,2026-03-12 03:24:02.826907348
TX005140,DEV0045,EMP0148,2025-06-07 07:17:00,2025-06-16 17:48:55.092144544
TX005141,DEV0243,EMP0240,2025-06-13 08:00:00,2025-06-15 06:03:43.572490353
TX005142,DEV0084,EMP0006,2025-07-07 17:50:00,2025-07-12 09:16:45.410486575
TX005143,DEV0185,EMP0322,2024-06-05 17:01:00,2024-06-12 15:19:52.229434243
TX005144,DEV0252,EMP0046,2025-12-27 09:49:00,2025-12-28 00:59:59.674176041
TX005145,DEV0172,EMP0059,2024-05-17 12:49:00,2024-05-23 16:47:05.045864968
TX005146,DEV0028,EMP0091,2026-08-07 16:57:00,2026-08-08 03:39:07.397715390
TX005147,DEV0113,EMP0418,2026-05-11 12:00:00,2026-05-16 09:23:25.717183876
TX005148,DEV0182,EMP0024,2024-03-04 14:13:00,2024-03-08 08:37:59.172455447
TX005149,DEV0042,EMP0069,2026-01-04 17:01:00,2026-04-29 05:21:26.599191096
TX005150,DEV0224,EMP0050,2025-09-22 11:26:00,2025-10-07 03:34:47.880451244
TX005151,DEV0164,EMP0027,2024-05-21 09:43:00,2024-06-08 01:49:02.828290047
TX005152,DEV0065,EMP0021,2025-03-14 13:27:00,2025-04-08 07:13:24.310762176
TX005153,DEV0083,EMP0291,2026-05-04 13:12:00,2026-05-05 16:58:47.271733611
TX005154,DEV0104,EMP0097,2025-04-24 07:31:00,2025-05-01 08:41:18.085015233
TX005155,DEV0131,EMP0059,2025-08-09 07:51:00,2025-08-25 23:37:14.100387921
TX005156,DEV0033,EMP0299,2024-10-11 07:24:00,2024-10-17 14:37:48.542360779
TX005157,DEV0021,EMP0054,2024-06-03 16:19:00,2024-06-08 10:02:32.813505133
TX005158,DEV0145,EMP0111,2025-02-05 15:24:00,2025-02-10 16:08:36.300882005
TX005159,DEV0071,EMP0365,2025-06-12 11:31:00,2025-07-23 16:16:26.565500368
TX005160,DEV0231,EMP0241,2024-11-02 17:28:00,2024-12-23 03:53:40.276739145
TX005161,DEV0024,EMP0275,2024-06-12 09:08:00,2024-07-27 20:31:05.022409355
TX005162,DEV0021,EMP0293,2026-07-14 16:09:00,2026-07-21 14:48:21.372891939
TX005163,DEV0051,EMP0302,2024-03-11 16:58:00,2024-03-13 13:52:10.486593015
TX005164,DEV0153,EMP0231,2024-09-13 11:28:00,2024-09-28 19:06:59.665963000
TX005165,DEV0027,EMP0108,2024-06-04 12:22:00,2024-06-11 15:04:35.687143637
TX005166,DEV0012,EMP0257,2025-08-15 15:46:00,2025-08-24 17:37:53.860081377
TX005167,DEV0061,EMP0279,2025-08-05 09:37:00,2025-08-17 09:06:08.705866044
TX005168,DEV0032,EMP0092,2026-03-06 13:40:00,2026-03-28 09:41:42.672420100
TX005169,DEV0201,EMP0123,2024-02-25 15:10:00,2024-02-29 05:18:55.230104490
TX005170,DEV0072,EMP0390,2025-08-17 15:04:00,2025-08-22 05:56:00.125455240
TX005171,DEV0192,EMP0173,2025-05-26 16:17:00,2025-05-30 23:08:28.757573014
TX005172,DEV0141,EMP0373,2026-06-20 16:07:00,2026-07-06 05:32:40.305887435
TX005173,DEV0020,EMP0093,2024-10-15 09:26:00,2024-10-17 17:20:02.931257457
TX005174,DEV0221,EMP0364,2026-01-26 12:12:00,2026-01-31 22:36:54.262769787
TX005175,DEV0022,EMP0220,2024-08-31 11:49:00,2024-09-09 16:17:08.612873350
TX005176,DEV0068,EMP0115,2024-01-08 17:31:00,2024-01-12 21:29:40.014878585
TX005177,DEV0200,EMP0110,2025-05-21 18:01:00,2025-05-22 04:11:46.425308373
TX005178,DEV0216,EMP0268,2025-02-17 08:12:00,2025-02-20 14:50:56.528670730
TX005179,DEV0137,EMP0059,2025-11-07 17:26:00,2025-11-13 14:00:09.647982335
TX005180,DEV0003,EMP0162,2024-08-16 16:38:00,2024-08-27 01:38:27.866002485
TX005181,DEV0091,EMP0396,2025-08-10 07:06:00,2025-08-31 20:00:20.669012857
TX005182,DEV0213,EMP0340,2024-11-14 12:49:00,2024-11-18 02:38:23.575855904
TX005183,DEV0132,EMP0410,2025-01-10 17:56:00,2025-01-14 21:56:07.352337692
TX005184,DEV0098,EMP0285,2024-04-19 14:15:00,2024-04-24 00:18:53.288357485
TX005185,DEV0132,EMP0043,2025-10-06 16:30:00,2025-10-12 02:33:50.057092303
TX005186,DEV0245,EMP0050,2026-06-08 08:25:00,2026-06-11 03:31:27.441425290
TX005187,DEV0011,EMP0229,2025-11-19 12:47:00,2025-11-21 00:05:11.477637612
TX005188,DEV0114,EMP0322,2024-03-08 16:13:00,2024-03-15 03:40:43.763217580
TX005189,DEV0163,EMP0346,2026-07-20 11:59:00,2026-07-24 10:12:34.349881732
TX005190,DEV0072,EMP0343,2025-04-08 08:02:00,2025-04-12 06:12:04.251951473
TX005191,DEV0151,EMP0210,2026-06-27 11:23:00,2026-07-07 22:01:14.400747123
TX005192,DEV0233,EMP0168,2025-02-24 08:19:00,2025-03-17 23:24:12.083618468
TX005193,DEV0040,EMP0209,2024-12-31 08:02:00,2025-01-01 19:27:00.213539445
TX005194,DEV0152,EMP0152,2025-07-18 08:18:00,2025-07-27 04:43:43.266030979
TX005195,DEV0077,EMP0181,2025-06-21 15:24:00,2025-06-23 19:55:24.672068578
TX005196,DEV0224,EMP0263,2026-04-07 10:06:00,2026-04-18 21:06:54.446063372
TX005197,DEV0062,EMP0413,2026-01-12 08:00:00,2026-01-21 15:53:39.452562418
TX005198,DEV0224,EMP0301,2026-06-13 10:32:00,2026-06-20 20:54:12.440606846
TX005199,DEV0242,EMP0076,2025-06-13 16:47:00,2025-06-29 16:03:50.759224352
TX005200,DEV0228,EMP0145,2025-01-07 11:20:00,2025-01-08 16:34:46.145233022
TX005201,DEV0045,EMP0231,2026-02-10 11:36:00,2026-02-26 15:54:05.674680903
TX005202,DEV0171,EMP0221,2024-12-16 18:16:00,2024-12-26 09:25:39.102381442
TX005203,DEV0166,EMP0083,2026-06-07 15:32:00,2026-06-10 03:44:50.485243025
TX005204,DEV0204,EMP0159,2024-07-13 12:33:00,2024-07-19 22:16:49.792317869
TX005205,DEV0201,EMP0026,2024-02-09 11:24:00,2024-02-17 21:57:21.282108154
TX005206,DEV0006,EMP0302,2025-02-17 13:01:00,2025-02-20 02:55:27.770527613
TX005207,DEV0015,EMP0095,2024-09-01 15:01:00,2024-09-06 22:54:45.596482366
TX005208,DEV0221,EMP0287,2026-02-27 12:24:00,2026-03-14 03:28:22.546267491
TX005209,DEV0039,EMP0378,2024-10-19 08:15:00,2024-10-22 09:28:29.427840148
TX005210,DEV0102,EMP0333,2026-08-15 17:18:00,2026-09-02 22:13:31.138753407
TX005211,DEV0042,EMP0159,2024-08-19 16:09:00,2024-09-03 03:06:52.605527090
TX005212,DEV0111,EMP0196,2024-06-01 12:03:00,2024-06-03 15:28:49.919835623
TX005213,DEV0135,EMP0343,2024-08-22 09:29:00,2024-09-20 11:47:31.083426200
TX005214,DEV0175,EMP0087,2025-04-18 11:44:00,2025-04-21 08:20:18.378542340
TX005215,DEV0083,EMP0415,2024-09-15 12:26:00,2024-09-19 17:45:49.696821533
TX005216,DEV0151,EMP0231,2025-09-08 14:16:00,2025-09-26 22:14:15.835985503
TX005217,DEV0024,EMP0033,2024-11-03 14:16:00,2024-11-06 22:32:31.986487592
TX005218,DEV0026,EMP0227,2025-06-10 14:02:00,2025-06-17 00:37:19.810793972
TX005219,DEV0124,EMP0342,2025-02-27 12:56:00,2025-03-06 13:20:48.792818028
TX005220,DEV0036,EMP0375,2025-12-23 17:31:00,2025-12-28 16:09:06.696844495
TX005221,DEV0053,EMP0151,2026-07-14 10:39:00,2026-07-17 09:31:49.075611714
TX005222,DEV0224,EMP0100,2025-05-02 16:48:00,2025-05-24 04:21:53.940104327
TX005223,DEV0186,EMP0079,2024-01-04 16:42:00,2024-01-08 15:35:45.310237268
TX005224,DEV0043,EMP0365,2024-01-22 16:11:00,2024-01-24 06:58:31.591916216
TX005225,DEV0212,EMP0362,2025-07-25 11:30:00,2025-07-26 20:56:39.517714788
TX005226,DEV0072,EMP0063,2024-04-28 17:36:00,2024-05-05 03:35:09.434610672
TX005227,DEV0101,EMP0030,2024-07-14 11:53:00,2024-07-22 22:04:36.660395235
TX005228,DEV0011,EMP0232,2025-11-07 14:02:00,2025-11-13 20:07:23.400504741
TX005229,DEV0233,EMP0179,2024-07-18 13:39:00,2024-08-01 08:43:13.049012799
TX005230,DEV0137,EMP0112,2024-10-06 16:47:00,2024-10-12 09:40:29.924518687
TX005231,DEV0243,EMP0101,2024-01-18 16:44:00,2024-01-31 16:02:59.200755171
TX005232,DEV0171,EMP0348,2025-12-26 14:09:00,2026-01-06 02:37:28.688661161
TX005233,DEV0028,EMP0272,2025-12-10 17:41:00,2025-12-11 01:38:59.706607551
TX005234,DEV0163,EMP0324,2026-05-20 12:26:00,2026-05-24 15:25:26.581118615
TX005235,DEV0001,EMP0221,2024-12-29 12:10:00,2025-01-03 14:24:41.688900273
TX005236,DEV0206,EMP0412,2024-03-25 07:26:00,2024-03-25 23:47:41.185328671
TX005237,DEV0202,EMP0232,2025-11-25 09:30:00,2025-11-26 07:21:48.510026460
TX005238,DEV0111,EMP0337,2024-06-02 07:12:00,2024-06-10 19:55:11.642975167
TX005239,DEV0215,EMP0369,2024-08-31 17:37:00,2024-09-25 08:59:27.955675675
TX005240,DEV0036,EMP0067,2025-11-06 17:41:00,2025-11-12 22:01:17.294019806
TX005241,DEV0020,EMP0001,2026-06-26 10:03:00,2026-06-26 17:33:03.091814213
TX005242,DEV0216,EMP0173,2025-07-31 12:51:00,2025-08-02 23:55:54.304593584
TX005243,DEV0003,EMP0073,2025-11-02 10:44:00,2025-11-22 07:51:22.443038076
TX005244,DEV0122,EMP0030,2024-12-04 12:46:00,2024-12-09 02:26:43.838293183
TX005245,DEV0046,EMP0240,2026-01-28 12:14:00,2026-01-30 07:06:29.199458033
TX005246,DEV0112,EMP0137,2026-04-29 08:39:00,2026-05-04 18:04:35.635139606
TX005247,DEV0031,EMP0076,2025-03-01 10:06:00,2025-03-05 12:43:48.191786927
TX005248,DEV0155,EMP0008,2026-04-15 17:56:00,2026-04-24 18:47:00.298707833
TX005249,DEV0131,EMP0091,2024-12-27 10:55:00,2024-12-30 08:00:58.599890082
TX005250,DEV0221,EMP0041,2024-11-26 11:51:00,2024-12-05 20:41:44.230104172
TX005251,DEV0091,EMP0334,2025-01-27 10:16:00,2025-01-28 14:12:14.184964855
TX005252,DEV0202,EMP0098,2025-01-19 07:00:00,2025-01-21 02:48:18.537160277
TX005253,DEV0102,EMP0307,2025-12-25 08:56:00,2026-01-13 01:44:36.631733804
TX005254,DEV0160,EMP0230,2024-04-19 10:46:00,2024-04-20 22:47:56.131983853
TX005255,DEV0195,EMP0268,2025-08-19 12:14:00,2025-09-04 10:50:57.176418709
TX005256,DEV0092,EMP0047,2025-10-18 13:48:00,2025-10-27 13:01:21.255313443
TX005257,DEV0054,EMP0066,2024-04-19 10:30:00,2024-04-27 19:50:06.232184572
TX005258,DEV0057,EMP0134,2025-11-19 13:47:00,2025-11-30 22:30:44.630395668
TX005259,DEV0011,EMP0227,2026-02-04 11:18:00,2026-02-13 17:59:31.819790373
TX005260,DEV0188,EMP0043,2024-10-05 07:34:00,2024-10-14 08:07:59.920484377
TX005261,DEV0176,EMP0130,2025-08-05 07:58:00,2025-08-09 16:39:12.079200758
TX005262,DEV0131,EMP0258,2025-02-05 10:10:00,2025-02-22 13:02:55.891800157
TX005263,DEV0021,EMP0052,2024-03-27 10:19:00,2024-07-04 02:15:30.670245988
TX005264,DEV0177,EMP0059,2026-05-27 16:32:00,2026-05-29 10:22:17.703084656
TX005265,DEV0232,EMP0273,2026-05-19 11:31:00,2026-05-31 02:58:40.059432388
TX005266,DEV0176,EMP0364,2025-09-25 11:03:00,2025-09-27 01:00:11.122563555
TX005267,DEV0053,EMP0299,2024-03-08 15:27:00,2024-03-20 10:13:15.063203101
TX005268,DEV0257,EMP0173,2025-06-11 18:04:00,2025-06-14 02:24:14.559929445
TX005269,DEV0086,EMP0399,2025-10-02 15:08:00,2025-10-08 20:51:55.975248985
TX005270,DEV0037,EMP0236,2024-07-30 13:43:00,2024-07-30 22:09:11.926400924
TX005271,DEV0059,EMP0145,2025-04-09 09:06:00,2025-04-16 04:25:38.841842896
TX005272,DEV0155,EMP0070,2024-03-14 07:11:00,2024-03-16 00:54:13.086499360
TX005273,DEV0037,EMP0199,2025-06-05 09:16:00,2025-06-14 06:22:09.893721590
TX005274,DEV0092,EMP0222,2024-02-09 09:07:00,2024-02-25 11:35:25.754660605
TX005275,DEV0147,EMP0186,2025-04-29 16:28:00,2025-05-03 03:31:17.260107314
TX005276,DEV0170,EMP0375,2024-01-20 08:01:00,2024-01-20 19:53:57.482768916
TX005277,DEV0176,EMP0260,2025-11-19 13:01:00,2025-11-21 07:05:17.084377358
TX005278,DEV0035,EMP0248,2024-02-02 11:33:00,2024-02-27 07:24:13.422891080
TX005279,DEV0192,EMP0414,2024-10-12 16:32:00,2024-10-28 07:21:02.369792804
TX005280,DEV0164,EMP0090,2026-05-12 14:25:00,2026-06-07 17:51:34.210395357
TX005281,DEV0203,EMP0236,2025-05-31 14:03:00,2025-06-07 05:15:29.028234439
TX005282,DEV0132,EMP0337,2024-06-18 12:29:00,2024-06-22 22:25:18.963455278
TX005283,DEV0197,EMP0084,2025-03-20 16:42:00,2025-03-25 19:20:28.245218234
TX005284,DEV0191,EMP0405,2025-07-19 18:27:00,2025-07-29 11:29:54.438423114
TX005285,DEV0192,EMP0008,2025-05-26 17:39:00,2025-06-08 21:47:22.509477271
TX005286,DEV0053,EMP0331,2026-04-27 17:02:00,2026-05-03 21:18:57.399531857
TX005287,DEV0031,EMP0348,2025-12-22 18:22:00,2025-12-27 06:09:27.307157442
TX005288,DEV0002,EMP0262,2024-08-31 08:24:00,2024-09-16 06:08:49.545369354
TX005289,DEV0008,EMP0365,2024-11-10 15:35:00,2024-11-12 20:32:27.653215953
TX005290,DEV0017,EMP0014,2025-11-09 08:54:00,2025-11-12 20:09:34.496510426
TX005291,DEV0201,EMP0155,2026-01-26 17:00:00,2026-02-14 05:42:12.132182764
TX005292,DEV0183,EMP0383,2024-10-28 15:47:00,2024-10-30 14:50:50.678304043
TX005293,DEV0147,EMP0032,2024-12-08 14:36:00,2024-12-10 17:12:37.316618996
TX005294,DEV0182,EMP0411,2026-06-22 13:53:00,2026-06-28 16:54:55.646852624
TX005295,DEV0061,EMP0008,2025-09-18 08:25:00,2025-09-23 05:33:50.594233540
TX005296,DEV0080,EMP0393,2025-02-11 18:06:00,2025-02-14 05:12:12.709722532
TX005297,DEV0077,EMP0338,2024-06-21 10:58:00,2024-06-25 20:31:24.812449984
TX005298,DEV0073,EMP0024,2026-04-11 10:39:00,2026-05-05 23:29:53.757016207
TX005299,DEV0072,EMP0292,2025-02-27 08:55:00,2025-03-06 12:48:04.117623147
TX005300,DEV0101,EMP0293,2024-02-20 08:21:00,2024-02-22 14:44:20.749240629
TX005301,DEV0076,EMP0022,2025-07-10 09:01:00,2025-07-13 15:40:35.842990403
TX005302,DEV0184,EMP0232,2024-07-14 17:01:00,2024-11-15 21:07:25.827760324
TX005303,DEV0203,EMP0393,2024-04-21 11:53:00,2024-05-05 06:40:21.636823858
TX005304,DEV0133,EMP0328,2025-10-12 18:05:00,2025-10-22 02:22:45.361991644
TX005305,DEV0023,EMP0031,2024-06-16 16:03:00,2024-06-24 17:19:14.161876963
TX005306,DEV0214,EMP0038,2025-05-29 17:30:00,2025-06-01 02:54:53.285689530
TX005307,DEV0092,EMP0250,2024-12-13 09:20:00,2024-12-15 21:33:57.571842291
TX005308,DEV0215,EMP0132,2024-05-14 12:10:00,2024-05-28 11:44:12.616909609
TX005309,DEV0235,EMP0411,2025-02-26 11:14:00,2025-03-23 17:03:45.083382148
TX005310,DEV0114,EMP0280,2025-07-04 07:03:00,2025-07-14 07:00:51.462319410
TX005311,DEV0077,EMP0416,2024-08-08 08:07:00,2024-08-11 01:13:54.654180538
TX005312,DEV0217,EMP0020,2024-01-04 15:06:00,2024-01-05 14:37:01.025343919
TX005313,DEV0153,EMP0064,2024-06-15 09:38:00,2024-06-20 21:48:01.999332936
TX005314,DEV0002,EMP0247,2024-01-15 07:23:00,2024-01-16 17:27:49.087868837
TX005315,DEV0035,EMP0330,2025-10-25 11:23:00,2025-11-12 18:18:13.358763630
TX005316,DEV0162,EMP0138,2024-01-07 07:41:00,2024-02-01 20:57:35.777946021
TX005317,DEV0143,EMP0055,2025-11-15 17:06:00,2025-12-25 09:06:54.686810725
TX005318,DEV0049,EMP0221,2025-08-06 12:36:00,2025-08-07 14:58:05.700569867
TX005319,DEV0231,EMP0300,2024-05-10 13:43:00,2024-06-08 10:05:16.108507903
TX005320,DEV0053,EMP0351,2026-06-09 08:49:00,2026-06-15 20:34:06.845515400
TX005321,DEV0103,EMP0118,2025-01-25 09:51:00,2025-01-31 01:08:38.057123517
TX005322,DEV0092,EMP0224,2026-03-12 13:16:00,2026-03-17 22:46:32.305325640
TX005323,DEV0203,EMP0223,2024-01-05 12:04:00,2024-01-17 03:24:08.983450149
TX005324,DEV0057,EMP0343,2026-06-20 08:54:00,2026-06-25 01:57:34.792439358
TX005325,DEV0232,EMP0034,2025-05-22 10:37:00,2025-05-25 13:13:22.031066895
TX005326,DEV0173,EMP0134,2025-06-17 14:48:00,2025-06-21 01:25:17.731447088
TX005327,DEV0251,EMP0071,2024-07-18 08:09:00,2024-07-29 05:51:42.398081556
TX005328,DEV0190,EMP0179,2024-10-27 17:48:00,2024-10-29 13:44:26.138888145
TX005329,DEV0123,EMP0298,2025-02-03 15:23:00,2025-02-20 01:57:38.617968717
TX005330,DEV0122,EMP0056,2024-12-29 10:12:00,2025-01-04 12:00:02.733269959
TX005331,DEV0055,EMP0071,2026-08-04 17:25:00,2026-08-18 13:17:32.153586058
TX005332,DEV0072,EMP0057,2025-12-12 10:01:00,2025-12-22 20:55:54.335920920
TX005333,DEV0165,EMP0316,2026-01-18 11:30:00,2026-03-05 11:48:53.929399170
TX005334,DEV0071,EMP0074,2025-09-07 18:08:00,2025-09-11 08:34:19.338193991
TX005335,DEV0211,EMP0211,2026-02-15 17:05:00,2026-02-18 19:46:00.261555631
TX005336,DEV0082,EMP0256,2024-12-09 10:08:00,2025-01-01 02:48:57.521070821
TX005337,DEV0132,EMP0415,2024-05-29 16:04:00,2024-06-16 04:59:48.578121084
TX005338,DEV0254,EMP0099,2025-08-01 10:47:00,2025-08-15 14:43:07.771618165
TX005339,DEV0174,EMP0391,2024-04-12 15:56:00,2024-04-17 14:08:54.959270145
TX005340,DEV0225,EMP0219,2024-10-30 15:24:00,2024-11-07 20:04:57.249393536
TX005341,DEV0170,EMP0044,2026-06-04 15:18:00,2026-06-05 23:21:56.766150351
TX005342,DEV0234,EMP0229,2025-12-24 15:23:00,2026-01-02 09:59:52.541215170
TX005343,DEV0003,EMP0133,2025-09-02 10:01:00,2025-09-14 18:31:07.564044513
TX005344,DEV0244,EMP0228,2024-03-18 18:00:00,2024-03-23 18:09:31.229088091
TX005345,DEV0100,EMP0394,2025-12-24 10:44:00,2025-12-26 14:56:46.685731807
TX005346,DEV0042,EMP0256,2025-05-22 11:14:00,2025-06-03 20:34:19.867157366
TX005347,DEV0012,EMP0031,2026-08-22 10:06:00,2026-09-01 00:14:23.576945704
TX005348,DEV0205,EMP0176,2024-11-24 14:37:00,2024-12-02 03:34:42.734464745
TX005349,DEV0055,EMP0217,2025-12-31 11:47:00,2026-01-07 06:00:55.412151327
TX005350,DEV0115,EMP0071,2024-10-12 13:51:00,2024-10-18 23:38:59.088451806
TX005351,DEV0033,EMP0108,2024-09-02 08:22:00,2024-09-05 16:56:59.804606934
TX005352,DEV0160,EMP0165,2025-07-20 17:47:00,2025-07-21 04:38:12.537307055
TX005353,DEV0183,EMP0127,2025-03-13 11:27:00,2025-03-15 21:14:41.586349491
TX005354,DEV0246,EMP0371,2026-02-27 17:14:00,2026-03-01 09:40:02.196674455
TX005355,DEV0162,EMP0216,2025-04-15 18:55:00,2025-04-29 10:30:55.366043432
TX005356,DEV0204,EMP0393,2025-06-11 07:16:00,2025-06-29 20:26:18.023446635
TX005357,DEV0133,EMP0173,2025-08-05 18:06:00,2025-08-10 11:25:48.115702579
TX005358,DEV0233,EMP0401,2024-05-24 14:13:00,2024-05-28 20:14:55.038852311
TX005359,DEV0054,EMP0053,2025-11-29 17:31:00,2025-12-16 03:14:43.440865016
TX005360,DEV0151,EMP0004,2026-03-23 14:57:00,2026-03-24 15:40:30.048764481
TX005361,DEV0145,EMP0337,2024-04-10 11:16:00,2024-04-14 16:30:24.761259901
TX005362,DEV0182,EMP0389,2026-01-13 10:36:00,2026-02-03 11:08:29.783999505
TX005363,DEV0153,EMP0202,2026-02-28 09:50:00,2026-03-13 17:13:03.492363520
TX005364,DEV0060,EMP0019,2025-03-10 10:39:00,2025-03-11 17:23:00.232392316
TX005365,DEV0212,EMP0127,2024-08-22 16:38:00,2024-08-28 08:53:22.030928358
TX005366,DEV0053,EMP0406,2025-12-21 14:40:00,2026-01-02 04:55:21.918027585
TX005367,DEV0134,EMP0131,2024-03-21 10:26:00,2024-03-24 08:48:04.629709867
TX005368,DEV0240,EMP0342,2024-05-22 08:44:00,2024-05-22 21:54:40.115282225
TX005369,DEV0096,EMP0248,2025-07-18 08:16:00,2025-07-30 06:54:38.781116652
TX005370,DEV0039,EMP0006,2024-04-26 09:23:00,2024-05-04 00:46:51.226628115
TX005371,DEV0169,EMP0382,2026-07-09 07:55:00,2026-07-09 21:26:48.204527151
TX005372,DEV0045,EMP0299,2026-07-13 10:57:00,2026-08-21 04:52:37.186464630
TX005373,DEV0142,EMP0378,2024-06-26 07:28:00,2024-06-28 20:05:58.989922897
TX005374,DEV0061,EMP0002,2025-02-24 10:37:00,2025-03-01 03:48:18.526015104
TX005375,DEV0133,EMP0081,2025-01-12 14:19:00,2025-01-19 00:27:18.838295800
TX005376,DEV0037,EMP0142,2026-04-23 16:38:00,2026-05-03 20:47:19.962858347
TX005377,DEV0023,EMP0107,2025-09-18 16:56:00,2025-09-25 02:04:53.222578894
TX005378,DEV0131,EMP0316,2025-02-20 07:28:00,2025-03-11 07:02:21.215983957
TX005379,DEV0165,EMP0371,2024-10-05 17:56:00,2024-10-18 00:16:19.430288303
TX005380,DEV0172,EMP0367,2026-01-03 12:01:00,2026-01-12 23:41:34.260198940
TX005381,DEV0225,EMP0413,2026-01-20 12:22:00,2026-01-28 19:11:14.964601682
TX005382,DEV0104,EMP0046,2025-07-25 07:18:00,2025-08-03 17:33:14.135754250
TX005383,DEV0014,EMP0044,2025-10-31 07:56:00,2025-12-05 08:01:20.335520750
TX005384,DEV0243,EMP0086,2024-09-28 14:21:00,2024-10-04 01:31:12.503400605
TX005385,DEV0217,EMP0121,2025-08-01 18:56:00,2025-10-05 22:36:14.340249167
TX005386,DEV0011,EMP0103,2026-05-25 18:00:00,2026-06-05 06:57:58.559517782
TX005387,DEV0195,EMP0154,2025-11-25 14:03:00,2025-12-09 19:41:26.852410451
TX005388,DEV0091,EMP0345,2024-09-09 14:14:00,2024-10-26 12:50:53.060452321
TX005389,DEV0143,EMP0101,2025-09-09 07:20:00,2025-09-12 22:32:28.193255603
TX005390,DEV0073,EMP0259,2026-06-12 13:16:00,2026-06-17 07:37:10.642074367
TX005391,DEV0182,EMP0395,2024-06-18 12:22:00,2024-06-24 22:54:39.401697897
TX005392,DEV0153,EMP0416,2025-11-14 15:16:00,2025-11-16 00:57:36.374980842
TX005393,DEV0031,EMP0067,2024-08-06 11:14:00,2024-08-07 16:53:40.054291714
TX005394,DEV0034,EMP0122,2024-07-16 12:22:00,2024-07-23 04:40:36.226352181
TX005395,DEV0204,EMP0139,2025-05-21 15:44:00,2025-06-04 05:25:55.455787370
TX005396,DEV0022,EMP0105,2025-03-03 12:17:00,2025-03-10 08:10:04.298572411
TX005397,DEV0082,EMP0073,2025-04-04 17:23:00,2025-04-23 18:13:04.938812538
TX005398,DEV0072,EMP0200,2024-08-21 07:43:00,2024-08-22 11:20:41.066824342
TX005399,DEV0064,EMP0031,2026-02-19 16:11:00,2026-03-03 21:32:03.641411497
TX005400,DEV0125,EMP0329,2026-04-01 12:04:00,2026-04-29 13:10:55.425268911
TX005401,DEV0112,EMP0042,2024-12-03 16:53:00,2024-12-07 13:11:42.880528601
TX005402,DEV0032,EMP0410,2024-08-17 12:31:00,2024-08-24 16:58:43.740808686
TX005403,DEV0023,EMP0318,2025-08-21 08:24:00,2025-08-28 14:09:33.676917246
TX005404,DEV0103,EMP0357,2025-05-10 09:07:00,2025-05-30 22:09:26.276441942
TX005405,DEV0111,EMP0114,2026-02-02 10:25:00,2026-02-08 17:49:49.449969637
TX005406,DEV0248,EMP0358,2025-03-12 09:00:00,2025-03-15 21:37:34.683258808
TX005407,DEV0007,EMP0176,2025-03-07 07:52:00,2025-03-10 21:43:04.909717288
TX005408,DEV0066,EMP0079,2025-09-18 16:44:00,2025-09-20 06:47:30.234435986
TX005409,DEV0113,EMP0296,2025-07-23 08:44:00,2025-07-29 17:50:27.807205495
TX005410,DEV0253,EMP0042,2026-07-30 16:02:00,2026-08-01 10:30:49.297761567
TX005411,DEV0001,EMP0319,2024-12-11 17:34:00,2024-12-18 07:10:20.379118792
TX005412,DEV0121,EMP0276,2026-02-16 10:06:00,2026-02-21 12:23:41.734539844
TX005413,DEV0171,EMP0016,2024-05-25 10:10:00,2024-06-07 02:25:36.863311405
TX005414,DEV0221,EMP0221,2024-01-20 15:23:00,2024-01-30 21:37:11.125574087
TX005415,DEV0046,EMP0301,2025-05-06 16:26:00,2025-05-08 05:34:23.017078925
TX005416,DEV0164,EMP0392,2025-09-22 15:31:00,2025-10-06 02:25:25.358135254
TX005417,DEV0147,EMP0146,2025-06-28 09:49:00,2025-06-30 22:58:44.954555313
TX005418,DEV0202,EMP0290,2024-11-17 14:56:00,2024-12-15 03:27:09.582492067
TX005419,DEV0234,EMP0166,2024-09-28 14:19:00,2024-10-16 12:44:54.877567937
TX005420,DEV0195,EMP0085,2025-10-04 08:01:00,2025-10-12 07:05:28.514137988
TX005421,DEV0104,EMP0045,2026-08-13 16:49:00,2026-08-19 11:28:14.258286261
TX005422,DEV0113,EMP0139,2026-02-12 10:54:00,2026-02-13 18:59:21.103881363
TX005423,DEV0103,EMP0029,2024-01-09 09:42:00,2024-01-18 13:44:15.091629618
TX005424,DEV0103,EMP0020,2025-11-25 07:38:00,2025-11-29 02:57:16.017188608
TX005425,DEV0076,EMP0069,2025-11-16 15:56:00,2025-11-17 08:44:03.229917278
TX005426,DEV0145,EMP0320,2025-12-08 18:08:00,2025-12-20 22:31:06.773349679
TX005427,DEV0189,EMP0039,2026-05-07 17:47:00,2026-05-12 21:04:04.465133049
TX005428,DEV0123,EMP0021,2024-02-01 11:01:00,2024-02-08 16:25:45.487766733
TX005429,DEV0210,EMP0150,2024-04-18 16:17:00,2024-04-19 17:16:57.777775381
TX005430,DEV0022,EMP0288,2026-01-11 15:38:00,2026-01-13 20:57:42.701790232
TX005431,DEV0077,EMP0182,2025-07-09 08:05:00,2025-07-11 02:44:06.711902384
TX005432,DEV0032,EMP0059,2024-04-25 14:52:00,2024-04-30 13:20:42.803610047
TX005433,DEV0013,EMP0205,2026-08-01 17:03:00,2026-08-15 18:56:44.146142751
TX005434,DEV0193,EMP0109,2026-01-14 09:52:00,2026-01-25 16:31:16.446630962
TX005435,DEV0024,EMP0255,2025-01-01 12:36:00,2025-01-11 14:40:31.763408843
TX005436,DEV0020,EMP0365,2024-07-19 10:28:00,2024-07-21 06:32:51.672521511
TX005437,DEV0012,EMP0200,2024-08-29 09:25:00,2024-09-07 18:39:11.772446906
TX005438,DEV0102,EMP0066,2024-07-15 18:53:00,2024-07-19 22:14:35.737899318
TX005439,DEV0141,EMP0180,2024-08-31 14:26:00,2024-09-09 08:52:56.908039270
TX005440,DEV0192,EMP0123,2026-01-04 11:34:00,2026-01-20 02:59:21.879215182
TX005441,DEV0023,EMP0321,2026-05-22 07:56:00,2026-05-31 22:44:20.147398675
TX005442,DEV0092,EMP0319,2024-10-22 15:02:00,2024-10-24 08:02:34.911759134
TX005443,DEV0101,EMP0342,2025-02-05 07:27:00,2025-02-05 23:52:58.176563038
TX005444,DEV0015,EMP0137,2026-01-25 13:31:00,2026-02-14 07:57:30.368190828
TX005445,DEV0076,EMP0018,2024-08-15 11:26:00,2024-08-17 06:45:05.132382558
TX005446,DEV0023,EMP0067,2025-01-16 18:34:00,2025-01-29 10:30:55.905383166
TX005447,DEV0104,EMP0250,2024-12-08 16:41:00,2024-12-15 02:55:34.825912206
TX005448,DEV0101,EMP0317,2025-04-01 11:23:00,2025-04-04 23:22:42.830768213
TX005449,DEV0077,EMP0404,2026-01-29 17:59:00,2026-02-03 13:07:31.594728053
TX005450,DEV0142,EMP0327,2024-06-01 12:34:00,2024-06-04 16:14:12.045538377
TX005451,DEV0155,EMP0010,2024-08-15 11:05:00,2024-08-26 02:43:54.365046739
TX005452,DEV0114,EMP0347,2024-06-16 13:13:00,2024-06-18 12:24:22.641429997
TX005453,DEV0027,EMP0202,2025-02-05 16:20:00,2025-02-06 18:59:42.699377638
TX005454,DEV0194,EMP0049,2025-04-12 13:55:00,2025-05-09 22:42:27.307953862
TX005455,DEV0251,EMP0079,2026-06-13 07:28:00,2026-06-24 15:44:23.856631241
TX005456,DEV0122,EMP0360,2024-04-29 15:19:00,2024-05-18 11:30:05.630874814
TX005457,DEV0245,EMP0021,2024-08-23 08:53:00,2024-08-26 01:17:34.101191626
TX005458,DEV0105,EMP0184,2026-08-27 08:38:00,2026-09-15 15:45:30.492113771
TX005459,DEV0125,EMP0199,2025-09-16 09:51:00,2025-09-19 21:10:45.820614361
TX005460,DEV0034,EMP0128,2024-05-21 12:18:00,2024-06-02 02:43:27.138258563
TX005461,DEV0245,EMP0412,2024-03-14 09:42:00,2024-03-20 11:07:11.275766803
TX005462,DEV0025,EMP0192,2025-10-07 11:42:00,2025-10-18 07:55:24.543331329
TX005463,DEV0201,EMP0070,2026-04-27 10:41:00,2026-04-28 17:02:23.953856010
TX005464,DEV0027,EMP0413,2026-03-01 16:54:00,2026-03-02 21:32:11.141784535
TX005465,DEV0028,EMP0321,2026-02-22 11:37:00,2026-02-24 16:59:13.755860111
TX005466,DEV0093,EMP0283,2026-02-10 07:15:00,2026-02-16 12:32:09.945214025
TX005467,DEV0255,EMP0340,2024-04-11 12:29:00,2024-05-04 21:37:02.609193209
TX005468,DEV0241,EMP0128,2024-08-22 07:04:00,2024-09-01 05:32:13.918108641
TX005469,DEV0032,EMP0416,2025-01-29 12:45:00,2025-02-02 11:25:46.671602485
TX005470,DEV0181,EMP0286,2024-11-05 14:08:00,2024-11-06 17:26:26.207703845
TX005471,DEV0186,EMP0401,2025-02-18 17:17:00,2025-03-01 09:22:35.645173543
TX005472,DEV0185,EMP0255,2025-11-09 14:14:00,2025-12-03 01:45:42.427979511
TX005473,DEV0197,EMP0393,2024-11-01 14:37:00,2024-11-14 16:31:14.737061855
TX005474,DEV0152,EMP0282,2026-03-14 09:40:00,2026-03-25 16:25:58.508647307
TX005475,DEV0094,EMP0194,2025-12-28 11:34:00,2026-01-18 07:29:17.933537178
TX005476,DEV0067,EMP0101,2025-09-29 18:50:00,2025-10-07 16:09:50.159574228
TX005477,DEV0032,EMP0210,2024-09-19 09:37:00,2024-09-21 09:19:41.011255078
TX005478,DEV0150,EMP0203,2025-03-16 11:04:00,2025-03-16 19:41:32.368954829
TX005479,DEV0021,EMP0147,2024-03-14 17:47:00,2024-04-07 04:51:53.090967281
TX005480,DEV0203,EMP0140,2024-08-14 18:15:00,2024-08-18 23:02:26.273433338
TX005481,DEV0041,EMP0116,2026-02-21 11:20:00,2026-02-25 02:21:26.140087406
TX005482,DEV0131,EMP0313,2024-11-13 11:36:00,2024-11-15 05:06:09.673607561
TX005483,DEV0233,EMP0077,2025-02-15 07:21:00,2025-02-26 12:20:45.514358254
TX005484,DEV0054,EMP0327,2025-11-07 09:26:00,2025-11-19 06:15:21.513800404
TX005485,DEV0081,EMP0227,2025-11-16 10:29:00,2025-11-23 19:58:30.190883401
TX005486,DEV0056,EMP0419,2026-04-20 12:37:00,2026-04-22 02:42:13.278482879
TX005487,DEV0205,EMP0293,2025-09-11 13:00:00,2025-09-21 10:49:15.512830995
TX005488,DEV0242,EMP0076,2026-03-11 09:48:00,2026-03-21 01:20:34.062339054
TX005489,DEV0022,EMP0304,2024-03-30 13:15:00,2024-04-04 02:39:37.619304579
TX005490,DEV0238,EMP0027,2026-02-02 08:36:00,2026-02-04 18:29:05.104335862
TX005491,DEV0165,EMP0195,2025-07-26 11:16:00,2025-08-14 00:48:54.647641379
TX005492,DEV0032,EMP0343,2025-12-07 10:59:00,2025-12-25 12:14:42.561456250
TX005493,DEV0200,EMP0288,2024-01-13 16:07:00,2024-01-14 16:12:21.643612818
TX005494,DEV0069,EMP0141,2025-12-04 11:39:00,2025-12-06 09:38:26.672650667
TX005495,DEV0005,EMP0312,2026-06-05 17:18:00,2026-06-09 00:53:55.711468439
TX005496,DEV0161,EMP0365,2026-08-27 18:17:00,2026-09-07 19:37:36.442224710
TX005497,DEV0084,EMP0311,2026-06-03 13:34:00,2026-06-15 20:19:42.934831523
TX005498,DEV0004,EMP0323,2024-08-12 15:02:00,2024-08-28 15:18:34.339936178
TX005499,DEV0182,EMP0207,2026-06-21 18:24:00,2026-07-03 18:29:22.169121171
TX005500,DEV0083,EMP0212,2024-04-14 16:55:00,2024-04-15 12:28:30.584825653
TX005501,DEV0135,EMP0250,2025-10-19 11:14:00,2025-10-23 11:52:06.352435064
TX005502,DEV0081,EMP0024,2025-01-01 15:02:00,2025-01-10 03:02:01.333771516
TX005503,DEV0121,EMP0412,2025-10-21 14:48:00,2025-10-23 01:31:11.746486568
TX005504,DEV0051,EMP0376,2024-01-31 13:50:00,2024-02-04 00:18:17.388553152
TX005505,DEV0096,EMP0123,2024-03-19 08:17:00,2024-03-20 14:29:04.845058182
TX005506,DEV0026,EMP0388,2025-09-10 17:43:00,2025-09-15 04:19:06.448547373
TX005507,DEV0244,EMP0262,2024-07-03 18:18:00,2024-07-20 06:25:05.409865208
TX005508,DEV0102,EMP0040,2026-08-24 16:06:00,2026-09-07 15:22:02.794537604
TX005509,DEV0224,EMP0196,2026-01-12 09:36:00,2026-01-15 06:14:59.780447343
TX005510,DEV0183,EMP0419,2024-04-22 07:15:00,2024-04-23 16:08:27.104719499
TX005511,DEV0138,EMP0406,2024-07-22 13:20:00,2024-07-24 17:45:03.056732323
TX005512,DEV0115,EMP0261,2026-08-16 16:14:00,2026-08-27 18:18:12.660099598
TX005513,DEV0124,EMP0315,2024-04-30 07:24:00,2024-05-03 13:52:27.850314850
TX005514,DEV0137,EMP0181,2024-06-20 09:52:00,2024-06-23 03:09:32.448151841
TX005515,DEV0254,EMP0313,2026-01-01 07:09:00,2026-01-04 23:21:07.335630142
TX005516,DEV0043,EMP0355,2025-11-27 09:51:00,2025-12-02 03:17:57.854720259
TX005517,DEV0194,EMP0243,2024-05-07 12:17:00,2024-05-23 06:28:08.111451838
TX005518,DEV0246,EMP0273,2025-03-17 11:15:00,2025-03-20 15:59:43.472386637
TX005519,DEV0051,EMP0282,2025-06-20 07:27:00,2025-06-27 04:39:35.315016684
TX005520,DEV0016,EMP0184,2025-02-08 16:43:00,2025-02-13 08:35:05.233444864
TX005521,DEV0128,EMP0278,2025-10-18 16:32:00,2025-10-22 08:41:16.988605107
TX005522,DEV0104,EMP0247,2024-04-23 11:01:00,2024-04-29 13:09:03.955077351
TX005523,DEV0246,EMP0013,2026-07-05 12:22:00,2026-07-15 02:35:53.982656822
TX005524,DEV0144,EMP0397,2024-06-30 13:03:00,2024-07-13 06:38:59.141628264
TX005525,DEV0083,EMP0112,2026-04-28 12:23:00,2026-05-01 07:43:37.810323554
TX005526,DEV0112,EMP0328,2026-02-04 10:21:00,2026-02-12 13:49:10.265167659
TX005527,DEV0241,EMP0291,2025-06-22 09:52:00,2025-06-26 01:20:34.175368044
TX005528,DEV0171,EMP0237,2024-01-01 10:24:00,2024-01-11 01:43:52.889473753
TX005529,DEV0243,EMP0389,2025-10-29 08:22:00,2025-11-06 07:15:14.248118742
TX005530,DEV0203,EMP0048,2025-05-20 17:28:00,2025-05-24 00:38:20.127030974
TX005531,DEV0100,EMP0333,2024-11-18 11:19:00,2024-11-18 18:29:11.206404483
TX005532,DEV0016,EMP0139,2026-08-02 11:42:00,2026-08-06 23:47:24.953999651
TX005533,DEV0186,EMP0307,2025-05-02 08:01:00,2025-05-06 16:06:26.847993980
TX005534,DEV0175,EMP0373,2025-12-12 15:46:00,2025-12-23 18:45:08.670790008
TX005535,DEV0216,EMP0386,2025-02-17 08:14:00,2025-02-24 17:26:57.828102048
TX005536,DEV0034,EMP0142,2024-04-30 07:41:00,2024-06-03 09:28:27.407361994
TX005537,DEV0083,EMP0226,2024-03-07 14:25:00,2024-03-19 01:43:20.576492316
TX005538,DEV0116,EMP0029,2024-12-16 15:26:00,2024-12-21 19:44:14.600835610
TX005539,DEV0032,EMP0274,2026-07-23 17:59:00,2026-08-24 23:16:58.449194228
TX005540,DEV0042,EMP0290,2025-01-13 13:58:00,2025-01-20 00:15:41.895312451
TX005541,DEV0043,EMP0333,2025-06-05 16:55:00,2025-07-03 17:18:14.389827908
TX005542,DEV0194,EMP0148,2025-07-16 10:30:00,2025-07-23 06:03:22.566208784
TX005543,DEV0211,EMP0355,2024-12-26 13:08:00,2025-01-02 12:25:23.028275103
TX005544,DEV0123,EMP0296,2025-08-21 12:01:00,2025-08-27 05:22:19.207905037
TX005545,DEV0126,EMP0221,2024-07-14 18:02:00,2024-07-22 08:02:32.792576577
TX005546,DEV0176,EMP0168,2026-07-02 12:07:00,2026-07-05 20:25:57.236050519
TX005547,DEV0023,EMP0234,2026-04-22 10:42:00,2026-04-23 21:53:18.871865092
TX005548,DEV0141,EMP0112,2025-05-14 18:05:00,2025-05-29 10:32:52.188001716
TX005549,DEV0169,EMP0171,2026-01-24 14:34:00,2026-01-30 14:31:42.632468939
TX005550,DEV0114,EMP0053,2026-01-26 08:48:00,2026-02-03 15:52:16.671193812
TX005551,DEV0217,EMP0386,2026-06-11 16:16:00,2026-06-20 15:39:27.755123496
TX005552,DEV0242,EMP0148,2025-05-06 14:57:00,2025-05-11 08:19:14.398910975
TX005553,DEV0027,EMP0031,2024-07-30 08:12:00,2024-08-06 08:14:22.320541978
TX005554,DEV0233,EMP0316,2026-05-02 16:40:00,2026-05-06 12:45:01.464657211
TX005555,DEV0020,EMP0331,2024-05-01 14:13:00,2024-05-03 11:33:49.060245234
TX005556,DEV0234,EMP0329,2025-04-09 08:41:00,2025-04-23 15:48:06.602676282
TX005557,DEV0181,EMP0277,2026-07-14 09:47:00,2026-07-28 01:59:08.569238622
TX005558,DEV0034,EMP0139,2025-01-01 16:00:00,2025-01-13 18:22:52.596062237
TX005559,DEV0211,EMP0170,2025-05-15 14:11:00,2025-05-30 18:52:52.767765284
TX005560,DEV0233,EMP0207,2024-12-29 16:17:00,2025-01-06 08:10:48.064153918
TX005561,DEV0164,EMP0203,2024-12-23 11:47:00,2025-01-01 14:34:38.017444628
TX005562,DEV0040,EMP0158,2024-05-17 11:25:00,2024-05-19 14:01:39.430340081
TX005563,DEV0231,EMP0239,2024-05-12 17:42:00,2024-06-01 22:06:48.771761588
TX005564,DEV0222,EMP0324,2026-06-09 16:56:00,2026-06-10 14:28:37.754480081
TX005565,DEV0180,EMP0058,2024-06-28 15:24:00,2024-07-01 21:56:13.734963980
TX005566,DEV0252,EMP0383,2026-06-14 11:15:00,2026-06-18 16:20:09.035540708
TX005567,DEV0243,EMP0359,2026-02-09 07:50:00,2026-02-19 06:15:28.866424695
TX005568,DEV0171,EMP0404,2026-05-21 16:10:00,2026-05-30 23:29:04.224712206
TX005569,DEV0141,EMP0190,2026-05-16 10:44:00,2026-05-19 12:24:18.597900412
TX005570,DEV0115,EMP0219,2025-08-18 07:34:00,2025-08-25 00:06:12.771348632
TX005571,DEV0131,EMP0033,2024-04-06 13:53:00,2024-04-18 21:55:12.399999050
TX005572,DEV0185,EMP0157,2025-01-03 12:07:00,2025-01-21 23:17:40.500301268
TX005573,DEV0155,EMP0178,2025-06-05 13:10:00,2025-06-20 07:44:30.654066569
TX005574,DEV0145,EMP0143,2025-07-29 07:17:00,2025-08-07 04:48:14.693638917
TX005575,DEV0020,EMP0248,2025-03-22 13:47:00,2025-03-23 06:28:48.058436800
TX005576,DEV0096,EMP0207,2024-01-03 12:55:00,2024-01-09 06:33:36.429456335
TX005577,DEV0004,EMP0015,2024-12-11 16:51:00,2024-12-26 20:20:51.575559441
TX005578,DEV0023,EMP0420,2024-03-31 18:54:00,2024-04-04 10:11:28.254369219
TX005579,DEV0011,EMP0149,2024-12-15 12:18:00,2024-12-25 21:27:17.675488689
TX005580,DEV0176,EMP0410,2024-11-08 09:46:00,2024-11-23 13:05:35.373141699
TX005581,DEV0093,EMP0292,2024-04-03 09:41:00,2024-04-05 12:52:25.356005822
TX005582,DEV0232,EMP0034,2025-10-14 09:32:00,2025-10-21 10:49:23.015731274
TX005583,DEV0016,EMP0258,2024-11-21 08:31:00,2024-11-23 01:12:35.216754469
TX005584,DEV0152,EMP0287,2024-12-24 15:50:00,2025-01-08 03:17:14.626110435
TX005585,DEV0235,EMP0091,2024-07-15 13:30:00,2024-07-22 03:13:21.411360024
TX005586,DEV0083,EMP0376,2024-06-06 10:16:00,2024-06-11 09:14:17.119028125
TX005587,DEV0022,EMP0412,2025-03-15 07:36:00,2025-03-27 16:10:10.309109331
TX005588,DEV0031,EMP0090,2025-10-05 14:53:00,2025-10-12 22:00:22.564330674
TX005589,DEV0214,EMP0243,2025-08-19 14:47:00,2025-09-01 01:52:27.032379903
TX005590,DEV0191,EMP0303,2026-07-07 10:27:00,2026-07-10 13:26:28.526467034
TX005591,DEV0126,EMP0391,2024-09-10 12:37:00,2024-09-14 05:27:17.556110667
TX005592,DEV0042,EMP0152,2026-03-09 10:11:00,2026-03-16 01:51:15.604498770
TX005593,DEV0022,EMP0302,2026-07-22 11:09:00,2026-10-02 05:48:52.351893771
TX005594,DEV0214,EMP0326,2025-05-20 14:23:00,2025-06-04 13:05:29.834984416
TX005595,DEV0257,EMP0365,2026-01-24 12:33:00,2026-01-26 21:39:23.046536302
TX005596,DEV0087,EMP0341,2025-02-10 09:11:00,2025-02-18 02:59:26.942362434
TX005597,DEV0093,EMP0356,2026-06-02 10:21:00,2026-06-09 04:09:45.841119859
TX005598,DEV0095,EMP0189,2026-01-15 09:19:00,2026-01-20 18:35:38.163396201
TX005599,DEV0132,EMP0027,2026-05-04 16:12:00,2026-05-23 02:05:46.746779501
TX005600,DEV0083,EMP0289,2024-04-12 17:55:00,2024-04-20 03:16:02.118061693
TX005601,DEV0219,EMP0391,2025-03-16 09:09:00,2025-03-17 07:36:59.990108798
TX005602,DEV0233,EMP0212,2024-11-22 14:25:00,2024-11-30 03:01:38.307275675
TX005603,DEV0094,EMP0067,2025-05-03 07:59:00,2025-05-26 01:11:46.183148573
TX005604,DEV0172,EMP0411,2024-06-08 17:10:00,2024-07-21 17:41:05.837245291
TX005605,DEV0243,EMP0181,2025-12-28 09:33:00,2026-01-10 19:08:25.635548796
TX005606,DEV0171,EMP0329,2024-09-26 17:44:00,2024-10-12 13:25:22.069621771
TX005607,DEV0232,EMP0354,2025-12-17 11:29:00,2025-12-23 10:16:50.530635371
TX005608,DEV0019,EMP0021,2026-04-09 10:51:00,2026-04-09 15:02:41.274857013
TX005609,DEV0035,EMP0350,2025-08-28 17:42:00,2025-10-17 20:23:35.015143490
TX005610,DEV0242,EMP0099,2025-11-18 18:25:00,2025-11-18 23:35:43.174664236
TX005611,DEV0046,EMP0078,2024-12-04 13:10:00,2024-12-08 09:15:23.034169049
TX005612,DEV0227,EMP0180,2024-04-24 10:34:00,2024-04-30 11:24:00.925849913
TX005613,DEV0010,EMP0048,2025-10-26 09:25:00,2025-10-27 05:38:22.059326012
TX005614,DEV0235,EMP0255,2024-05-06 08:47:00,2024-06-01 19:34:02.682052866
TX005615,DEV0032,EMP0350,2026-03-03 16:38:00,2026-03-10 00:05:42.815796286
TX005616,DEV0248,EMP0213,2024-04-16 17:00:00,2024-04-19 19:51:46.258008409
TX005617,DEV0072,EMP0165,2025-11-01 15:56:00,2025-11-07 19:23:52.346588342
TX005618,DEV0201,EMP0262,2026-02-28 13:12:00,2026-03-17 21:18:20.047176465
TX005619,DEV0003,EMP0400,2025-11-17 17:01:00,2025-11-21 00:57:56.639890550
TX005620,DEV0094,EMP0290,2026-04-25 12:54:00,2026-04-27 23:15:17.756313744
TX005621,DEV0019,EMP0358,2025-04-20 12:55:00,2025-04-21 20:33:47.961281079
TX005622,DEV0153,EMP0166,2025-01-28 13:51:00,2025-02-22 09:18:54.314046968
TX005623,DEV0114,EMP0040,2024-03-13 09:22:00,2024-03-19 22:15:49.420065368
TX005624,DEV0126,EMP0152,2024-08-28 07:06:00,2024-09-03 11:38:28.842646656
TX005625,DEV0250,EMP0065,2025-04-08 18:48:00,2025-04-09 10:18:24.155659170
TX005626,DEV0105,EMP0129,2026-03-15 10:53:00,2026-03-24 01:21:49.071430706
TX005627,DEV0164,EMP0274,2025-04-03 11:28:00,2025-04-06 05:17:26.650197936
TX005628,DEV0013,EMP0088,2025-07-09 10:29:00,2025-07-20 19:37:23.092684124
TX005629,DEV0124,EMP0298,2024-04-08 15:22:00,2024-04-13 21:44:09.962114378
TX005630,DEV0101,EMP0267,2024-11-28 16:16:00,2024-12-04 22:31:26.693097738
TX005631,DEV0143,EMP0193,2025-09-11 07:10:00,2025-09-21 09:44:16.938166656
TX005632,DEV0184,EMP0187,2024-10-23 10:56:00,2024-11-03 16:56:17.593404181
TX005633,DEV0126,EMP0017,2026-05-03 15:04:00,2026-05-05 23:18:54.227390011
TX005634,DEV0115,EMP0027,2025-08-04 09:36:00,2025-08-15 03:11:04.743702988
TX005635,DEV0163,EMP0194,2024-04-09 15:25:00,2024-04-21 23:36:14.453030890
TX005636,DEV0063,EMP0095,2025-07-22 15:29:00,2025-07-26 22:16:28.277316114
TX005637,DEV0103,EMP0262,2025-05-15 14:52:00,2025-05-19 22:17:31.736924100
TX005638,DEV0226,EMP0099,2025-11-26 07:08:00,2025-12-03 04:30:30.076938777
TX005639,DEV0141,EMP0403,2025-10-14 08:38:00,2025-10-17 05:35:38.134740021
TX005640,DEV0053,EMP0123,2024-11-21 15:24:00,2024-11-29 13:04:31.416399407
TX005641,DEV0104,EMP0168,2024-09-24 17:15:00,2024-10-03 01:47:36.183712617
TX005642,DEV0164,EMP0352,2025-01-23 13:23:00,2025-02-11 18:22:31.430167717
TX005643,DEV0073,EMP0420,2025-05-17 16:32:00,2025-05-31 12:01:28.132870263
TX005644,DEV0139,EMP0205,2025-12-08 12:36:00,2025-12-11 21:26:57.606997660
TX005645,DEV0243,EMP0055,2025-03-15 08:49:00,2025-03-29 14:04:15.614293495
TX005646,DEV0097,EMP0089,2024-01-25 07:41:00,2024-01-27 18:54:24.294652754
TX005647,DEV0160,EMP0318,2025-12-20 18:39:00,2025-12-23 04:05:06.747207457
TX005648,DEV0051,EMP0012,2026-04-04 09:06:00,2026-04-06 05:32:29.111212205
TX005649,DEV0196,EMP0198,2024-08-21 16:26:00,2024-08-23 20:16:44.813063382
TX005650,DEV0062,EMP0137,2024-05-22 07:50:00,2024-05-26 03:51:56.611672239
TX005651,DEV0032,EMP0298,2024-04-12 17:55:00,2024-04-16 12:51:36.660954483
TX005652,DEV0260,EMP0128,2026-05-11 07:44:00,2026-05-11 18:36:52.471338206
TX005653,DEV0092,EMP0111,2024-02-01 08:01:00,2024-02-05 06:52:59.261788935
TX005654,DEV0032,EMP0070,2026-04-03 07:45:00,2026-04-08 14:42:52.651571731
TX005655,DEV0067,EMP0408,2025-06-01 18:54:00,2025-06-04 00:51:30.668781106
TX005656,DEV0192,EMP0112,2026-06-10 08:28:00,2026-06-21 10:55:20.822948075
TX005657,DEV0151,EMP0129,2024-11-01 15:42:00,2024-11-12 20:59:54.311371513
TX005658,DEV0235,EMP0227,2025-03-15 10:45:00,2025-04-08 03:55:30.592584091
TX005659,DEV0064,EMP0213,2026-02-18 14:06:00,2026-03-10 05:30:17.384155091
TX005660,DEV0211,EMP0041,2024-03-06 07:55:00,2024-03-21 10:50:30.869037563
TX005661,DEV0032,EMP0108,2025-08-15 17:30:00,2025-08-20 17:56:39.219841400
TX005662,DEV0076,EMP0394,2024-06-28 08:56:00,2024-07-01 03:33:04.922412638
TX005663,DEV0194,EMP0415,2025-05-29 07:11:00,2025-06-08 23:01:21.560049373
TX005664,DEV0144,EMP0026,2024-12-29 10:09:00,2025-01-08 16:21:42.697752791
TX005665,DEV0121,EMP0071,2025-07-12 18:43:00,2025-07-28 02:38:34.308588997
TX005666,DEV0151,EMP0088,2026-07-04 11:10:00,2026-07-11 09:19:35.005255397
TX005667,DEV0102,EMP0354,2024-05-03 07:00:00,2024-05-09 05:13:27.873868576
TX005668,DEV0255,EMP0246,2025-03-06 18:13:00,2025-03-16 13:52:01.385616785
TX005669,DEV0041,EMP0060,2025-03-24 11:06:00,2025-04-02 19:15:34.366447657
TX005670,DEV0257,EMP0078,2026-03-19 13:33:00,2026-03-21 17:59:13.142869295
TX005671,DEV0241,EMP0078,2025-07-08 12:18:00,2025-07-20 06:12:09.896669380
TX005672,DEV0191,EMP0097,2024-03-08 08:03:00,2024-03-14 19:07:26.996714717
TX005673,DEV0192,EMP0214,2025-07-08 12:42:00,2025-07-10 19:59:13.785610999
TX005674,DEV0111,EMP0182,2024-08-04 07:59:00,2024-08-09 03:13:40.990339717
TX005675,DEV0171,EMP0130,2024-07-20 16:36:00,2024-07-27 19:21:51.343554539
TX005676,DEV0021,EMP0387,2026-03-31 11:54:00,2026-04-07 01:38:08.695769539
TX005677,DEV0235,EMP0303,2025-11-11 08:08:00,2025-11-22 06:07:56.540033949
TX005678,DEV0127,EMP0320,2024-06-11 18:18:00,2024-06-20 15:42:51.307801988
TX005679,DEV0024,EMP0313,2024-10-12 15:34:00,2024-10-22 12:27:55.528559751
TX005680,DEV0193,EMP0088,2026-08-07 09:24:00,2026-08-16 23:42:13.333441995
TX005681,DEV0037,EMP0083,2026-05-06 13:13:00,2026-05-22 14:35:23.144332064
TX005682,DEV0167,EMP0188,2025-05-10 17:33:00,2025-05-12 06:09:55.491100326
TX005683,DEV0231,EMP0143,2026-01-27 15:42:00,2026-02-13 11:44:35.807821686
TX005684,DEV0005,EMP0261,2025-02-16 08:13:00,2025-02-19 15:23:52.931675674
TX005685,DEV0192,EMP0386,2026-08-04 07:55:00,2026-08-16 04:01:42.334959247
TX005686,DEV0191,EMP0216,2025-10-11 11:58:00,2025-10-15 20:32:50.887278998
TX005687,DEV0193,EMP0405,2024-05-01 13:35:00,2024-06-06 00:42:47.515519623
TX005688,DEV0155,EMP0256,2026-04-27 11:21:00,2026-05-15 07:00:16.175826103
TX005689,DEV0215,EMP0062,2025-09-07 15:26:00,2025-09-19 04:54:46.844666863
TX005690,DEV0182,EMP0172,2025-01-19 13:01:00,2025-01-25 02:01:14.569772734
TX005691,DEV0090,EMP0100,2024-05-12 10:26:00,2024-05-13 22:04:48.926838111
TX005692,DEV0129,EMP0246,2024-01-02 18:44:00,2024-01-07 05:22:48.302886869
TX005693,DEV0073,EMP0334,2026-06-20 15:24:00,2026-06-27 22:22:10.504049950
TX005694,DEV0187,EMP0086,2025-10-06 07:55:00,2025-10-14 09:56:43.307640862
TX005695,DEV0026,EMP0256,2026-07-21 14:15:00,2026-07-26 00:51:21.438838151
TX005696,DEV0213,EMP0338,2024-05-01 09:26:00,2024-05-06 01:03:24.935426496
TX005697,DEV0257,EMP0190,2024-01-22 18:19:00,2024-01-26 22:19:47.216748876
TX005698,DEV0162,EMP0087,2024-09-22 08:39:00,2024-09-22 18:53:20.465104324
TX005699,DEV0033,EMP0096,2026-01-03 17:25:00,2026-01-05 04:04:29.163658408
TX005700,DEV0092,EMP0323,2024-12-28 18:26:00,2025-01-04 03:46:43.622219138
TX005701,DEV0013,EMP0263,2026-05-27 13:55:00,2026-05-29 01:08:31.699902639
TX005702,DEV0015,EMP0192,2024-08-11 09:30:00,2024-08-14 06:22:46.267711609
TX005703,DEV0045,EMP0235,2024-05-29 07:09:00,2024-06-11 16:45:45.390092129
TX005704,DEV0188,EMP0277,2024-03-12 18:04:00,2024-03-13 17:06:43.921851532
TX005705,DEV0143,EMP0085,2024-01-31 07:54:00,2024-02-02 11:30:54.973991851
TX005706,DEV0175,EMP0407,2026-07-30 10:29:00,2026-09-02 09:02:56.201973064
TX005707,DEV0122,EMP0121,2024-03-18 15:48:00,2024-03-19 20:49:56.839422201
TX005708,DEV0126,EMP0226,2025-05-30 15:06:00,2025-06-06 06:48:05.269122255
TX005709,DEV0012,EMP0147,2024-10-31 07:29:00,2024-11-03 01:49:00.004750265
TX005710,DEV0139,EMP0209,2024-10-16 17:32:00,2024-10-18 02:52:41.783404357
TX005711,DEV0011,EMP0303,2025-10-03 17:58:00,2025-10-14 11:26:12.250380627
TX005712,DEV0182,EMP0216,2024-10-28 12:58:00,2024-10-31 05:53:47.093816465
TX005713,DEV0141,EMP0335,2025-08-25 09:38:00,2025-08-28 08:20:16.127854758
TX005714,DEV0195,EMP0066,2024-09-25 15:25:00,2024-10-01 00:27:21.392167762
TX005715,DEV0259,EMP0042,2025-05-28 15:24:00,2025-06-02 19:15:55.302043674
TX005716,DEV0201,EMP0382,2025-08-13 08:24:00,2025-08-22 00:24:56.884222085
TX005717,DEV0105,EMP0019,2024-04-28 10:05:00,2024-05-13 12:37:31.375270928
TX005718,DEV0081,EMP0339,2024-11-30 07:39:00,2024-12-16 14:02:03.207651356
TX005719,DEV0135,EMP0286,2025-03-10 16:27:00,2025-03-18 10:45:07.752834623
TX005720,DEV0204,EMP0006,2024-03-02 14:28:00,2024-03-12 17:07:48.089735141
TX005721,DEV0034,EMP0099,2024-10-12 12:16:00,2024-10-23 15:41:59.087984479
TX005722,DEV0161,EMP0280,2025-01-01 17:03:00,2025-01-22 07:26:49.657614237
TX005723,DEV0206,EMP0287,2024-08-27 14:33:00,2024-09-05 04:08:56.991465124
TX005724,DEV0033,EMP0267,2026-07-22 08:21:00,2026-07-23 00:56:52.183433023
TX005725,DEV0142,EMP0034,2024-03-02 07:42:00,2024-03-18 15:56:36.773734459
TX005726,DEV0250,EMP0048,2026-08-05 17:29:00,2026-08-06 11:11:45.917106614
TX005727,DEV0254,EMP0357,2026-02-09 12:41:00,2026-02-18 17:37:07.546807457
TX005728,DEV0255,EMP0202,2025-08-07 14:09:00,2025-08-09 12:18:58.492378429
TX005729,DEV0021,EMP0060,2025-07-16 18:50:00,2025-08-04 04:53:26.199173329
TX005730,DEV0253,EMP0362,2024-05-25 14:05:00,2024-05-30 14:26:05.300915662
TX005731,DEV0217,EMP0188,2026-07-04 18:32:00,2026-07-10 05:04:44.247355842
TX005732,DEV0194,EMP0238,2025-02-28 14:02:00,2025-03-09 10:13:36.832429927
TX005733,DEV0104,EMP0167,2026-07-11 11:21:00,2026-08-05 10:42:47.530574019
TX005734,DEV0114,EMP0175,2025-12-04 10:25:00,2025-12-21 10:04:48.304182529
TX005735,DEV0135,EMP0376,2026-04-09 12:37:00,2026-04-26 21:36:11.744783708
TX005736,DEV0192,EMP0064,2025-06-17 14:38:00,2025-06-24 08:58:01.296859468
TX005737,DEV0116,EMP0316,2025-10-05 17:13:00,2025-10-18 08:22:18.183578848
TX005738,DEV0226,EMP0040,2025-10-09 08:39:00,2025-10-13 06:22:48.596889336
TX005739,DEV0065,EMP0179,2025-05-16 13:54:00,2025-06-01 18:49:52.664626266
TX005740,DEV0124,EMP0020,2026-07-15 17:22:00,2026-07-23 13:39:54.594510919
TX005741,DEV0237,EMP0340,2025-11-07 11:56:00,2025-11-13 20:58:37.032370390
TX005742,DEV0033,EMP0282,2025-02-06 14:14:00,2025-02-26 04:20:16.374837811
TX005743,DEV0003,EMP0244,2024-05-14 16:16:00,2024-05-15 20:04:49.537559607
TX005744,DEV0154,EMP0012,2026-07-14 18:16:00,2026-08-01 03:09:53.905107687
TX005745,DEV0232,EMP0340,2026-05-22 16:13:00,2026-06-06 03:12:47.326179260
TX005746,DEV0169,EMP0325,2024-09-21 12:49:00,2024-09-22 03:30:04.754014696
TX005747,DEV0143,EMP0386,2024-04-26 13:13:00,2024-05-02 14:17:19.697460235
TX005748,DEV0002,EMP0120,2025-12-25 07:38:00,2026-01-03 23:12:20.424149771
TX005749,DEV0021,EMP0044,2025-09-14 10:20:00,2025-09-22 05:28:40.430333618
TX005750,DEV0153,EMP0342,2025-05-20 14:09:00,2025-05-25 12:03:46.148866314
TX005751,DEV0105,EMP0030,2025-02-22 08:06:00,2025-03-01 03:27:48.617473056
TX005752,DEV0157,EMP0275,2024-05-05 18:48:00,2024-05-15 01:04:01.688245534
TX005753,DEV0122,EMP0125,2026-01-28 16:06:00,2026-02-09 23:30:28.958658571
TX005754,DEV0241,EMP0063,2025-11-13 15:26:00,2025-11-15 02:07:16.718772309
TX005755,DEV0071,EMP0345,2026-03-29 14:15:00,2026-04-11 21:47:04.378120376
TX005756,DEV0174,EMP0358,2024-12-08 16:39:00,2024-12-14 14:15:01.674057265
TX005757,DEV0254,EMP0355,2025-11-03 15:55:00,2025-11-10 17:59:25.958043938
TX005758,DEV0011,EMP0340,2025-07-29 11:30:00,2025-08-08 15:49:18.371795071
TX005759,DEV0131,EMP0415,2025-01-20 16:59:00,2025-01-28 20:52:01.467306788
TX005760,DEV0034,EMP0135,2024-10-07 16:16:00,2024-10-26 21:36:35.512145787
TX005761,DEV0082,EMP0211,2025-03-31 16:34:00,2025-04-05 04:36:53.919736238
TX005762,DEV0234,EMP0288,2025-09-16 15:08:00,2025-10-19 05:31:39.132802694
TX005763,DEV0044,EMP0095,2026-06-27 18:04:00,2026-07-01 17:38:19.525812068
TX005764,DEV0045,EMP0013,2026-03-26 11:02:00,2026-04-02 12:32:36.153903310
TX005765,DEV0141,EMP0010,2025-07-13 18:01:00,2025-07-20 13:52:24.854697132
TX005766,DEV0054,EMP0064,2025-11-02 16:40:00,2025-11-16 15:12:20.879035645
TX005767,DEV0136,EMP0314,2025-11-07 08:45:00,2025-11-13 20:15:46.916043904
TX005768,DEV0135,EMP0166,2025-06-24 11:07:00,2025-07-14 12:38:29.048988747
TX005769,DEV0012,EMP0059,2026-01-24 12:50:00,2026-02-06 15:58:53.587680518
TX005770,DEV0108,EMP0321,2024-11-29 17:25:00,2024-12-02 03:04:22.541521853
TX005771,DEV0017,EMP0248,2024-01-06 16:58:00,2024-01-10 02:54:32.948368171
TX005772,DEV0253,EMP0341,2026-04-02 14:08:00,2026-04-09 20:46:45.363797257
TX005773,DEV0029,EMP0257,2025-01-15 08:16:00,2025-01-17 10:14:03.953141913
TX005774,DEV0162,EMP0016,2026-04-23 13:55:00,2026-05-10 22:21:42.791598643
TX005775,DEV0052,EMP0375,2024-02-21 11:26:00,2024-03-01 06:18:52.051382066
TX005776,DEV0021,EMP0173,2025-08-25 14:42:00,2025-09-02 18:56:21.820698796
TX005777,DEV0108,EMP0379,2025-03-06 16:34:00,2025-03-07 10:44:26.104473334
TX005778,DEV0221,EMP0200,2025-03-15 14:54:00,2025-03-24 06:37:50.294190221
TX005779,DEV0122,EMP0219,2025-04-25 12:53:00,2025-05-02 11:19:03.892616128
TX005780,DEV0222,EMP0357,2026-07-12 13:21:00,2026-07-15 10:09:03.053202912
TX005781,DEV0121,EMP0377,2025-02-04 12:05:00,2025-02-05 03:24:34.095611964
TX005782,DEV0133,EMP0035,2025-06-12 07:04:00,2025-06-18 06:02:55.339895634
TX005783,DEV0232,EMP0033,2025-02-23 08:21:00,2025-02-28 14:37:48.214800005
TX005784,DEV0192,EMP0076,2024-05-14 14:23:00,2024-05-23 09:21:47.223936659
TX005785,DEV0207,EMP0343,2025-05-28 10:09:00,2025-06-06 22:52:14.379258847
TX005786,DEV0114,EMP0219,2025-02-09 10:42:00,2025-02-20 11:42:19.920322459
TX005787,DEV0123,EMP0264,2024-07-27 16:01:00,2024-07-28 19:20:43.438543637
TX005788,DEV0173,EMP0419,2024-11-13 15:01:00,2024-11-22 21:35:23.643263179
TX005789,DEV0233,EMP0151,2026-04-10 12:53:00,2026-04-18 12:29:17.363804764
TX005790,DEV0181,EMP0249,2024-08-06 12:12:00,2024-08-09 20:31:47.365765886
TX005791,DEV0051,EMP0227,2025-03-25 18:50:00,2025-03-31 01:13:22.539135447
TX005792,DEV0031,EMP0360,2025-10-15 09:31:00,2025-10-28 14:14:01.562683439
TX005793,DEV0065,EMP0118,2024-11-18 13:42:00,2024-11-22 20:57:17.035319180
TX005794,DEV0243,EMP0123,2024-08-02 11:20:00,2024-08-07 16:24:09.093018675
TX005795,DEV0055,EMP0346,2025-07-11 12:46:00,2025-07-14 03:04:11.776048237
TX005796,DEV0253,EMP0320,2024-01-18 09:59:00,2024-01-29 00:24:56.400911936
TX005797,DEV0002,EMP0408,2024-06-25 09:26:00,2024-06-30 19:46:22.971714732
TX005798,DEV0067,EMP0219,2025-08-14 11:21:00,2025-08-19 10:16:47.999269533
TX005799,DEV0051,EMP0089,2024-03-01 12:00:00,2024-03-06 21:44:34.435747273
TX005800,DEV0228,EMP0105,2024-10-13 13:11:00,2024-10-16 00:37:17.780143593
TX005801,DEV0207,EMP0188,2026-04-15 16:59:00,2026-04-29 19:04:09.196269928
TX005802,DEV0251,EMP0241,2025-09-08 17:46:00,2025-09-14 03:25:27.440605237
TX005803,DEV0152,EMP0159,2024-11-25 18:14:00,2024-12-02 00:57:21.746877766
TX005804,DEV0053,EMP0344,2026-03-31 08:01:00,2026-04-10 01:21:47.781170921
TX005805,DEV0155,EMP0152,2025-09-06 13:23:00,2025-09-07 19:11:37.417048022
TX005806,DEV0215,EMP0308,2024-02-28 10:39:00,2024-03-19 00:34:54.858567278
TX005807,DEV0024,EMP0416,2024-07-27 11:38:00,2024-07-31 02:25:13.155990938
TX005808,DEV0194,EMP0018,2025-10-26 11:35:00,2025-10-31 09:35:43.422360850
TX005809,DEV0076,EMP0005,2025-12-22 17:25:00,2025-12-31 05:17:10.045618432
TX005810,DEV0041,EMP0064,2026-03-06 09:28:00,2026-03-18 22:19:42.431705724
TX005811,DEV0203,EMP0051,2026-03-11 17:36:00,2026-03-16 15:18:01.823460097
TX005812,DEV0235,EMP0287,2024-04-24 14:54:00,2024-05-06 23:31:55.391957296
TX005813,DEV0067,EMP0340,2024-08-16 11:38:00,2024-08-19 16:27:04.588610028
TX005814,DEV0246,EMP0367,2024-02-03 12:01:00,2024-02-10 09:55:02.800278568
TX005815,DEV0122,EMP0219,2025-11-05 18:24:00,2025-12-07 04:48:15.428444670
TX005816,DEV0168,EMP0079,2026-07-12 07:29:00,2026-07-14 21:44:44.647925651
TX005817,DEV0161,EMP0036,2025-04-19 12:30:00,2025-04-29 09:07:25.829047120
TX005818,DEV0039,EMP0149,2025-11-17 15:43:00,2025-11-20 23:53:37.249335458
TX005819,DEV0213,EMP0314,2024-10-29 14:17:00,2024-11-07 15:14:40.057968020
TX005820,DEV0204,EMP0382,2026-05-19 14:21:00,2026-05-26 18:10:39.072503157
TX005821,DEV0069,EMP0034,2025-01-25 18:27:00,2025-01-27 04:25:25.489138293
TX005822,DEV0179,EMP0135,2024-10-24 10:41:00,2024-10-30 03:37:49.750751678
TX005823,DEV0247,EMP0113,2024-05-23 15:19:00,2024-05-26 01:48:57.474164215
TX005824,DEV0251,EMP0247,2026-04-13 17:53:00,2026-04-14 23:14:20.924612979
TX005825,DEV0093,EMP0350,2024-08-09 10:08:00,2024-08-24 12:44:07.885461747
TX005826,DEV0066,EMP0013,2026-06-29 17:56:00,2026-07-06 16:19:42.360780819
TX005827,DEV0153,EMP0390,2026-03-22 15:58:00,2026-04-06 09:13:39.178313930
TX005828,DEV0094,EMP0288,2025-10-12 13:32:00,2025-10-20 14:17:21.536049461
TX005829,DEV0141,EMP0351,2026-03-06 11:49:00,2026-03-08 12:53:40.127146691
TX005830,DEV0188,EMP0059,2026-07-18 18:17:00,2026-07-24 10:57:58.971463195
TX005831,DEV0141,EMP0274,2024-05-11 18:11:00,2024-05-14 21:22:41.992281291
TX005832,DEV0156,EMP0033,2024-02-21 08:00:00,2024-02-25 04:36:10.175146777
TX005833,DEV0030,EMP0384,2024-06-12 18:43:00,2024-06-14 20:03:45.920864895
TX005834,DEV0061,EMP0345,2026-05-07 15:16:00,2026-05-14 00:04:53.477506578
TX005835,DEV0051,EMP0352,2024-11-26 12:39:00,2024-12-29 18:16:01.097337933
TX005836,DEV0071,EMP0321,2024-06-13 09:32:00,2024-06-21 18:46:55.824402243
TX005837,DEV0033,EMP0178,2026-02-26 14:50:00,2026-03-01 15:35:11.769737784
TX005838,DEV0252,EMP0413,2025-04-10 18:56:00,2025-04-22 19:17:15.335323496
TX005839,DEV0241,EMP0281,2026-04-11 15:47:00,2026-04-23 17:12:11.254411202
TX005840,DEV0167,EMP0083,2026-03-10 15:44:00,2026-03-12 08:22:08.287548316
TX005841,DEV0002,EMP0307,2025-11-30 13:33:00,2025-12-04 09:18:08.307170505
TX005842,DEV0032,EMP0048,2025-10-04 11:45:00,2025-10-25 08:49:20.824532159
TX005843,DEV0165,EMP0085,2026-05-26 12:43:00,2026-06-03 14:36:22.584883003
TX005844,DEV0131,EMP0003,2025-07-29 18:54:00,2025-08-11 01:43:38.807474491
TX005845,DEV0221,EMP0089,2024-09-15 13:08:00,2024-09-30 10:09:43.064652769
TX005846,DEV0243,EMP0245,2024-11-05 10:03:00,2024-11-08 13:01:56.384980381
TX005847,DEV0102,EMP0025,2024-03-19 09:33:00,2024-03-24 21:32:12.354537522
TX005848,DEV0256,EMP0120,2025-02-10 07:22:00,2025-02-12 21:13:44.307486385
TX005849,DEV0155,EMP0167,2024-07-13 14:24:00,2024-07-18 13:59:08.180274192
TX005850,DEV0183,EMP0072,2025-04-14 13:17:00,2025-05-02 06:41:47.621562452
TX005851,DEV0025,EMP0193,2026-05-28 10:44:00,2026-05-31 19:03:02.846893972
TX005852,DEV0189,EMP0014,2024-11-22 09:31:00,2024-11-23 00:57:24.305485330
TX005853,DEV0062,EMP0222,2026-05-02 08:57:00,2026-05-05 08:02:27.247908505
TX005854,DEV0223,EMP0041,2024-06-08 16:47:00,2024-06-16 03:00:14.217934381
TX005855,DEV0091,EMP0115,2026-05-20 09:27:00,2026-05-26 05:46:30.447904784
TX005856,DEV0163,EMP0411,2024-12-16 11:40:00,2024-12-28 10:28:37.013254741
TX005857,DEV0159,EMP0181,2026-02-28 16:05:00,2026-03-02 14:07:01.930067652
TX005858,DEV0083,EMP0328,2025-07-04 08:29:00,2025-07-06 20:00:17.735072240
TX005859,DEV0213,EMP0211,2026-01-14 07:10:00,2026-01-20 03:26:03.233419844
TX005860,DEV0183,EMP0262,2025-01-15 16:37:00,2025-01-23 08:14:43.949375847
TX005861,DEV0213,EMP0270,2024-10-06 10:57:00,2024-10-09 23:27:44.149030524
TX005862,DEV0241,EMP0059,2026-02-08 11:26:00,2026-02-16 07:54:40.204252195
TX005863,DEV0033,EMP0418,2025-03-06 18:30:00,2025-03-11 05:19:55.076845244
TX005864,DEV0061,EMP0216,2025-07-13 12:31:00,2025-07-18 14:27:02.228983906
TX005865,DEV0201,EMP0003,2025-04-20 17:34:00,2025-04-23 16:05:38.821588634
TX005866,DEV0221,EMP0014,2025-06-18 09:31:00,2025-06-30 12:27:51.255333885
TX005867,DEV0043,EMP0304,2025-02-14 12:03:00,2025-03-03 04:44:56.126005358
TX005868,DEV0231,EMP0202,2024-06-30 13:00:00,2024-07-02 17:37:09.719407060
TX005869,DEV0075,EMP0319,2024-08-20 11:15:00,2024-08-29 22:46:34.025032883
TX005870,DEV0245,EMP0033,2026-01-24 15:25:00,2026-01-26 23:59:13.976580739
TX005871,DEV0112,EMP0095,2025-07-03 17:20:00,2025-07-08 01:54:31.939916066
TX005872,DEV0232,EMP0368,2025-07-14 15:37:00,2025-07-25 15:37:12.579466227
TX005873,DEV0028,EMP0057,2026-05-20 08:17:00,2026-05-25 16:36:14.244872591
TX005874,DEV0070,EMP0419,2025-08-16 16:20:00,2025-08-18 07:18:22.323627938
TX005875,DEV0081,EMP0374,2024-12-06 09:11:00,2024-12-09 23:34:06.095399773
TX005876,DEV0250,EMP0130,2024-01-13 11:48:00,2024-01-14 05:56:16.395508800
TX005877,DEV0175,EMP0030,2024-02-18 13:23:00,2024-02-29 12:24:57.613290776
TX005878,DEV0081,EMP0223,2024-12-09 08:38:00,2024-12-12 16:31:25.655970208
TX005879,DEV0023,EMP0149,2024-09-03 18:00:00,2024-09-11 23:15:46.081181713
TX005880,DEV0094,EMP0388,2024-05-24 12:01:00,2024-06-16 19:26:18.685476177
TX005881,DEV0055,EMP0211,2026-01-30 08:28:00,2026-01-31 20:35:11.668834552
TX005882,DEV0103,EMP0057,2024-12-03 15:12:00,2024-12-06 03:06:16.437195002
TX005883,DEV0156,EMP0287,2025-02-05 07:14:00,2025-02-10 13:02:38.830649646
TX005884,DEV0023,EMP0135,2026-04-08 17:22:00,2026-04-12 13:46:42.946083308
TX005885,DEV0213,EMP0307,2026-05-01 13:09:00,2026-05-02 23:40:02.179964044
TX005886,DEV0041,EMP0330,2025-09-25 16:21:00,2025-10-08 10:41:33.108326068
TX005887,DEV0178,EMP0328,2024-02-08 07:05:00,2024-02-09 06:28:08.946872746
TX005888,DEV0109,EMP0126,2026-02-12 12:19:00,2026-02-13 21:05:51.024367715
TX005889,DEV0161,EMP0058,2024-05-21 12:26:00,2024-05-30 13:51:09.117772817
TX005890,DEV0257,EMP0338,2025-10-14 11:21:00,2025-10-18 16:55:22.644114156
TX005891,DEV0004,EMP0157,2024-03-02 11:39:00,2024-03-09 18:28:21.639618703
TX005892,DEV0044,EMP0070,2024-11-19 07:01:00,2024-11-24 22:17:52.873932577
TX005893,DEV0122,EMP0311,2024-05-03 18:18:00,2024-05-07 08:49:38.001326354
TX005894,DEV0242,EMP0231,2026-02-05 07:36:00,2026-02-12 17:46:36.681737359
TX005895,DEV0142,EMP0340,2026-08-23 17:57:00,2026-08-26 10:06:27.379987992
TX005896,DEV0176,EMP0317,2026-05-30 08:19:00,2026-06-05 04:05:01.266408566
TX005897,DEV0183,EMP0312,2026-02-27 09:53:00,2026-03-01 18:57:39.144528530
TX005898,DEV0223,EMP0016,2025-04-14 10:37:00,2025-05-04 00:36:23.263061639
TX005899,DEV0121,EMP0370,2025-08-08 08:43:00,2025-08-12 08:10:52.720022870
TX005900,DEV0112,EMP0408,2024-04-06 16:45:00,2024-04-15 00:40:57.372125733
TX005901,DEV0087,EMP0033,2025-12-08 15:10:00,2025-12-12 20:05:15.587098249
TX005902,DEV0193,EMP0338,2025-08-11 15:00:00,2025-08-30 17:50:04.614955676
TX005903,DEV0065,EMP0107,2025-12-01 17:37:00,2025-12-19 15:08:03.910048867
TX005904,DEV0219,EMP0208,2025-08-23 07:34:00,2025-08-25 08:29:36.791102985
TX005905,DEV0161,EMP0259,2024-05-02 11:55:00,2024-05-06 20:23:25.853484336
TX005906,DEV0223,EMP0001,2026-03-16 12:19:00,2026-03-16 14:19:00.000000000
TX005907,DEV0093,EMP0380,2024-09-25 16:49:00,2024-10-01 03:57:01.723497379
TX005908,DEV0072,EMP0268,2026-05-24 07:52:00,2026-06-02 07:26:01.707593039
TX005909,DEV0142,EMP0380,2024-06-11 13:06:00,2024-06-17 09:21:28.877121258
TX005910,DEV0203,EMP0272,2024-03-02 18:45:00,2024-03-20 01:01:35.199067369
TX005911,DEV0206,EMP0073,2024-04-11 13:48:00,2024-04-18 21:31:05.960516308
TX005912,DEV0183,EMP0257,2025-07-22 14:20:00,2025-07-28 08:39:49.546349084
TX005913,DEV0195,EMP0144,2026-02-08 10:41:00,2026-02-20 06:48:11.608930485
TX005914,DEV0143,EMP0053,2025-06-19 11:35:00,2025-07-02 04:09:54.095897640
TX005915,DEV0214,EMP0234,2026-02-11 14:40:00,2026-02-21 22:28:09.729235673
TX005916,DEV0187,EMP0079,2024-04-18 11:32:00,2024-04-25 16:46:19.209971997
TX005917,DEV0003,EMP0275,2024-04-21 16:55:00,2024-05-05 04:00:13.636773063
TX005918,DEV0192,EMP0404,2024-02-01 12:44:00,2024-02-07 10:57:36.872686488
TX005919,DEV0259,EMP0091,2024-07-21 11:18:00,2024-07-22 09:47:23.700857170
TX005920,DEV0063,EMP0241,2024-05-11 07:52:00,2024-05-12 23:54:46.448299414
TX005921,DEV0201,EMP0145,2025-10-26 17:50:00,2025-10-30 23:45:38.088142557
TX005922,DEV0104,EMP0193,2025-06-30 10:35:00,2025-07-16 10:09:18.716377611
TX005923,DEV0182,EMP0193,2025-11-25 10:57:00,2025-11-30 00:16:04.533174756
TX005924,DEV0091,EMP0380,2025-08-24 12:16:00,2025-09-03 03:26:06.234923453
TX005925,DEV0084,EMP0293,2025-08-02 16:37:00,2025-08-10 02:41:24.466338014
TX005926,DEV0034,EMP0268,2024-05-14 10:30:00,2024-05-25 08:31:51.044520959
TX005927,DEV0116,EMP0377,2026-04-19 07:47:00,2026-04-27 20:22:51.633697503
TX005928,DEV0146,EMP0352,2024-04-22 11:32:00,2024-04-23 00:48:24.078421788
TX005929,DEV0007,EMP0225,2026-04-18 16:13:00,2026-04-22 23:41:01.424466478
TX005930,DEV0020,EMP0326,2025-12-30 09:03:00,2025-12-31 15:36:29.964790661
TX005931,DEV0138,EMP0138,2026-04-01 12:34:00,2026-04-02 08:58:23.858787076
TX005932,DEV0171,EMP0124,2024-10-06 12:55:00,2024-10-17 16:32:15.904635585
TX005933,DEV0045,EMP0113,2025-10-25 12:49:00,2025-10-27 16:09:41.725412213
TX005934,DEV0113,EMP0076,2025-04-19 18:45:00,2025-04-26 20:41:43.886010456
TX005935,DEV0182,EMP0089,2025-09-27 08:19:00,2025-09-27 13:49:33.566793269
TX005936,DEV0082,EMP0058,2025-12-20 11:14:00,2025-12-24 16:36:06.399388258
TX005937,DEV0038,EMP0043,2025-09-29 07:22:00,2025-09-30 12:05:30.345272750
TX005938,DEV0181,EMP0075,2024-04-07 18:21:00,2024-04-19 05:26:47.255839532
TX005939,DEV0013,EMP0408,2026-06-17 13:22:00,2026-06-18 05:37:14.432463497
TX005940,DEV0221,EMP0125,2025-04-12 13:47:00,2025-04-14 16:12:52.398350325
TX005941,DEV0117,EMP0003,2024-04-05 09:02:00,2024-04-05 21:05:55.448977594
TX005942,DEV0201,EMP0391,2024-12-17 12:47:00,2025-01-04 23:02:31.895253529
TX005943,DEV0042,EMP0064,2024-10-16 13:37:00,2024-11-01 09:09:10.030845049
TX005944,DEV0073,EMP0308,2024-11-13 08:19:00,2024-11-17 06:24:37.719147766
TX005945,DEV0253,EMP0219,2024-04-10 11:04:00,2024-04-16 06:03:22.763098488
TX005946,DEV0023,EMP0309,2026-04-01 14:29:00,2026-04-02 15:21:13.784895713
TX005947,DEV0054,EMP0049,2026-08-30 07:33:00,2026-10-04 15:36:27.699342326
TX005948,DEV0241,EMP0143,2026-02-24 11:32:00,2026-03-08 14:08:05.984290851
TX005949,DEV0121,EMP0326,2026-04-06 12:54:00,2026-04-07 07:23:24.428613181
TX005950,DEV0073,EMP0417,2024-08-05 11:23:00,2024-08-11 22:47:12.206668776
TX005951,DEV0001,EMP0265,2024-05-14 13:00:00,2024-05-29 04:10:07.883310746
TX005952,DEV0031,EMP0053,2024-12-26 10:58:00,2024-12-29 11:16:46.411793869
TX005953,DEV0031,EMP0233,2025-05-18 13:25:00,2025-05-20 06:02:16.104159062
TX005954,DEV0151,EMP0246,2025-12-23 12:29:00,2025-12-27 14:16:32.892153166
TX005955,DEV0097,EMP0166,2026-05-30 17:42:00,2026-06-04 17:00:32.536432865
TX005956,DEV0255,EMP0186,2025-02-25 09:59:00,2025-03-03 10:57:36.861357069
TX005957,DEV0172,EMP0184,2025-07-12 08:58:00,2025-07-15 10:59:34.793971385
TX005958,DEV0042,EMP0018,2025-07-08 12:31:00,2025-07-19 03:50:48.784646477
TX005959,DEV0181,EMP0124,2025-06-17 13:39:00,2025-06-19 11:50:38.185899096
TX005960,DEV0001,EMP0347,2025-11-28 12:09:00,2025-12-02 03:33:35.008954693
TX005961,DEV0231,EMP0114,2026-08-19 08:46:00,2026-08-26 02:05:17.881035409
TX005962,DEV0182,EMP0185,2025-04-05 10:30:00,2025-04-23 01:45:05.502671964
TX005963,DEV0003,EMP0130,2024-04-18 13:59:00,2024-04-29 09:09:19.936474123
TX005964,DEV0134,EMP0090,2024-04-15 16:08:00,2024-04-18 09:54:08.788081585
TX005965,DEV0252,EMP0055,2026-03-02 12:24:00,2026-03-20 07:01:07.369378361
TX005966,DEV0115,EMP0161,2026-04-15 07:39:00,2026-04-29 23:05:59.472346949
TX005967,DEV0222,EMP0062,2024-12-07 11:40:00,2024-12-17 21:08:45.226683793
TX005968,DEV0200,EMP0322,2025-01-21 12:56:00,2025-01-22 10:07:36.946826510
TX005969,DEV0071,EMP0328,2026-03-22 09:46:00,2026-03-24 07:53:53.304615151
TX005970,DEV0221,EMP0268,2025-05-07 08:43:00,2025-05-11 12:52:38.569272290
TX005971,DEV0191,EMP0219,2024-03-11 13:27:00,2024-03-17 00:52:24.999424141
TX005972,DEV0034,EMP0346,2024-11-02 12:50:00,2024-11-13 00:22:48.677008347
TX005973,DEV0086,EMP0174,2025-02-02 08:33:00,2025-02-08 21:33:44.592390410
TX005974,DEV0147,EMP0236,2025-09-28 16:19:00,2025-10-02 04:45:01.121020615
TX005975,DEV0234,EMP0145,2024-06-08 11:02:00,2024-06-19 14:06:08.551214846
TX005976,DEV0194,EMP0078,2026-04-03 08:15:00,2026-04-11 17:11:56.448200710
TX005977,DEV0244,EMP0365,2026-07-31 15:29:00,2026-08-26 16:52:52.912469463
TX005978,DEV0034,EMP0087,2025-12-14 07:41:00,2025-12-23 11:56:42.407070613
TX005979,DEV0252,EMP0167,2025-01-29 15:08:00,2025-02-02 01:53:54.758900033
TX005980,DEV0158,EMP0297,2024-01-08 07:48:00,2024-01-08 18:30:15.578207412
TX005981,DEV0163,EMP0240,2024-12-21 14:23:00,2025-01-01 21:10:06.505574632
TX005982,DEV0061,EMP0349,2025-10-02 07:16:00,2025-10-09 07:03:23.190363283
TX005983,DEV0243,EMP0397,2024-10-09 13:52:00,2024-10-10 11:20:56.032938235
TX005984,DEV0082,EMP0355,2024-07-16 12:05:00,2024-07-19 20:11:18.033769092
TX005985,DEV0231,EMP0194,2025-10-15 16:10:00,2025-10-17 16:51:44.149834243
TX005986,DEV0021,EMP0210,2024-05-18 14:56:00,2024-05-24 21:03:44.998436161
TX005987,DEV0093,EMP0389,2026-03-26 18:09:00,2026-04-01 00:42:25.483460751
TX005988,DEV0020,EMP0142,2024-01-28 13:53:00,2024-01-29 18:05:22.075322449
TX005989,DEV0134,EMP0209,2026-01-19 17:54:00,2026-03-03 07:27:51.127725599
TX005990,DEV0155,EMP0163,2024-07-14 18:09:00,2024-07-23 16:44:43.240985477
TX005991,DEV0005,EMP0151,2025-08-09 15:04:00,2025-08-11 17:08:22.586859418
TX005992,DEV0121,EMP0230,2024-08-13 18:22:00,2024-08-20 00:31:19.782600284
TX005993,DEV0132,EMP0268,2025-06-26 15:28:00,2025-06-30 19:06:23.995114968
TX005994,DEV0203,EMP0267,2025-01-15 16:06:00,2025-01-20 20:51:21.868984152
TX005995,DEV0064,EMP0106,2025-09-22 15:59:00,2025-11-07 21:46:30.561256668
TX005996,DEV0204,EMP0074,2024-11-12 17:44:00,2024-11-28 08:38:28.736618308
TX005997,DEV0066,EMP0080,2026-04-07 11:09:00,2026-04-13 08:59:27.892082019
TX005998,DEV0152,EMP0151,2024-03-22 18:54:00,2024-03-29 06:50:52.395265403
TX005999,DEV0093,EMP0106,2024-12-10 14:24:00,2024-12-17 21:44:01.449920959
TX006000,DEV0194,EMP0084,2024-01-27 07:41:00,2024-02-08 15:39:48.444961027
TX006001,DEV0167,EMP0026,2026-02-09 10:30:00,2026-02-14 01:51:51.057173336
TX006002,DEV0082,EMP0341,2024-02-01 09:42:00,2024-03-17 06:12:55.411147940
TX006003,DEV0017,EMP0264,2026-05-06 07:39:00,2026-05-09 16:42:06.633944981
TX006004,DEV0227,EMP0177,2025-06-02 13:33:00,2025-06-04 19:37:03.431530200
TX006005,DEV0251,EMP0180,2025-08-13 13:50:00,2025-08-23 04:41:33.330178741
TX006006,DEV0072,EMP0334,2024-08-07 15:00:00,2024-08-08 23:01:53.276013348
TX006007,DEV0126,EMP0219,2024-05-01 12:26:00,2024-05-04 15:19:41.148179762
TX006008,DEV0042,EMP0332,2025-11-14 16:32:00,2025-11-23 03:20:33.471819681
TX006009,DEV0211,EMP0066,2026-03-19 14:36:00,2026-03-25 15:47:25.078383656
TX006010,DEV0073,EMP0141,2025-07-20 16:03:00,2025-07-28 22:02:12.859086598
TX006011,DEV0177,EMP0035,2026-01-27 11:36:00,2026-02-07 13:12:50.047804869
TX006012,DEV0165,EMP0274,2026-02-23 17:23:00,2026-03-12 01:14:01.422123021
TX006013,DEV0096,EMP0259,2026-08-20 14:36:00,2026-08-26 21:47:26.880512675
TX006014,DEV0210,EMP0066,2025-09-12 12:00:00,2025-09-17 16:16:42.081232455
TX006015,DEV0173,EMP0212,2024-01-27 12:57:00,2024-01-29 23:25:28.249483754
TX006016,DEV0121,EMP0213,2026-01-05 07:37:00,2026-01-11 16:00:19.033924784
TX006017,DEV0221,EMP0255,2024-06-02 13:20:00,2024-06-30 10:45:00.548911343
TX006018,DEV0124,EMP0167,2024-10-18 12:47:00,2024-10-30 21:21:39.319639899
TX006019,DEV0121,EMP0003,2026-05-22 15:35:00,2026-05-29 14:00:05.863366212
TX006020,DEV0031,EMP0382,2024-11-29 16:10:00,2024-12-03 12:55:33.134692767
TX006021,DEV0099,EMP0171,2024-07-25 17:05:00,2024-07-28 07:00:50.367891592
TX006022,DEV0161,EMP0026,2026-04-15 13:15:00,2026-05-06 15:37:56.808202366
TX006023,DEV0095,EMP0050,2025-11-19 17:50:00,2025-12-10 16:43:46.252642483
TX006024,DEV0202,EMP0162,2025-11-03 17:24:00,2025-11-05 11:45:22.546985425
TX006025,DEV0141,EMP0197,2024-02-29 13:37:00,2024-03-03 05:38:07.465228151
TX006026,DEV0051,EMP0004,2026-02-16 17:54:00,2026-02-19 11:58:18.126382015
TX006027,DEV0220,EMP0398,2026-02-15 15:21:00,2026-02-16 05:07:55.866430246
TX006028,DEV0092,EMP0248,2026-01-27 16:40:00,2026-02-07 12:20:31.736989760
TX006029,DEV0048,EMP0204,2024-01-16 14:33:00,2024-01-23 17:08:41.961527876
TX006030,DEV0112,EMP0266,2025-03-02 17:58:00,2025-03-06 15:52:10.071868481
TX006031,DEV0045,EMP0115,2024-05-28 17:56:00,2024-06-04 23:19:37.466353421
TX006032,DEV0171,EMP0332,2025-01-01 16:01:00,2025-01-09 22:03:27.177820816
TX006033,DEV0256,EMP0302,2024-11-29 07:07:00,2024-12-12 17:16:19.750897693
TX006034,DEV0162,EMP0040,2025-04-28 16:27:00,2025-05-18 07:04:20.475634903
TX006035,DEV0053,EMP0118,2024-04-24 16:12:00,2024-05-01 10:14:53.491217040
TX006036,DEV0032,EMP0039,2024-03-31 17:03:00,2024-05-05 22:10:10.825769756
TX006037,DEV0171,EMP0216,2024-06-15 08:49:00,2024-06-18 13:49:20.288887701
TX006038,DEV0103,EMP0127,2025-06-18 16:44:00,2025-06-22 18:08:24.004355067
TX006039,DEV0259,EMP0196,2024-04-22 14:49:00,2024-04-25 06:38:11.678315659
TX006040,DEV0081,EMP0070,2024-04-08 16:59:00,2024-04-22 09:46:09.180160401
TX006041,DEV0033,EMP0174,2025-02-11 12:43:00,2025-02-17 05:56:42.289045671
TX006042,DEV0182,EMP0218,2025-11-06 09:56:00,2025-11-11 00:08:06.418482779
TX006043,DEV0255,EMP0090,2024-01-20 13:19:00,2024-01-21 06:42:06.822080813
TX006044,DEV0005,EMP0286,2025-11-09 18:06:00,2025-11-19 04:18:20.622679070
TX006045,DEV0211,EMP0003,2025-09-25 11:45:00,2025-10-02 10:36:55.596747433
TX006046,DEV0190,EMP0029,2025-01-02 16:39:00,2025-01-03 11:38:45.218703546
TX006047,DEV0056,EMP0139,2025-03-21 12:24:00,2025-03-23 10:04:20.751756646
TX006048,DEV0072,EMP0291,2026-08-01 16:46:00,2026-08-05 09:05:56.543487482
TX006049,DEV0207,EMP0308,2024-05-19 09:35:00,2024-05-24 05:45:17.288334284
TX006050,DEV0091,EMP0169,2025-01-13 13:32:00,2025-01-15 09:50:06.980649425
TX006051,DEV0165,EMP0092,2026-05-29 15:47:00,2026-06-05 19:29:08.214318902
TX006052,DEV0186,EMP0300,2026-07-31 07:00:00,2026-08-04 03:31:12.734825214
TX006053,DEV0222,EMP0056,2025-03-24 08:47:00,2025-03-26 04:44:11.612576173
TX006054,DEV0243,EMP0035,2025-02-17 10:00:00,2025-02-24 04:30:33.880956197
TX006055,DEV0188,EMP0012,2024-08-14 11:07:00,2024-08-19 11:35:46.302851453
TX006056,DEV0015,EMP0254,2024-12-28 11:26:00,2025-01-16 01:09:33.850463771
TX006057,DEV0086,EMP0208,2026-06-28 14:48:00,2026-08-07 13:33:18.360189132
TX006058,DEV0127,EMP0301,2026-01-28 16:05:00,2026-02-08 04:57:43.121898969
TX006059,DEV0041,EMP0267,2026-06-07 18:10:00,2026-06-11 12:54:00.553716087
TX006060,DEV0130,EMP0301,2024-02-09 08:32:00,2024-02-11 17:02:16.504095274
TX006061,DEV0195,EMP0265,2024-03-02 16:29:00,2024-03-07 18:07:39.556541909
TX006062,DEV0011,EMP0369,2024-09-02 14:49:00,2024-09-11 06:28:15.562683247
TX006063,DEV0041,EMP0151,2026-02-07 18:10:00,2026-02-12 19:16:22.765299825
TX006064,DEV0254,EMP0262,2024-04-21 07:51:00,2024-04-27 19:34:55.087238848
TX006065,DEV0002,EMP0296,2025-07-12 16:34:00,2025-07-21 15:02:01.385750403
TX006066,DEV0138,EMP0326,2025-10-18 09:08:00,2025-10-19 03:44:01.154623984
TX006067,DEV0056,EMP0223,2025-05-12 07:04:00,2025-05-17 15:56:51.512878530
TX006068,DEV0162,EMP0295,2024-08-28 17:44:00,2024-08-31 05:39:08.666735706
TX006069,DEV0041,EMP0304,2024-11-12 13:15:00,2024-11-20 05:09:03.880425492
TX006070,DEV0214,EMP0383,2024-06-24 07:19:00,2024-07-10 05:15:47.052436961
TX006071,DEV0130,EMP0314,2025-12-29 07:45:00,2025-12-31 11:48:00.719218801
TX006072,DEV0028,EMP0407,2025-04-28 17:35:00,2025-04-29 06:10:00.782559723
TX006073,DEV0132,EMP0339,2026-06-29 17:59:00,2026-07-03 16:39:11.529505268
TX006074,DEV0092,EMP0390,2026-05-15 15:57:00,2026-05-20 16:42:56.585101868
TX006075,DEV0144,EMP0327,2026-01-01 14:19:00,2026-01-08 04:38:26.631480524
TX006076,DEV0101,EMP0325,2024-04-06 12:27:00,2024-04-19 05:56:52.648479406
TX006077,DEV0032,EMP0163,2025-09-30 09:14:00,2025-10-17 15:25:30.275328990
TX006078,DEV0251,EMP0115,2024-04-19 15:45:00,2024-04-21 05:24:57.097738459
TX006079,DEV0215,EMP0414,2026-05-31 16:07:00,2026-06-06 07:06:05.408220683
TX006080,DEV0203,EMP0305,2024-02-08 09:29:00,2024-02-23 02:43:44.959573311
TX006081,DEV0162,EMP0138,2024-07-26 09:13:00,2024-08-10 05:07:54.209808667
TX006082,DEV0081,EMP0348,2026-01-27 13:53:00,2026-01-27 19:00:26.510205930
TX006083,DEV0012,EMP0043,2025-06-19 10:13:00,2025-06-29 22:29:11.081476536
TX006084,DEV0252,EMP0071,2026-07-07 10:47:00,2026-07-10 04:07:12.745299711
TX006085,DEV0093,EMP0041,2025-01-26 12:59:00,2025-01-29 17:09:30.536358396
TX006086,DEV0174,EMP0278,2024-04-27 17:33:00,2024-05-09 05:52:53.617030598
TX006087,DEV0061,EMP0123,2024-07-24 09:41:00,2024-07-26 21:52:43.488573464
TX006088,DEV0002,EMP0301,2026-05-05 09:15:00,2026-05-06 19:43:12.072735181
TX006089,DEV0052,EMP0376,2025-05-26 16:03:00,2025-05-27 17:07:41.146925190
TX006090,DEV0254,EMP0163,2024-12-01 14:37:00,2024-12-13 19:34:45.838460482
TX006091,DEV0101,EMP0250,2024-01-05 14:34:00,2024-01-12 05:03:11.020060973
TX006092,DEV0246,EMP0309,2025-01-14 11:39:00,2025-01-17 16:29:27.612782148
TX006093,DEV0084,EMP0176,2024-12-22 12:29:00,2025-01-01 23:42:46.508319533
TX006094,DEV0080,EMP0038,2024-03-21 10:57:00,2024-03-23 03:19:06.890451798
TX006095,DEV0195,EMP0122,2025-09-26 11:37:00,2025-10-10 15:12:50.821439278
TX006096,DEV0193,EMP0119,2026-02-16 13:38:00,2026-02-19 16:05:27.113218843
TX006097,DEV0232,EMP0136,2025-01-09 08:43:00,2025-01-14 05:52:29.949357069
TX006098,DEV0128,EMP0155,2024-04-04 16:32:00,2024-04-05 06:21:36.355990359
TX006099,DEV0113,EMP0352,2025-07-15 10:46:00,2025-07-18 10:17:55.820288754
TX006100,DEV0113,EMP0031,2024-01-13 18:14:00,2024-02-13 08:58:12.721361417
TX006101,DEV0223,EMP0145,2025-03-24 09:00:00,2025-03-27 09:48:16.631171278
TX006102,DEV0043,EMP0173,2026-05-31 11:46:00,2026-06-02 12:09:38.712067497
TX006103,DEV0244,EMP0376,2024-04-10 08:26:00,2024-04-15 14:07:32.430052510
TX006104,DEV0181,EMP0071,2025-08-12 13:16:00,2025-08-24 21:58:49.509604340
TX006105,DEV0116,EMP0086,2024-09-10 09:06:00,2024-09-12 17:42:07.118679499
TX006106,DEV0147,EMP0236,2024-05-12 14:26:00,2024-05-14 02:47:11.401448962
TX006107,DEV0032,EMP0352,2026-06-26 09:33:00,2026-06-27 19:38:56.006820198
TX006108,DEV0054,EMP0053,2024-04-13 16:36:00,2024-04-19 00:14:33.870024231
TX006109,DEV0045,EMP0390,2024-04-15 17:59:00,2024-05-10 06:27:42.948595952
TX006110,DEV0237,EMP0312,2026-07-07 12:15:00,2026-07-09 12:20:15.816463563
TX006111,DEV0140,EMP0131,2024-07-31 15:13:00,2024-08-01 10:30:39.701348466
TX006112,DEV0067,EMP0168,2025-04-20 15:55:00,2025-05-03 17:18:16.231548799
TX006113,DEV0222,EMP0039,2025-10-26 08:01:00,2025-10-29 11:26:43.959494387
TX006114,DEV0031,EMP0395,2025-05-04 07:38:00,2025-05-08 22:08:15.776903779
TX006115,DEV0162,EMP0195,2026-01-15 09:57:00,2026-01-22 22:32:16.479889421
TX006116,DEV0209,EMP0050,2025-02-07 12:21:00,2025-02-11 03:10:48.717716680
TX006117,DEV0033,EMP0146,2025-06-30 11:59:00,2025-07-08 16:49:25.456735579
TX006118,DEV0249,EMP0145,2024-11-28 09:10:00,2024-12-02 00:51:46.517697663
TX006119,DEV0153,EMP0196,2026-01-18 16:38:00,2026-01-24 08:15:20.963914815
TX006120,DEV0031,EMP0386,2026-02-21 17:42:00,2026-02-25 06:23:24.655300367
TX006121,DEV0022,EMP0015,2026-02-05 10:13:00,2026-02-08 15:45:43.270362654
TX006122,DEV0207,EMP0014,2024-10-06 14:01:00,2024-10-12 15:37:04.094632605
TX006123,DEV0021,EMP0366,2025-02-05 12:41:00,2025-02-11 23:39:55.077326387
TX006124,DEV0253,EMP0385,2025-09-01 18:44:00,2025-09-04 08:54:13.692204054
TX006125,DEV0244,EMP0177,2024-11-10 08:11:00,2024-11-24 01:46:17.444224540
TX006126,DEV0011,EMP0115,2025-08-18 11:50:00,2025-08-25 10:19:37.454019964
TX006127,DEV0015,EMP0023,2025-05-06 17:05:00,2025-05-25 11:41:46.762671442
TX006128,DEV0152,EMP0099,2026-06-29 07:44:00,2026-07-17 09:19:48.469492666
TX006129,DEV0193,EMP0201,2025-12-04 18:41:00,2025-12-12 04:01:07.263289890
TX006130,DEV0007,EMP0288,2026-01-22 15:32:00,2026-01-26 14:18:22.250802137
TX006131,DEV0023,EMP0088,2024-08-04 11:49:00,2024-08-17 10:47:50.443565615
TX006132,DEV0104,EMP0327,2025-08-10 08:14:00,2025-08-16 09:44:19.528540637
TX006133,DEV0187,EMP0122,2026-04-01 14:11:00,2026-04-04 06:45:11.889621276
TX006134,DEV0083,EMP0277,2024-01-28 11:49:00,2024-01-31 21:08:25.556497420
TX006135,DEV0183,EMP0222,2025-07-13 10:39:00,2025-07-17 09:58:57.261697293
TX006136,DEV0070,EMP0308,2025-01-15 14:14:00,2025-01-15 20:20:59.111391864
TX006137,DEV0245,EMP0193,2025-07-20 18:48:00,2025-07-28 06:03:40.941606065
TX006138,DEV0103,EMP0358,2025-08-29 14:46:00,2025-09-07 14:03:07.758551233
TX006139,DEV0095,EMP0069,2025-10-25 10:51:00,2025-11-13 10:17:03.117087595
TX006140,DEV0112,EMP0037,2024-06-22 07:51:00,2024-07-01 22:56:10.391477946
TX006141,DEV0165,EMP0163,2025-02-24 12:22:00,2025-03-22 06:44:33.045039994
TX006142,DEV0011,EMP0202,2024-03-01 11:45:00,2024-03-06 11:40:51.168184910
TX006143,DEV0071,EMP0261,2026-07-25 13:42:00,2026-08-09 20:13:17.615325595
TX006144,DEV0253,EMP0307,2024-12-13 15:19:00,2024-12-18 02:58:55.587914473
TX006145,DEV0064,EMP0299,2025-09-07 15:44:00,2025-09-15 02:13:20.723132173
TX006146,DEV0135,EMP0137,2025-08-24 16:37:00,2025-09-07 03:41:26.211893867
TX006147,DEV0211,EMP0107,2026-08-10 13:56:00,2026-08-16 03:13:52.080900879
TX006148,DEV0169,EMP0175,2024-01-08 10:22:00,2024-01-18 06:01:16.346928621
TX006149,DEV0093,EMP0147,2026-02-26 12:06:00,2026-03-01 02:31:54.620335837
TX006150,DEV0071,EMP0144,2026-02-11 16:47:00,2026-02-14 11:30:50.351592285
TX006151,DEV0094,EMP0048,2024-12-02 16:27:00,2024-12-16 00:11:05.775615200
TX006152,DEV0184,EMP0034,2024-03-26 17:20:00,2024-03-30 04:48:15.373171853
TX006153,DEV0254,EMP0004,2025-03-12 13:06:00,2025-03-14 03:34:34.166985163
TX006154,DEV0095,EMP0163,2024-08-19 15:11:00,2024-08-25 17:51:57.298579900
TX006155,DEV0066,EMP0279,2025-03-12 12:50:00,2025-03-22 11:44:42.683994688
TX006156,DEV0224,EMP0156,2025-11-19 14:06:00,2025-12-14 05:11:38.706730535
TX006157,DEV0119,EMP0108,2025-10-06 14:18:00,2025-10-09 23:05:47.601925635
TX006158,DEV0113,EMP0116,2025-03-19 18:56:00,2025-03-25 23:26:35.214379907
TX006159,DEV0076,EMP0161,2024-01-12 11:31:00,2024-01-14 17:05:10.455359856
TX006160,DEV0196,EMP0060,2024-06-27 13:42:00,2024-07-08 02:39:31.086068490
TX006161,DEV0034,EMP0003,2025-03-24 07:57:00,2025-03-24 20:33:31.924942505
TX006162,DEV0214,EMP0100,2026-05-15 15:06:00,2026-05-25 21:51:22.279266481
TX006163,DEV0145,EMP0346,2026-07-28 08:39:00,2026-08-20 05:00:25.280285272
TX006164,DEV0139,EMP0072,2025-12-25 13:21:00,2025-12-29 20:18:08.342824280
TX006165,DEV0164,EMP0189,2024-02-22 07:05:00,2024-02-23 20:44:31.553570435
TX006166,DEV0131,EMP0246,2025-05-02 11:02:00,2025-05-12 07:52:09.852716056
TX006167,DEV0008,EMP0214,2025-09-26 18:30:00,2025-09-29 17:05:01.994142355
TX006168,DEV0251,EMP0288,2026-04-08 14:53:00,2026-04-12 14:42:25.790902245
TX006169,DEV0141,EMP0224,2025-11-19 15:44:00,2025-12-09 01:29:32.748109893
TX006170,DEV0237,EMP0125,2026-05-11 13:43:00,2026-05-15 13:08:37.511523736
TX006171,DEV0011,EMP0138,2024-10-03 09:04:00,2024-10-10 11:56:06.179406806
TX006172,DEV0225,EMP0100,2024-04-04 09:23:00,2024-04-14 11:11:47.620640366
TX006173,DEV0184,EMP0028,2024-11-28 14:15:00,2024-12-12 03:34:17.404960498
TX006174,DEV0142,EMP0164,2024-05-20 10:47:00,2024-05-29 22:18:32.553357928
TX006175,DEV0131,EMP0238,2024-07-26 08:47:00,2024-10-17 03:54:10.074036901
TX006176,DEV0191,EMP0272,2024-09-11 08:57:00,2024-09-20 03:54:14.631042859
TX006177,DEV0043,EMP0007,2025-05-03 13:01:00,2025-05-09 07:54:19.834048238
TX006178,DEV0131,EMP0351,2024-12-10 17:08:00,2024-12-21 04:37:05.900604815
TX006179,DEV0199,EMP0085,2025-01-17 17:59:00,2025-01-22 02:28:42.540969586
TX006180,DEV0043,EMP0280,2026-04-16 11:28:00,2026-04-22 02:50:50.099957260
TX006181,DEV0031,EMP0078,2025-03-11 11:33:00,2025-03-15 03:17:06.606269492
TX006182,DEV0132,EMP0308,2024-01-14 14:26:00,2024-01-19 02:22:21.204134856
TX006183,DEV0041,EMP0377,2026-01-18 16:29:00,2026-01-26 20:16:48.040710102
TX006184,DEV0227,EMP0032,2024-05-23 11:37:00,2024-06-04 18:19:21.630583476
TX006185,DEV0031,EMP0219,2024-03-17 07:29:00,2024-03-23 02:54:40.252697268
TX006186,DEV0232,EMP0310,2026-06-23 14:01:00,2026-06-30 17:24:53.995413749
TX006187,DEV0164,EMP0332,2024-12-02 11:05:00,2024-12-11 07:33:13.802213326
TX006188,DEV0170,EMP0339,2024-01-06 07:13:00,2024-01-08 01:57:49.395720238
TX006189,DEV0007,EMP0378,2026-03-03 16:49:00,2026-03-11 00:41:08.579481116
TX006190,DEV0062,EMP0132,2026-04-27 11:50:00,2026-05-06 11:02:55.338193967
TX006191,DEV0125,EMP0136,2025-08-15 17:05:00,2025-11-06 17:33:22.367170491
TX006192,DEV0093,EMP0371,2025-02-24 14:06:00,2025-04-08 13:37:13.737056235
TX006193,DEV0162,EMP0158,2025-05-29 09:37:00,2025-06-10 00:10:39.332080159
TX006194,DEV0203,EMP0157,2025-08-15 09:47:00,2025-08-24 06:48:22.093474106
TX006195,DEV0172,EMP0217,2025-06-30 13:30:00,2025-07-12 21:32:24.873988956
TX006196,DEV0084,EMP0019,2024-07-17 10:05:00,2024-07-25 06:54:54.443356533
TX006197,DEV0254,EMP0262,2025-06-14 17:11:00,2025-06-23 10:12:27.055369938
TX006198,DEV0052,EMP0379,2026-03-17 18:22:00,2026-03-23 04:37:52.210072835
TX006199,DEV0259,EMP0290,2025-03-08 08:19:00,2025-03-11 21:34:58.432897930
TX006200,DEV0141,EMP0259,2024-12-08 07:37:00,2024-12-18 00:42:55.834209494
TX006201,DEV0201,EMP0141,2024-07-22 07:36:00,2024-07-28 03:56:03.994505758
TX006202,DEV0005,EMP0154,2024-01-07 14:28:00,2024-01-25 06:06:00.784297064
TX006203,DEV0050,EMP0220,2026-03-25 10:21:00,2026-03-31 08:11:56.771912113
TX006204,DEV0133,EMP0177,2026-08-03 17:24:00,2026-08-05 05:42:09.880887036
TX006205,DEV0178,EMP0160,2024-06-27 17:47:00,2024-06-29 00:48:49.089424176
TX006206,DEV0140,EMP0080,2025-12-16 12:39:00,2025-12-18 07:05:24.040549621
TX006207,DEV0210,EMP0200,2024-10-19 10:10:00,2024-10-20 06:50:38.045175837
TX006208,DEV0251,EMP0362,2026-04-24 13:32:00,2026-06-11 07:52:12.864785728
TX006209,DEV0202,EMP0197,2024-01-08 10:51:00,2024-03-02 09:58:32.897268871
TX006210,DEV0017,EMP0268,2024-08-14 09:32:00,2024-08-16 19:26:53.831693068
TX006211,DEV0214,EMP0052,2025-10-29 08:38:00,2025-11-13 16:15:25.112114627
TX006212,DEV0003,EMP0181,2025-01-29 11:13:00,2025-02-01 00:39:38.061894668
TX006213,DEV0049,EMP0395,2026-02-05 08:48:00,2026-02-08 23:44:10.894655542
TX006214,DEV0184,EMP0406,2024-08-15 17:07:00,2024-08-19 16:33:30.567424652
TX006215,DEV0050,EMP0249,2025-05-01 08:31:00,2025-05-02 04:35:21.133513082
TX006216,DEV0203,EMP0060,2024-12-08 11:45:00,2024-12-09 02:19:43.975874656
TX006217,DEV0172,EMP0330,2025-12-29 12:07:00,2026-01-01 04:14:50.960687393
TX006218,DEV0034,EMP0367,2026-07-25 15:59:00,2026-08-05 14:07:40.987825447
TX006219,DEV0133,EMP0195,2026-08-01 12:15:00,2026-08-06 23:27:07.483534247
TX006220,DEV0252,EMP0065,2024-12-06 15:00:00,2024-12-10 13:39:48.450018574
TX006221,DEV0012,EMP0199,2025-12-29 17:13:00,2026-01-04 08:14:25.319085098
TX006222,DEV0094,EMP0311,2025-11-28 12:59:00,2025-12-11 03:07:28.247447023
TX006223,DEV0140,EMP0195,2025-12-02 13:41:00,2025-12-03 09:23:32.619174563
TX006224,DEV0123,EMP0133,2025-07-05 13:19:00,2025-07-16 02:08:15.498018777
TX006225,DEV0163,EMP0395,2026-01-10 13:05:00,2026-01-13 05:01:32.046220610
TX006226,DEV0257,EMP0323,2025-09-08 12:56:00,2025-09-09 17:30:51.894317689
TX006227,DEV0070,EMP0065,2026-02-18 11:13:00,2026-02-21 09:18:01.276174617
TX006228,DEV0196,EMP0034,2026-04-21 08:14:00,2026-04-26 06:03:16.369135766
TX006229,DEV0026,EMP0344,2025-08-22 10:06:00,2025-08-23 20:51:07.859520580
TX006230,DEV0229,EMP0163,2024-08-22 17:31:00,2024-08-24 09:34:57.854456947
TX006231,DEV0242,EMP0308,2025-05-01 18:51:00,2025-05-16 09:36:32.181140706
TX006232,DEV0170,EMP0187,2026-08-19 08:35:00,2026-08-21 15:05:49.000880973
TX006233,DEV0202,EMP0232,2026-07-30 12:15:00,2026-08-03 21:52:05.958648015
TX006234,DEV0003,EMP0210,2025-05-21 12:56:00,2025-06-08 15:04:04.877908470
TX006235,DEV0119,EMP0047,2025-01-22 09:45:00,2025-01-24 13:58:29.155492096
TX006236,DEV0035,EMP0152,2025-01-04 09:57:00,2025-01-17 07:39:32.514136809
TX006237,DEV0223,EMP0049,2025-08-31 15:57:00,2025-09-05 08:01:36.603380061
TX006238,DEV0034,EMP0088,2025-07-24 09:48:00,2025-07-27 16:36:18.073088331
TX006239,DEV0124,EMP0276,2026-01-16 18:35:00,2026-02-06 16:14:30.545762404
TX006240,DEV0093,EMP0373,2026-02-28 09:59:00,2026-03-08 19:43:59.452994483
TX006241,DEV0102,EMP0134,2025-05-10 10:44:00,2025-05-24 15:04:08.712107074
TX006242,DEV0102,EMP0413,2024-05-28 12:05:00,2024-06-22 17:57:31.995570151
TX006243,DEV0247,EMP0182,2026-08-26 14:04:00,2026-08-30 00:13:52.074246860
TX006244,DEV0252,EMP0153,2024-02-05 18:31:00,2024-02-09 08:50:18.464178281
TX006245,DEV0102,EMP0393,2025-02-13 08:57:00,2025-02-15 16:53:54.281243039
TX006246,DEV0123,EMP0296,2025-08-10 14:28:00,2025-08-21 10:20:33.849457999
TX006247,DEV0071,EMP0194,2026-08-29 13:00:00,2026-09-04 22:27:51.320257144
TX006248,DEV0162,EMP0091,2026-02-01 16:36:00,2026-02-08 13:59:29.416928788
TX006249,DEV0142,EMP0215,2024-12-01 13:31:00,2024-12-12 04:23:08.639948558
TX006250,DEV0220,EMP0049,2025-01-14 09:28:00,2025-01-15 11:00:07.782029669
TX006251,DEV0006,EMP0391,2026-06-01 09:11:00,2026-06-12 10:04:01.636039905
TX006252,DEV0033,EMP0289,2025-07-15 12:28:00,2025-07-21 05:24:59.076307471
TX006253,DEV0256,EMP0295,2024-04-29 08:40:00,2024-05-14 20:04:20.701825851
TX006254,DEV0002,EMP0008,2024-05-11 18:07:00,2024-05-15 02:02:26.029446164
TX006255,DEV0153,EMP0181,2024-03-07 07:12:00,2024-03-10 23:09:36.464983918
TX006256,DEV0081,EMP0210,2024-04-17 08:53:00,2024-04-26 03:51:37.447714429
TX006257,DEV0153,EMP0414,2026-06-22 10:59:00,2026-07-01 00:38:58.357715424
TX006258,DEV0037,EMP0217,2025-06-12 15:22:00,2025-06-17 07:08:47.547636421
TX006259,DEV0023,EMP0235,2026-08-23 10:08:00,2026-09-01 15:22:11.533244985
TX006260,DEV0037,EMP0241,2024-11-09 15:01:00,2024-11-16 09:46:23.157710677
TX006261,DEV0167,EMP0343,2025-04-13 08:58:00,2025-04-18 08:06:19.274648313
TX006262,DEV0035,EMP0348,2024-09-26 17:54:00,2024-10-04 23:41:53.616181216
TX006263,DEV0146,EMP0032,2024-03-22 18:15:00,2024-04-01 05:19:18.047774068
TX006264,DEV0167,EMP0416,2025-07-05 16:19:00,2025-07-08 20:00:47.286690022
TX006265,DEV0053,EMP0111,2025-09-23 14:41:00,2025-09-28 11:19:28.935473780
TX006266,DEV0034,EMP0001,2025-07-28 17:53:00,2025-08-07 23:57:31.247254218
TX006267,DEV0184,EMP0169,2025-11-21 14:52:00,2025-11-27 10:07:36.169414129
TX006268,DEV0226,EMP0059,2025-06-03 18:45:00,2025-06-06 22:39:28.320329929
TX006269,DEV0102,EMP0120,2025-05-29 08:43:00,2025-05-31 02:28:02.321025150
TX006270,DEV0237,EMP0185,2024-05-14 17:22:00,2024-05-16 00:24:32.405794639
TX006271,DEV0142,EMP0142,2026-03-27 16:56:00,2026-04-01 06:15:59.328186203
TX006272,DEV0201,EMP0117,2026-02-27 08:43:00,2026-03-09 21:46:03.203136436
TX006273,DEV0052,EMP0199,2024-04-09 07:14:00,2024-04-15 14:41:06.470103462
TX006274,DEV0251,EMP0266,2024-02-12 18:07:00,2024-02-18 06:58:20.453587034
TX006275,DEV0038,EMP0122,2025-12-02 18:42:00,2025-12-04 02:31:56.805891007
TX006276,DEV0253,EMP0013,2025-12-24 16:48:00,2025-12-26 02:24:39.361064202
TX006277,DEV0193,EMP0248,2024-04-27 14:26:00,2024-04-29 12:37:37.020918061
TX006278,DEV0133,EMP0249,2024-08-26 16:04:00,2024-09-03 07:27:52.551267902
TX006279,DEV0115,EMP0158,2026-05-09 14:57:00,2026-05-15 09:33:18.813482027
TX006280,DEV0008,EMP0186,2025-04-19 15:16:00,2025-04-22 05:08:20.582467516
TX006281,DEV0104,EMP0179,2025-06-24 13:34:00,2025-07-03 09:39:53.656171968
TX006282,DEV0052,EMP0033,2024-07-04 14:41:00,2024-07-12 02:37:22.981837261
TX006283,DEV0251,EMP0087,2024-05-21 15:52:00,2024-06-08 20:49:20.442231117
TX006284,DEV0170,EMP0152,2024-10-10 07:07:00,2024-10-12 20:33:05.882218890
TX006285,DEV0171,EMP0106,2024-11-08 12:34:00,2024-11-09 08:30:04.615028795
TX006286,DEV0142,EMP0134,2026-03-28 17:07:00,2026-03-30 03:13:21.039485168
TX006287,DEV0036,EMP0288,2025-06-19 09:21:00,2025-06-21 06:31:04.494229652
TX006288,DEV0021,EMP0273,2024-10-21 10:10:00,2024-10-26 02:10:47.096278206
TX006289,DEV0193,EMP0335,2024-06-03 13:26:00,2024-06-09 08:28:34.972281177
TX006290,DEV0021,EMP0303,2024-11-09 08:21:00,2024-11-17 10:27:28.484868651
TX006291,DEV0077,EMP0357,2025-04-24 14:05:00,2025-05-08 21:57:54.574792413
TX006292,DEV0071,EMP0127,2025-05-24 07:37:00,2025-05-28 04:58:58.562152852
TX006293,DEV0209,EMP0399,2025-03-16 16:29:00,2025-03-22 02:41:21.417632122
TX006294,DEV0001,EMP0024,2025-04-15 08:55:00,2025-04-19 07:14:53.887560075
TX006295,DEV0102,EMP0184,2025-03-31 18:11:00,2025-04-02 04:17:24.081921526
TX006296,DEV0121,EMP0173,2026-07-03 16:10:00,2026-07-13 10:05:13.461052666
TX006297,DEV0131,EMP0283,2024-04-30 15:09:00,2024-05-05 20:56:06.583977129
TX006298,DEV0071,EMP0182,2024-10-03 13:08:00,2024-10-06 01:27:06.426548139
TX006299,DEV0092,EMP0127,2024-06-17 10:14:00,2024-06-26 05:14:07.074227885
TX006300,DEV0218,EMP0002,2025-12-25 18:29:00,2025-12-28 15:56:43.026332966
TX006301,DEV0135,EMP0214,2024-02-16 16:11:00,2024-02-21 23:48:42.444618569
TX006302,DEV0222,EMP0003,2025-09-28 09:36:00,2025-09-28 20:52:45.705282541
TX006303,DEV0212,EMP0137,2024-10-29 15:55:00,2024-11-11 06:40:46.471039498
TX006304,DEV0111,EMP0326,2025-02-22 11:02:00,2025-03-01 04:19:07.767398396
TX006305,DEV0221,EMP0162,2025-07-16 16:51:00,2025-07-22 16:47:55.414033723
TX006306,DEV0231,EMP0047,2026-01-31 18:50:00,2026-02-05 02:43:09.615209429
TX006307,DEV0142,EMP0177,2024-01-19 08:38:00,2024-01-21 05:24:28.255803355
TX006308,DEV0124,EMP0387,2024-01-04 17:17:00,2024-01-16 10:12:44.271858174
TX006309,DEV0047,EMP0142,2024-02-29 14:42:00,2024-03-12 22:09:17.323363690
TX006310,DEV0194,EMP0368,2024-12-01 13:03:00,2024-12-11 05:22:48.032227545
TX006311,DEV0252,EMP0013,2025-03-20 18:36:00,2025-03-24 04:23:59.121496239
TX006312,DEV0173,EMP0208,2026-07-29 13:07:00,2026-08-02 11:55:59.544158870
TX006313,DEV0124,EMP0399,2024-12-14 08:28:00,2024-12-17 21:11:02.794074235
TX006314,DEV0205,EMP0240,2025-07-20 10:18:00,2025-07-28 08:42:02.141622510
TX006315,DEV0034,EMP0287,2026-05-18 17:08:00,2026-05-21 04:19:29.078229252
TX006316,DEV0170,EMP0213,2024-12-05 16:39:00,2024-12-06 21:38:00.363854363
TX006317,DEV0117,EMP0312,2024-05-22 14:32:00,2024-05-23 18:57:34.628961748
TX006318,DEV0113,EMP0022,2026-02-25 15:19:00,2026-02-28 10:13:14.976138022
TX006319,DEV0078,EMP0104,2024-10-21 08:44:00,2024-10-22 21:59:16.419908753
TX006320,DEV0103,EMP0147,2026-08-30 13:12:00,2026-09-05 19:00:02.129077603
TX006321,DEV0013,EMP0345,2026-04-04 17:21:00,2026-04-18 07:29:54.544691911
TX006322,DEV0251,EMP0029,2025-05-26 12:46:00,2025-06-10 01:00:08.525570815
TX006323,DEV0099,EMP0235,2025-12-04 10:59:00,2025-12-07 02:15:08.895494676
TX006324,DEV0084,EMP0147,2026-03-16 12:39:00,2026-03-23 23:28:38.232435799
TX006325,DEV0192,EMP0106,2026-02-15 09:49:00,2026-02-19 05:16:27.263254690
TX006326,DEV0175,EMP0359,2026-03-31 08:52:00,2026-04-20 06:56:07.948085818
TX006327,DEV0241,EMP0301,2026-01-22 12:31:00,2026-02-01 12:12:35.871764802
TX006328,DEV0202,EMP0013,2026-04-12 11:14:00,2026-04-13 02:57:50.586279191
TX006329,DEV0242,EMP0221,2024-02-04 07:37:00,2024-02-08 02:42:44.847640810
TX006330,DEV0235,EMP0232,2026-08-25 10:40:00,2026-09-01 15:44:05.711034592
TX006331,DEV0194,EMP0161,2024-03-09 12:19:00,2024-03-22 02:24:55.524490816
TX006332,DEV0182,EMP0014,2024-03-03 15:22:00,2024-03-12 19:21:24.296011097
TX006333,DEV0167,EMP0411,2025-01-19 08:54:00,2025-01-21 19:55:41.615457031
TX006334,DEV0064,EMP0254,2024-08-21 15:47:00,2024-08-24 23:57:30.162217518
TX006335,DEV0023,EMP0270,2026-02-04 12:06:00,2026-02-11 02:04:38.064227951
TX006336,DEV0029,EMP0078,2026-02-05 17:41:00,2026-02-07 18:51:00.339497132
TX006337,DEV0164,EMP0102,2026-03-12 11:05:00,2026-03-23 01:23:43.491466352
TX006338,DEV0092,EMP0043,2025-12-17 08:10:00,2025-12-20 04:14:13.352096925
TX006339,DEV0091,EMP0200,2025-09-04 08:20:00,2025-09-11 15:04:12.471324563
TX006340,DEV0182,EMP0257,2026-01-23 18:04:00,2026-01-25 21:57:07.309410714
TX006341,DEV0152,EMP0408,2024-08-08 16:04:00,2024-09-04 12:16:30.434319435
TX006342,DEV0252,EMP0008,2025-12-19 16:17:00,2026-01-04 06:02:00.607901314
TX006343,DEV0067,EMP0271,2025-03-19 14:10:00,2025-04-02 16:52:36.989426082
TX006344,DEV0064,EMP0077,2025-06-11 08:54:00,2025-06-26 07:33:07.650301460
TX006345,DEV0152,EMP0128,2025-08-09 13:49:00,2025-08-19 22:30:05.018605273
TX006346,DEV0214,EMP0257,2025-09-22 15:20:00,2025-10-20 06:02:03.582915029
TX006347,DEV0002,EMP0334,2025-07-31 15:34:00,2025-08-05 21:03:29.456973098
TX006348,DEV0073,EMP0308,2024-12-28 12:40:00,2025-01-14 10:17:47.542911523
TX006349,DEV0046,EMP0038,2024-04-19 18:24:00,2024-04-26 08:31:58.851789647
TX006350,DEV0131,EMP0394,2026-08-13 08:42:00,2026-09-20 18:44:54.590816784
TX006351,DEV0086,EMP0057,2026-05-30 15:29:00,2026-05-31 12:55:58.152080344
TX006352,DEV0060,EMP0145,2024-06-27 11:47:00,2024-06-28 19:16:56.722845792
TX006353,DEV0073,EMP0028,2025-03-19 15:52:00,2025-03-25 18:55:03.978050858
TX006354,DEV0081,EMP0188,2024-03-20 08:22:00,2024-03-23 08:03:27.268769980
TX006355,DEV0144,EMP0218,2026-01-27 17:34:00,2026-02-13 02:03:24.807445661
TX006356,DEV0116,EMP0110,2026-08-17 10:36:00,2026-08-24 09:43:30.782691343
TX006357,DEV0253,EMP0003,2024-11-17 07:32:00,2025-03-17 11:14:29.367601240
TX006358,DEV0042,EMP0118,2024-06-27 12:49:00,2024-07-04 18:36:10.175982666
TX006359,DEV0064,EMP0400,2024-10-06 15:02:00,2024-10-12 23:47:55.194910925
TX006360,DEV0194,EMP0073,2024-10-05 07:32:00,2024-10-06 12:58:28.231585904
TX006361,DEV0170,EMP0167,2024-06-13 17:28:00,2024-06-14 19:28:55.894938406
TX006362,DEV0161,EMP0252,2025-04-22 16:01:00,2025-05-03 22:56:09.435611247
TX006363,DEV0165,EMP0350,2024-07-02 13:29:00,2024-07-05 09:51:05.475251320
TX006364,DEV0232,EMP0110,2025-04-05 08:25:00,2025-04-09 23:56:20.288161527
TX006365,DEV0027,EMP0227,2024-03-23 07:19:00,2024-03-24 13:05:59.592244088
TX006366,DEV0001,EMP0058,2025-09-17 10:33:00,2025-09-27 09:37:27.272314145
TX006367,DEV0191,EMP0277,2025-04-18 12:34:00,2025-05-04 03:29:12.120189307
TX006368,DEV0204,EMP0216,2025-12-10 18:16:00,2025-12-21 22:49:06.720622053
TX006369,DEV0141,EMP0087,2025-11-15 15:42:00,2025-11-28 13:38:14.545119145
TX006370,DEV0112,EMP0079,2025-11-20 11:33:00,2025-12-01 08:57:37.954580698
TX006371,DEV0154,EMP0238,2026-08-30 09:04:00,2026-09-01 12:06:28.185514200
TX006372,DEV0205,EMP0155,2025-10-06 13:28:00,2025-10-13 18:16:37.560518088
TX006373,DEV0212,EMP0325,2025-05-14 13:15:00,2025-05-24 19:59:53.149297083
TX006374,DEV0122,EMP0052,2025-09-09 10:09:00,2025-09-12 10:15:43.425246828
TX006375,DEV0121,EMP0141,2025-09-15 09:32:00,2025-10-03 02:35:49.843245348
TX006376,DEV0212,EMP0412,2024-11-09 08:44:00,2024-12-10 04:29:32.495347392
TX006377,DEV0102,EMP0047,2024-05-15 15:49:00,2024-05-19 23:51:25.635112861
TX006378,DEV0163,EMP0356,2026-07-15 15:56:00,2026-07-24 19:20:12.681041968
TX006379,DEV0093,EMP0264,2024-03-25 08:42:00,2024-03-29 13:07:59.579895821
TX006380,DEV0212,EMP0108,2024-11-30 13:17:00,2024-12-06 23:09:25.929019864
TX006381,DEV0096,EMP0087,2026-02-18 10:55:00,2026-02-22 12:08:38.816025853
TX006382,DEV0052,EMP0363,2025-07-18 13:35:00,2025-07-28 15:01:16.019707027
TX006383,DEV0188,EMP0008,2024-01-22 09:31:00,2024-01-27 19:44:05.673778032
TX006384,DEV0201,EMP0039,2025-07-18 13:47:00,2025-07-18 23:05:53.634962451
TX006385,DEV0256,EMP0059,2026-03-07 10:51:00,2026-03-11 05:19:53.254388317
TX006386,DEV0132,EMP0023,2025-11-16 08:24:00,2025-12-11 08:27:56.671968422
TX006387,DEV0160,EMP0101,2024-04-16 12:24:00,2024-04-16 15:46:44.310971739
TX006388,DEV0241,EMP0354,2025-10-17 16:32:00,2025-10-26 17:30:37.996234479
TX006389,DEV0254,EMP0250,2024-06-15 09:16:00,2024-06-24 07:01:08.020853796
TX006390,DEV0025,EMP0270,2025-11-18 14:28:00,2025-11-19 04:03:52.249567927
TX006391,DEV0139,EMP0173,2024-06-06 17:30:00,2024-06-08 11:36:22.973932638
TX006392,DEV0192,EMP0103,2024-03-07 11:41:00,2024-03-17 18:30:06.971898685
TX006393,DEV0242,EMP0150,2024-02-23 11:52:00,2024-03-07 10:34:07.415099543
TX006394,DEV0104,EMP0369,2025-11-11 08:47:00,2025-11-24 03:28:04.407573975
TX006395,DEV0061,EMP0145,2026-06-26 14:18:00,2026-07-02 04:36:26.687626879
TX006396,DEV0251,EMP0117,2024-08-26 10:36:00,2024-08-29 02:26:13.747276264
TX006397,DEV0143,EMP0194,2025-08-14 09:15:00,2025-08-15 21:51:46.351388216
TX006398,DEV0008,EMP0239,2025-11-08 10:18:00,2025-11-12 06:15:21.575753118
TX006399,DEV0093,EMP0047,2025-12-14 13:24:00,2025-12-24 11:33:19.456337570
TX006400,DEV0022,EMP0275,2025-10-31 09:50:00,2025-11-15 06:37:10.141573516
TX006401,DEV0051,EMP0255,2025-01-20 07:38:00,2025-01-21 18:33:26.897306356
TX006402,DEV0053,EMP0214,2025-12-23 11:37:00,2025-12-26 02:56:46.443253168
TX006403,DEV0142,EMP0064,2026-01-15 08:42:00,2026-01-19 06:28:41.217547325
TX006404,DEV0085,EMP0059,2024-08-15 17:07:00,2024-08-23 23:02:03.194560970
TX006405,DEV0144,EMP0177,2026-04-17 10:33:00,2026-04-26 11:05:48.577095277
TX006406,DEV0154,EMP0275,2024-08-23 08:06:00,2024-10-02 11:06:25.400828710
TX006407,DEV0142,EMP0167,2026-06-12 12:31:00,2026-06-29 02:06:34.141460267
TX006408,DEV0081,EMP0348,2025-02-08 13:07:00,2025-02-15 23:07:21.308449506
TX006409,DEV0240,EMP0019,2025-10-27 11:16:00,2025-10-29 00:14:23.490211994
TX006410,DEV0205,EMP0139,2024-11-03 07:55:00,2024-11-10 21:02:23.621064869
TX006411,DEV0081,EMP0367,2025-02-07 08:14:00,2025-02-15 01:27:26.240931464
TX006412,DEV0191,EMP0039,2025-11-11 16:47:00,2025-11-23 19:36:08.384708979
TX006413,DEV0111,EMP0386,2025-03-17 11:53:00,2025-04-04 20:00:07.889099032
TX006414,DEV0133,EMP0299,2025-02-13 18:57:00,2025-02-21 10:36:05.284404129
TX006415,DEV0219,EMP0057,2025-10-01 17:41:00,2025-10-02 23:57:23.459722499
TX006416,DEV0241,EMP0352,2025-07-01 12:37:00,2025-07-04 06:19:34.880324994
TX006417,DEV0211,EMP0265,2025-08-18 13:06:00,2025-09-01 06:34:28.401647095
TX006418,DEV0122,EMP0299,2024-01-22 11:12:00,2024-01-31 17:06:55.394840348
TX006419,DEV0154,EMP0125,2025-05-05 18:09:00,2025-05-15 23:03:38.786477220
TX006420,DEV0033,EMP0197,2026-07-08 10:32:00,2026-07-14 17:17:15.706793625
TX006421,DEV0151,EMP0138,2024-11-27 09:05:00,2024-12-01 04:14:41.393803914
TX006422,DEV0205,EMP0362,2025-09-13 11:35:00,2025-09-17 02:25:19.955423368
TX006423,DEV0045,EMP0362,2024-01-20 15:18:00,2024-01-24 14:19:36.424200622
TX006424,DEV0144,EMP0253,2026-06-15 07:45:00,2026-07-02 23:35:25.761355524
TX006425,DEV0031,EMP0036,2024-06-29 15:24:00,2024-07-15 20:41:09.833652535
TX006426,DEV0226,EMP0158,2025-01-12 16:54:00,2025-01-14 23:07:08.181175131
TX006427,DEV0115,EMP0356,2025-12-14 15:21:00,2026-01-06 18:31:38.780397951
TX006428,DEV0139,EMP0183,2025-09-13 17:31:00,2025-09-17 14:34:14.577494201
TX006429,DEV0200,EMP0377,2024-12-11 07:00:00,2024-12-12 13:45:00.210958652
TX006430,DEV0260,EMP0324,2025-03-25 18:58:00,2025-03-26 07:15:12.236974004
TX006431,DEV0051,EMP0379,2026-07-30 17:26:00,2026-08-08 06:17:52.482634739
TX006432,DEV0022,EMP0044,2024-01-23 18:52:00,2024-01-28 14:08:36.197993886
TX006433,DEV0235,EMP0370,2026-06-06 14:55:00,2026-06-19 05:50:06.489772292
TX006434,DEV0031,EMP0084,2024-04-21 15:55:00,2024-04-30 22:25:20.303205358
TX006435,DEV0022,EMP0170,2026-08-06 12:09:00,2026-08-09 00:15:00.043655918
TX006436,DEV0199,EMP0153,2025-10-04 09:34:00,2025-10-06 10:39:05.085728845
TX006437,DEV0234,EMP0187,2026-03-10 12:03:00,2026-03-16 06:06:50.966861920
TX006438,DEV0212,EMP0091,2026-08-15 18:03:00,2026-08-21 21:51:03.398789690
TX006439,DEV0176,EMP0107,2024-12-18 15:12:00,2024-12-20 12:40:54.890878482
TX006440,DEV0062,EMP0155,2026-07-30 09:15:00,2026-08-07 03:32:34.475184770
TX006441,DEV0094,EMP0154,2026-04-29 15:35:00,2026-05-27 14:46:53.516108849
TX006442,DEV0173,EMP0217,2024-12-12 15:11:00,2024-12-16 05:35:16.816498176
TX006443,DEV0123,EMP0134,2024-12-07 17:22:00,2024-12-18 05:35:15.730704637
TX006444,DEV0124,EMP0403,2024-12-13 12:21:00,2024-12-17 15:40:03.402977929
TX006445,DEV0017,EMP0157,2026-05-01 10:57:00,2026-05-08 23:56:10.895457036
TX006446,DEV0243,EMP0357,2026-01-09 18:03:00,2026-01-10 22:29:37.316699185
TX006447,DEV0105,EMP0368,2025-09-07 10:42:00,2025-09-18 19:01:42.091759583
TX006448,DEV0046,EMP0394,2026-04-16 15:20:00,2026-04-25 06:11:46.225207277
TX006449,DEV0207,EMP0033,2024-11-28 08:36:00,2024-12-03 03:08:32.483520895
TX006450,DEV0135,EMP0185,2025-08-07 08:08:00,2025-08-25 06:18:44.284693586
TX006451,DEV0193,EMP0389,2024-07-22 17:36:00,2024-07-30 11:31:35.970367988
TX006452,DEV0070,EMP0343,2025-12-24 14:39:00,2025-12-25 08:34:57.290322185
TX006453,DEV0183,EMP0128,2024-09-17 15:11:00,2024-09-21 13:11:13.248814995
TX006454,DEV0082,EMP0172,2025-11-15 17:13:00,2025-12-12 05:16:12.772863175
TX006455,DEV0031,EMP0311,2024-11-05 18:51:00,2024-11-11 11:23:58.115060842
TX006456,DEV0073,EMP0185,2025-08-26 15:35:00,2025-09-15 08:55:47.356238979
TX006457,DEV0254,EMP0036,2025-06-22 17:19:00,2025-07-19 09:34:03.657101438
TX006458,DEV0091,EMP0383,2025-05-31 09:34:00,2025-06-02 02:13:38.373228980
TX006459,DEV0185,EMP0308,2026-05-16 15:01:00,2026-05-29 13:01:27.749369295
TX006460,DEV0117,EMP0388,2024-10-29 09:33:00,2024-10-30 19:03:19.797634454
TX006461,DEV0066,EMP0120,2025-06-16 10:23:00,2025-06-30 16:08:52.671764000
TX006462,DEV0001,EMP0044,2024-04-09 09:47:00,2024-04-11 12:23:49.005957491
TX006463,DEV0168,EMP0079,2025-04-18 14:46:00,2025-04-18 18:35:31.724222448
TX006464,DEV0116,EMP0243,2025-04-07 13:42:00,2025-04-16 13:55:16.008702640
TX006465,DEV0017,EMP0390,2026-04-04 15:42:00,2026-04-15 02:42:07.065810782
TX006466,DEV0171,EMP0379,2024-04-16 18:36:00,2024-04-30 06:35:27.021268426
TX006467,DEV0023,EMP0030,2025-04-03 08:42:00,2025-04-21 16:24:37.095566609
TX006468,DEV0142,EMP0255,2025-08-04 11:13:00,2025-08-07 12:26:46.210487835
TX006469,DEV0039,EMP0383,2024-07-19 08:47:00,2024-07-22 11:03:49.737508800
TX006470,DEV0205,EMP0334,2026-05-22 17:26:00,2026-11-13 02:27:09.809616374
TX006471,DEV0171,EMP0005,2026-04-01 12:40:00,2026-04-05 12:43:13.758439738
TX006472,DEV0015,EMP0189,2025-10-02 16:12:00,2025-10-11 02:25:41.567992967
TX006473,DEV0205,EMP0296,2026-03-26 10:03:00,2026-04-01 15:25:17.440959663
TX006474,DEV0208,EMP0160,2024-10-12 13:38:00,2024-10-14 23:21:41.701495351
TX006475,DEV0095,EMP0165,2026-05-06 08:04:00,2026-05-29 17:09:10.563007268
TX006476,DEV0175,EMP0090,2024-08-30 11:46:00,2024-09-14 11:34:40.572006985
TX006477,DEV0032,EMP0067,2025-01-20 16:23:00,2025-01-27 03:34:11.542383347
TX006478,DEV0013,EMP0084,2024-02-02 10:48:00,2024-02-14 11:25:30.990400443
TX006479,DEV0084,EMP0391,2026-03-08 13:55:00,2026-03-11 15:26:25.507405366
TX006480,DEV0101,EMP0038,2024-01-03 15:40:00,2024-02-03 11:28:16.254061911
TX006481,DEV0046,EMP0280,2026-01-18 13:17:00,2026-01-25 21:54:38.836514221
TX006482,DEV0011,EMP0123,2025-10-16 15:51:00,2025-10-18 23:20:03.937783023
TX006483,DEV0102,EMP0190,2026-03-13 13:02:00,2026-04-10 09:14:50.789937862
TX006484,DEV0079,EMP0217,2024-04-09 15:07:00,2024-04-11 23:16:21.307905562
TX006485,DEV0034,EMP0240,2024-02-11 07:33:00,2024-02-14 06:15:59.954756281
TX006486,DEV0045,EMP0163,2025-08-05 14:07:00,2025-08-10 14:58:52.827903562
TX006487,DEV0175,EMP0149,2024-01-03 17:17:00,2024-01-06 04:04:57.735269936
TX006488,DEV0251,EMP0199,2025-03-31 15:51:00,2025-04-04 17:18:54.743820398
TX006489,DEV0175,EMP0398,2026-02-24 15:31:00,2026-03-07 11:04:15.697972718
TX006490,DEV0013,EMP0378,2026-08-15 10:52:00,2026-08-21 06:35:32.876883065
TX006491,DEV0121,EMP0078,2024-04-05 10:28:00,2024-04-06 16:42:15.056656424
TX006492,DEV0184,EMP0256,2026-02-04 15:35:00,2026-02-16 14:56:51.961933457
TX006493,DEV0154,EMP0320,2024-05-03 07:48:00,2024-05-10 17:30:10.873721392
TX006494,DEV0253,EMP0138,2024-10-31 17:02:00,2024-11-02 13:15:15.582826648
TX006495,DEV0214,EMP0413,2026-06-14 14:00:00,2026-06-23 23:46:48.942975654
TX006496,DEV0004,EMP0036,2025-11-04 10:49:00,2025-11-11 01:38:11.962093532
TX006497,DEV0021,EMP0084,2026-06-15 15:55:00,2026-08-17 13:26:18.995606645
TX006498,DEV0225,EMP0289,2026-05-19 15:22:00,2026-05-22 12:05:45.883241771
TX006499,DEV0202,EMP0022,2024-08-31 12:31:00,2024-09-03 10:34:54.368220761
TX006500,DEV0141,EMP0134,2026-07-14 12:24:00,2026-07-23 20:17:51.299088167
TX006501,DEV0072,EMP0328,2025-11-03 09:11:00,2025-11-11 05:35:22.368825801
TX006502,DEV0095,EMP0371,2024-10-03 12:42:00,2024-11-02 11:41:36.524978799
TX006503,DEV0072,EMP0171,2025-09-02 14:21:00,2025-09-08 11:58:07.436891246
TX006504,DEV0138,EMP0234,2026-07-03 10:00:00,2026-07-04 04:58:02.963282517
TX006505,DEV0023,EMP0274,2024-02-29 11:24:00,2024-03-05 02:39:26.211720972
TX006506,DEV0086,EMP0316,2026-06-15 07:54:00,2026-06-18 15:20:13.589575070
TX006507,DEV0205,EMP0336,2024-06-22 10:49:00,2024-06-28 02:51:18.698262130
TX006508,DEV0163,EMP0186,2024-11-28 14:25:00,2024-12-11 07:17:35.836569442
TX006509,DEV0242,EMP0374,2026-03-18 15:51:00,2026-03-28 19:58:13.999217591
TX006510,DEV0114,EMP0382,2024-04-08 16:02:00,2024-05-04 22:54:57.052877680
TX006511,DEV0253,EMP0215,2024-08-22 08:54:00,2024-08-26 06:39:47.009191926
TX006512,DEV0252,EMP0298,2024-04-26 12:28:00,2024-04-28 03:54:21.901009544
TX006513,DEV0123,EMP0408,2026-08-18 12:15:00,2026-08-30 01:36:12.382960610
TX006514,DEV0079,EMP0013,2026-07-24 07:38:00,2026-07-25 19:49:43.599522572
TX006515,DEV0241,EMP0235,2024-01-14 15:13:00,2024-01-24 07:12:11.570507413
TX006516,DEV0163,EMP0317,2024-03-01 09:26:00,2024-03-02 18:21:02.690079189
TX006517,DEV0124,EMP0416,2025-06-23 08:37:00,2025-07-12 21:13:41.736380111
TX006518,DEV0203,EMP0300,2026-02-23 16:31:00,2026-03-11 16:45:44.807122357
TX006519,DEV0212,EMP0184,2026-04-26 07:26:00,2026-04-26 20:36:03.014449300
TX006520,DEV0234,EMP0382,2025-05-05 08:50:00,2025-05-11 11:22:56.452893487
TX006521,DEV0042,EMP0209,2026-03-03 08:45:00,2026-03-27 22:47:28.722835302
TX006522,DEV0087,EMP0312,2025-07-31 12:41:00,2025-08-08 13:41:11.031437518
TX006523,DEV0233,EMP0245,2025-09-06 13:53:00,2025-09-10 22:48:09.664067741
TX006524,DEV0259,EMP0045,2026-07-17 16:24:00,2026-07-21 01:40:43.715486899
TX006525,DEV0133,EMP0323,2026-01-07 18:04:00,2026-01-11 00:15:19.966955641
TX006526,DEV0096,EMP0175,2025-12-21 09:13:00,2026-01-01 16:42:32.924670490
TX006527,DEV0219,EMP0131,2024-08-06 14:13:00,2024-08-10 00:27:23.584715041
TX006528,DEV0145,EMP0257,2025-12-05 17:02:00,2025-12-11 04:48:16.978937027
TX006529,DEV0027,EMP0095,2025-12-25 12:57:00,2026-01-12 11:57:08.865270444
TX006530,DEV0242,EMP0401,2024-08-28 14:38:00,2024-08-29 07:52:58.566960904
TX006531,DEV0142,EMP0291,2026-07-01 14:32:00,2026-07-06 23:17:49.868548909
TX006532,DEV0137,EMP0192,2024-02-19 17:37:00,2024-02-26 04:04:04.206144689
TX006533,DEV0112,EMP0231,2025-10-03 07:18:00,2025-10-10 16:47:49.257131939
TX006534,DEV0212,EMP0370,2026-08-04 12:29:00,2026-08-11 01:29:00.357701424
TX006535,DEV0227,EMP0088,2025-03-06 16:52:00,2025-03-07 22:59:24.934115266
TX006536,DEV0012,EMP0346,2025-10-25 07:47:00,2025-10-30 13:35:50.786404342
TX006537,DEV0252,EMP0014,2026-08-05 08:06:00,2026-08-12 22:57:46.423934786
TX006538,DEV0011,EMP0211,2026-08-05 15:49:00,2026-08-06 13:06:51.002600782
TX006539,DEV0091,EMP0149,2026-04-15 09:45:00,2026-04-29 15:53:46.048252559
TX006540,DEV0232,EMP0287,2024-01-19 14:14:00,2024-01-28 15:04:41.055127567
TX006541,DEV0202,EMP0003,2024-11-04 07:36:00,2024-11-13 16:08:23.145454330
TX006542,DEV0171,EMP0008,2025-12-10 17:18:00,2025-12-26 21:55:53.520534006
TX006543,DEV0181,EMP0358,2024-09-22 16:16:00,2024-09-24 05:46:14.505232035
TX006544,DEV0212,EMP0041,2026-03-21 11:15:00,2026-04-14 11:24:46.089003649
TX006545,DEV0228,EMP0310,2024-10-27 12:39:00,2024-11-03 02:32:22.236415832
TX006546,DEV0162,EMP0007,2024-07-05 13:22:00,2024-07-27 11:15:33.927325073
TX006547,DEV0083,EMP0274,2024-01-10 11:18:00,2024-01-15 05:43:51.886782661
TX006548,DEV0253,EMP0255,2025-06-15 13:04:00,2025-06-27 21:12:55.837818904
TX006549,DEV0104,EMP0396,2024-03-01 16:58:00,2024-03-16 00:54:49.763774852
TX006550,DEV0094,EMP0048,2026-02-11 15:01:00,2026-02-14 16:59:42.021412474
TX006551,DEV0054,EMP0019,2024-12-05 17:31:00,2024-12-25 04:10:37.177716522
TX006552,DEV0160,EMP0110,2024-02-04 18:02:00,2024-02-06 05:06:44.439943921
TX006553,DEV0003,EMP0147,2024-11-30 15:20:00,2024-12-02 11:11:51.949213744
TX006554,DEV0110,EMP0145,2024-08-06 17:43:00,2024-08-07 07:20:10.019424412
TX006555,DEV0041,EMP0037,2026-05-12 14:49:00,2026-05-25 18:20:06.031282371
TX006556,DEV0023,EMP0411,2025-03-27 10:15:00,2025-04-19 14:11:32.855383403
TX006557,DEV0240,EMP0338,2025-07-16 07:23:00,2025-07-17 02:04:41.466061054
TX006558,DEV0099,EMP0137,2025-10-13 09:46:00,2025-10-15 23:58:27.972625592
TX006559,DEV0132,EMP0385,2026-03-15 18:00:00,2026-03-23 09:52:54.966724528
TX006560,DEV0030,EMP0312,2025-11-22 09:00:00,2025-11-25 09:59:59.546600127
TX006561,DEV0011,EMP0110,2025-08-24 13:44:00,2025-09-01 13:10:35.019476986
TX006562,DEV0257,EMP0164,2026-03-02 08:56:00,2026-03-08 14:02:21.804786398
TX006563,DEV0222,EMP0357,2026-01-11 17:16:00,2026-01-19 01:00:13.689799150
TX006564,DEV0252,EMP0380,2024-07-07 11:09:00,2024-07-11 07:00:55.976956903
TX006565,DEV0152,EMP0076,2024-07-21 14:55:00,2024-07-28 04:22:09.751734012
TX006566,DEV0113,EMP0313,2025-06-14 13:36:00,2025-06-23 10:32:29.075705683
TX006567,DEV0066,EMP0129,2025-10-31 18:36:00,2025-11-02 13:06:57.675773869
TX006568,DEV0252,EMP0076,2025-04-14 12:39:00,2025-04-25 13:31:38.659027926
TX006569,DEV0251,EMP0385,2026-08-16 09:49:00,2026-08-23 00:42:34.565162321
TX006570,DEV0204,EMP0387,2025-12-30 12:42:00,2026-01-09 23:17:28.268642846
TX006571,DEV0252,EMP0008,2025-02-16 12:03:00,2025-02-24 14:22:33.283313648
TX006572,DEV0244,EMP0169,2025-10-15 16:37:00,2025-10-19 20:58:50.996040302
TX006573,DEV0064,EMP0068,2025-12-08 17:14:00,2026-01-01 07:40:02.027949131
TX006574,DEV0011,EMP0153,2025-03-13 14:23:00,2025-03-20 18:26:51.453685929
TX006575,DEV0222,EMP0081,2025-10-13 08:46:00,2025-10-19 14:17:32.067650887
TX006576,DEV0103,EMP0333,2024-02-19 14:11:00,2024-02-22 13:23:13.964247648
TX006577,DEV0101,EMP0059,2026-03-21 14:26:00,2026-03-27 14:23:27.477454593
TX006578,DEV0161,EMP0091,2025-07-19 09:43:00,2025-07-31 14:18:22.489624939
TX006579,DEV0035,EMP0079,2024-10-15 11:32:00,2024-10-20 15:40:51.931189839
TX006580,DEV0095,EMP0279,2025-03-18 09:40:00,2025-04-01 18:37:22.086380419
TX006581,DEV0064,EMP0064,2024-04-05 08:55:00,2024-04-13 00:07:42.636116584
TX006582,DEV0131,EMP0384,2024-11-07 16:09:00,2024-11-14 04:16:14.671932949
TX006583,DEV0073,EMP0126,2024-12-29 07:55:00,2025-01-19 04:50:46.765193080
TX006584,DEV0103,EMP0383,2024-01-17 15:58:00,2024-02-09 19:28:06.048393768
TX006585,DEV0152,EMP0113,2024-01-05 18:36:00,2024-01-19 11:45:57.234868695
TX006586,DEV0010,EMP0052,2026-07-08 12:40:00,2026-07-10 21:06:22.582925365
TX006587,DEV0249,EMP0359,2025-09-29 18:52:00,2025-09-30 23:39:02.105414960
TX006588,DEV0033,EMP0005,2024-12-10 09:53:00,2024-12-21 05:42:14.444204992
TX006589,DEV0154,EMP0085,2025-07-31 14:31:00,2025-08-01 08:41:12.643124341
TX006590,DEV0081,EMP0276,2024-07-19 11:19:00,2024-07-28 12:23:40.732596236
TX006591,DEV0137,EMP0388,2025-01-25 10:49:00,2025-01-28 03:51:16.405277520
TX006592,DEV0004,EMP0053,2024-11-01 10:36:00,2024-11-22 12:43:23.615754400
TX006593,DEV0192,EMP0176,2025-02-07 14:47:00,2025-02-13 14:49:29.551085261
TX006594,DEV0179,EMP0016,2024-01-19 13:37:00,2024-01-23 10:54:05.766262708
TX006595,DEV0026,EMP0282,2024-06-29 13:53:00,2024-07-01 07:14:37.431194162
TX006596,DEV0185,EMP0372,2026-08-10 17:25:00,2026-08-14 13:57:16.791256539
TX006597,DEV0043,EMP0196,2026-07-16 08:51:00,2026-07-23 05:50:27.144057228
TX006598,DEV0041,EMP0213,2024-11-23 17:57:00,2024-12-13 15:32:20.473202930
TX006599,DEV0151,EMP0393,2026-07-02 16:47:00,2026-07-03 13:57:01.799478698
TX006600,DEV0035,EMP0358,2026-03-08 12:39:00,2026-03-18 05:27:49.426518223
TX006601,DEV0222,EMP0025,2025-01-31 14:10:00,2025-02-08 05:34:48.991899880
TX006602,DEV0152,EMP0416,2025-10-07 12:59:00,2025-10-13 11:24:22.102095736
TX006603,DEV0222,EMP0035,2026-02-20 17:01:00,2026-02-27 11:58:30.709576796
TX006604,DEV0014,EMP0129,2024-02-02 11:54:00,2024-02-10 08:19:32.604384664
TX006605,DEV0214,EMP0293,2026-07-28 12:03:00,2026-08-14 14:25:00.820714959
TX006606,DEV0134,EMP0078,2024-04-05 14:43:00,2024-04-11 11:39:01.678580551
TX006607,DEV0235,EMP0278,2024-06-28 07:12:00,2024-07-01 03:42:20.686278566
TX006608,DEV0035,EMP0039,2025-11-22 15:46:00,2025-11-30 09:48:41.613909202
TX006609,DEV0082,EMP0278,2026-08-06 07:34:00,2026-08-09 01:33:16.018971414
TX006610,DEV0183,EMP0123,2025-06-19 16:37:00,2025-06-21 15:46:58.832542723
TX006611,DEV0187,EMP0277,2024-06-24 09:38:00,2024-06-28 16:46:38.006278169
TX006612,DEV0182,EMP0073,2024-11-11 07:09:00,2024-11-14 08:37:05.605303045
TX006613,DEV0184,EMP0219,2024-01-08 08:57:00,2024-01-26 12:05:04.934956862
TX006614,DEV0053,EMP0187,2026-07-27 09:33:00,2026-07-30 00:22:39.644525575
TX006615,DEV0225,EMP0005,2024-08-22 07:13:00,2024-08-27 06:24:32.952600136
TX006616,DEV0113,EMP0258,2026-03-14 11:10:00,2026-07-01 07:12:30.238933926
TX006617,DEV0209,EMP0212,2024-02-10 13:21:00,2024-02-15 13:09:38.086869261
TX006618,DEV0131,EMP0142,2026-06-03 11:52:00,2026-06-18 22:32:35.250342991
TX006619,DEV0092,EMP0407,2025-04-24 11:52:00,2025-05-03 13:17:05.737832412
TX006620,DEV0161,EMP0050,2025-04-30 11:26:00,2025-05-01 19:59:31.953451590
TX006621,DEV0082,EMP0212,2026-07-11 08:27:00,2026-07-23 23:00:57.601019006
TX006622,DEV0084,EMP0278,2026-01-16 17:37:00,2026-01-23 17:23:24.031003090
TX006623,DEV0043,EMP0175,2024-04-28 12:36:00,2024-04-28 20:33:57.820827640
TX006624,DEV0044,EMP0407,2025-04-03 09:17:00,2025-05-03 00:05:46.113928812
TX006625,DEV0197,EMP0238,2026-03-01 10:32:00,2026-03-05 02:54:28.746250901
TX006626,DEV0214,EMP0210,2025-08-27 11:59:00,2025-09-22 13:41:15.113306045
TX006627,DEV0011,EMP0221,2024-12-13 12:50:00,2024-12-16 00:38:12.935195800
TX006628,DEV0165,EMP0003,2025-01-17 13:04:00,2025-01-28 02:42:15.814244886
TX006629,DEV0031,EMP0293,2025-06-02 15:24:00,2025-06-08 07:04:02.287671867
TX006630,DEV0106,EMP0212,2024-01-25 14:45:00,2024-01-30 03:37:50.759976822
TX006631,DEV0038,EMP0404,2025-12-21 10:42:00,2025-12-23 18:33:51.419201691
TX006632,DEV0131,EMP0006,2026-07-28 07:55:00,2026-08-04 11:42:49.907252542
TX006633,DEV0213,EMP0195,2024-11-07 07:28:00,2024-11-16 12:58:33.776815617
TX006634,DEV0097,EMP0098,2024-05-31 13:02:00,2024-06-02 19:18:25.669307314
TX006635,DEV0233,EMP0051,2024-01-20 08:32:00,2024-01-22 18:00:07.735258908
TX006636,DEV0052,EMP0316,2026-01-12 15:04:00,2026-02-12 05:21:41.744759346
TX006637,DEV0097,EMP0162,2025-02-08 12:47:00,2025-02-09 11:26:50.779601988
TX006638,DEV0168,EMP0100,2024-03-20 15:54:00,2024-03-23 06:51:11.136411130
TX006639,DEV0186,EMP0360,2024-09-15 16:15:00,2024-09-21 18:55:25.314912129
TX006640,DEV0135,EMP0025,2025-06-25 08:09:00,2025-07-09 17:10:06.989460903
TX006641,DEV0062,EMP0260,2026-07-24 14:36:00,2026-07-27 19:38:27.180677853
TX006642,DEV0048,EMP0401,2025-08-12 11:18:00,2025-08-20 15:22:03.653188000
TX006643,DEV0029,EMP0369,2024-12-28 16:53:00,2024-12-29 08:21:08.421969668
TX006644,DEV0023,EMP0271,2024-04-28 13:01:00,2024-05-05 05:04:04.195949469
TX006645,DEV0121,EMP0213,2024-08-28 12:49:00,2024-09-06 14:51:05.795841388
TX006646,DEV0241,EMP0073,2026-05-22 17:39:00,2026-06-24 17:32:52.534793167
TX006647,DEV0243,EMP0288,2024-11-03 16:17:00,2024-11-10 22:51:10.431222113
TX006648,DEV0251,EMP0162,2025-08-24 12:17:00,2025-09-08 17:47:45.589504559
TX006649,DEV0113,EMP0082,2025-07-15 17:23:00,2025-07-18 01:40:23.015424067
TX006650,DEV0240,EMP0226,2025-06-08 18:37:00,2025-06-11 16:17:32.470674876
TX006651,DEV0233,EMP0322,2025-05-20 12:10:00,2025-05-25 01:10:48.944859620
TX006652,DEV0046,EMP0255,2025-02-05 07:56:00,2025-02-11 15:05:16.225577896
TX006653,DEV0141,EMP0011,2024-07-18 18:36:00,2024-09-17 01:43:44.676489593
TX006654,DEV0162,EMP0294,2024-09-17 08:05:00,2024-10-09 15:16:21.579721047
TX006655,DEV0173,EMP0241,2026-01-08 07:15:00,2026-01-13 06:01:34.487065729
TX006656,DEV0194,EMP0286,2024-02-01 10:53:00,2024-02-26 18:57:52.523164970
TX006657,DEV0042,EMP0197,2025-06-17 17:11:00,2025-06-28 03:34:34.509690397
TX006658,DEV0166,EMP0325,2025-01-19 10:55:00,2025-01-25 10:14:16.815266253
TX006659,DEV0204,EMP0211,2026-05-24 10:24:00,2026-05-25 20:59:05.330659319
TX006660,DEV0135,EMP0199,2024-05-14 10:37:00,2024-05-24 19:31:11.161506778
TX006661,DEV0171,EMP0016,2024-08-14 11:57:00,2024-08-16 15:13:29.580178891
TX006662,DEV0124,EMP0369,2024-11-25 17:50:00,2024-12-09 17:14:35.406171469
TX006663,DEV0103,EMP0119,2025-08-29 08:49:00,2025-09-08 15:42:07.887828500
TX006664,DEV0093,EMP0145,2026-02-28 10:54:00,2026-03-09 15:53:29.001248134
TX006665,DEV0150,EMP0143,2025-02-01 11:14:00,2025-02-01 21:28:37.778720666
TX006666,DEV0186,EMP0242,2024-12-22 17:36:00,2024-12-26 04:04:25.898582541
TX006667,DEV0026,EMP0085,2026-08-17 08:14:00,2026-08-21 21:42:12.973202478
TX006668,DEV0053,EMP0165,2024-08-02 16:08:00,2024-08-05 23:59:45.653129339
TX006669,DEV0037,EMP0369,2026-02-10 12:01:00,2026-02-17 10:27:50.990742155
TX006670,DEV0142,EMP0124,2024-05-31 14:04:00,2024-06-14 10:20:21.010466023
TX006671,DEV0021,EMP0150,2024-10-23 17:26:00,2024-10-28 23:58:26.889115929
TX006672,DEV0243,EMP0087,2026-02-22 16:12:00,2026-03-02 01:51:07.839771980
TX006673,DEV0161,EMP0049,2025-10-23 11:21:00,2025-10-27 06:07:25.567361115
TX006674,DEV0142,EMP0263,2024-02-24 08:28:00,2024-02-28 14:17:59.014830361
TX006675,DEV0104,EMP0391,2024-02-16 11:08:00,2024-02-19 15:20:26.083193589
TX006676,DEV0050,EMP0384,2024-01-21 08:22:00,2024-01-23 06:02:10.280731745
TX006677,DEV0181,EMP0336,2025-12-18 16:36:00,2025-12-20 14:04:20.588826860
TX006678,DEV0242,EMP0273,2026-07-20 14:31:00,2026-08-12 23:29:50.286063915
TX006679,DEV0195,EMP0404,2025-01-23 08:14:00,2025-01-31 22:38:30.996983780
TX006680,DEV0222,EMP0269,2026-02-08 18:20:00,2026-02-12 04:12:14.307672206
TX006681,DEV0023,EMP0079,2025-12-17 12:17:00,2025-12-24 17:23:57.924625176
TX006682,DEV0132,EMP0128,2024-02-07 08:33:00,2024-02-14 11:04:10.422429208
TX006683,DEV0061,EMP0175,2025-03-03 08:36:00,2025-03-20 11:54:20.371491091
TX006684,DEV0046,EMP0094,2025-11-19 07:57:00,2025-11-23 10:34:43.037370233
TX006685,DEV0003,EMP0243,2025-10-18 07:07:00,2025-10-25 16:34:51.071898658
TX006686,DEV0053,EMP0295,2025-06-24 16:19:00,2025-07-20 13:38:13.203606188
TX006687,DEV0013,EMP0143,2026-04-30 12:58:00,2026-05-07 20:25:25.592998780
TX006688,DEV0043,EMP0094,2026-07-01 17:01:00,2026-07-04 15:53:40.915950253
TX006689,DEV0193,EMP0030,2024-11-17 17:09:00,2024-11-22 03:51:41.788675424
TX006690,DEV0191,EMP0315,2025-05-17 11:18:00,2025-05-25 20:03:31.065827760
TX006691,DEV0221,EMP0418,2024-09-14 12:35:00,2024-09-23 07:22:38.515649441
TX006692,DEV0089,EMP0321,2025-05-10 13:35:00,2025-05-11 17:10:40.020983735
TX006693,DEV0061,EMP0249,2024-02-06 08:13:00,2024-02-15 04:59:16.095186064
TX006694,DEV0106,EMP0252,2026-01-19 07:46:00,2026-01-23 20:17:32.959861606
TX006695,DEV0146,EMP0169,2026-06-03 12:35:00,2026-06-05 13:44:44.134127538
TX006696,DEV0037,EMP0170,2024-03-17 18:00:00,2024-03-20 04:41:54.334645215
TX006697,DEV0223,EMP0206,2025-12-25 09:55:00,2026-01-01 15:46:43.868682799
TX006698,DEV0154,EMP0226,2025-08-25 09:54:00,2025-09-02 08:42:53.501745647
TX006699,DEV0071,EMP0084,2026-02-28 14:05:00,2026-03-09 14:28:39.338742124
TX006700,DEV0212,EMP0014,2025-05-09 08:22:00,2025-05-11 03:09:56.381247470
TX006701,DEV0242,EMP0020,2025-08-11 07:55:00,2025-08-23 06:27:52.696752811
TX006702,DEV0191,EMP0402,2026-06-01 14:49:00,2026-06-13 21:50:03.914208156
TX006703,DEV0231,EMP0092,2026-02-20 16:18:00,2026-02-24 07:06:59.823227164
TX006704,DEV0152,EMP0246,2026-08-18 17:32:00,2026-08-27 07:48:59.163224361
TX006705,DEV0178,EMP0119,2026-05-28 12:40:00,2026-05-31 03:40:43.346883621
TX006706,DEV0140,EMP0264,2025-06-02 08:23:00,2025-06-02 15:47:30.740166302
TX006707,DEV0052,EMP0093,2025-03-18 17:59:00,2025-03-28 16:26:38.396472304
TX006708,DEV0056,EMP0264,2024-01-26 17:05:00,2024-01-29 22:34:46.009807610
TX006709,DEV0014,EMP0005,2024-10-03 09:01:00,2024-10-03 17:15:17.213592462
TX006710,DEV0183,EMP0299,2024-09-18 15:08:00,2024-09-21 20:21:03.359185418
TX006711,DEV0081,EMP0181,2024-09-16 13:21:00,2024-09-20 12:26:53.812861061
TX006712,DEV0222,EMP0011,2025-04-04 11:13:00,2025-04-11 23:50:04.381349416
TX006713,DEV0244,EMP0157,2025-11-08 12:38:00,2025-11-24 03:26:38.247682527
TX006714,DEV0013,EMP0114,2025-10-12 14:33:00,2025-10-26 05:35:58.864690851
TX006715,DEV0242,EMP0326,2024-04-03 12:10:00,2024-04-17 06:51:47.950877094
TX006716,DEV0241,EMP0079,2026-04-30 17:07:00,2026-05-07 14:59:41.212975730
TX006717,DEV0143,EMP0034,2026-07-05 14:43:00,2026-08-02 18:59:43.194812892
TX006718,DEV0242,EMP0362,2025-04-15 17:59:00,2025-05-07 03:18:52.861464403
TX006719,DEV0016,EMP0123,2025-05-20 15:55:00,2025-05-24 09:45:41.471141045
TX006720,DEV0214,EMP0092,2025-03-16 10:26:00,2025-04-02 08:54:57.148187657
TX006721,DEV0162,EMP0190,2024-10-03 14:54:00,2024-10-14 07:08:32.907197998
TX006722,DEV0177,EMP0195,2024-02-21 14:18:00,2024-02-25 03:57:16.331010615
TX006723,DEV0052,EMP0315,2025-12-07 08:06:00,2025-12-13 12:17:04.644691552
TX006724,DEV0111,EMP0054,2025-08-04 11:40:00,2025-09-02 14:21:51.796067627
TX006725,DEV0045,EMP0047,2025-02-16 17:18:00,2025-02-22 23:22:00.198629118
TX006726,DEV0113,EMP0327,2025-07-14 08:42:00,2025-08-01 02:26:56.519694284
TX006727,DEV0140,EMP0350,2026-03-16 08:44:00,2026-03-17 17:23:21.769652659
TX006728,DEV0112,EMP0171,2025-07-30 09:47:00,2025-08-09 13:53:29.462054019
TX006729,DEV0053,EMP0405,2025-04-25 08:16:00,2025-05-09 02:21:28.326839088
TX006730,DEV0125,EMP0398,2026-08-30 11:07:00,2026-09-10 22:53:56.594931811
TX006731,DEV0072,EMP0315,2025-01-18 14:49:00,2025-01-27 07:27:27.844754406
TX006732,DEV0073,EMP0334,2025-06-27 18:07:00,2025-06-29 00:11:35.110620310
TX006733,DEV0239,EMP0092,2026-07-12 12:19:00,2026-07-15 04:10:01.807704646
TX006734,DEV0151,EMP0390,2026-03-04 10:23:00,2026-03-17 20:47:26.215764737
TX006735,DEV0191,EMP0414,2026-05-31 11:23:00,2026-06-06 08:53:01.066355818
TX006736,DEV0079,EMP0272,2024-08-16 12:43:00,2024-08-20 04:40:51.767715744
TX006737,DEV0252,EMP0142,2025-06-26 15:53:00,2025-07-02 00:07:52.569933578
TX006738,DEV0244,EMP0341,2024-07-10 11:22:00,2024-07-17 08:46:32.969404750
TX006739,DEV0024,EMP0180,2026-05-25 13:53:00,2026-06-11 02:51:33.118699046
TX006740,DEV0151,EMP0128,2025-01-25 12:49:00,2025-02-01 06:00:29.845283742
TX006741,DEV0187,EMP0141,2024-08-23 12:05:00,2024-08-23 16:21:45.525702218
TX006742,DEV0123,EMP0230,2025-06-29 07:01:00,2025-07-04 17:58:18.334090488
TX006743,DEV0223,EMP0047,2025-07-24 13:57:00,2025-07-30 06:55:41.245139453
TX006744,DEV0236,EMP0043,2026-02-09 15:38:00,2026-02-12 00:32:00.850957513
TX006745,DEV0151,EMP0339,2024-09-24 17:14:00,2024-09-28 11:25:33.106588199
TX006746,DEV0017,EMP0271,2025-10-17 15:30:00,2025-10-21 22:15:32.308505724
TX006747,DEV0127,EMP0021,2026-06-15 14:45:00,2026-06-17 14:37:29.852528704
TX006748,DEV0111,EMP0201,2024-10-26 11:28:00,2024-11-08 19:21:35.451734914
TX006749,DEV0182,EMP0005,2025-12-12 07:27:00,2025-12-30 08:42:50.333567791
TX006750,DEV0002,EMP0392,2025-06-07 15:21:00,2025-06-12 23:47:56.393785268
TX006751,DEV0191,EMP0371,2024-03-18 14:03:00,2024-03-22 03:58:07.086260370
TX006752,DEV0011,EMP0282,2024-12-02 18:08:00,2024-12-14 04:24:45.513177856
TX006753,DEV0209,EMP0206,2024-08-14 11:10:00,2024-08-20 17:36:09.871595989
TX006754,DEV0208,EMP0154,2025-04-19 08:59:00,2025-04-20 22:39:44.670335484
TX006755,DEV0144,EMP0330,2024-08-06 18:24:00,2024-08-16 04:03:32.471011383
TX006756,DEV0067,EMP0416,2026-06-16 11:19:00,2026-06-22 12:51:30.747923097
TX006757,DEV0242,EMP0149,2024-09-27 18:50:00,2024-10-04 12:06:33.906511464
TX006758,DEV0051,EMP0125,2025-10-03 16:10:00,2025-10-14 21:09:18.004908100
TX006759,DEV0024,EMP0202,2025-08-14 08:07:00,2025-08-24 08:22:32.464913290
TX006760,DEV0122,EMP0311,2026-06-19 16:56:00,2026-06-25 18:17:46.373749627
TX006761,DEV0193,EMP0331,2024-12-11 07:13:00,2025-01-04 04:15:54.711738361
TX006762,DEV0102,EMP0313,2026-07-26 12:32:00,2026-08-05 10:00:36.377566247
TX006763,DEV0129,EMP0283,2024-03-14 13:36:00,2024-03-18 23:00:34.652252339
TX006764,DEV0115,EMP0163,2024-10-06 13:46:00,2024-10-22 04:59:42.696739602
TX006765,DEV0105,EMP0079,2024-04-19 09:01:00,2024-05-16 00:11:35.213957106
TX006766,DEV0151,EMP0260,2025-04-29 15:06:00,2025-05-05 09:57:02.894716973
TX006767,DEV0141,EMP0144,2026-02-14 16:05:00,2026-02-18 08:57:11.258734271
TX006768,DEV0063,EMP0175,2025-10-09 10:50:00,2025-11-01 20:12:57.448172147
TX006769,DEV0243,EMP0411,2024-06-05 15:15:00,2024-06-13 06:58:48.000003308
TX006770,DEV0012,EMP0323,2025-07-06 11:47:00,2025-07-12 14:38:46.004793512
TX006771,DEV0006,EMP0279,2024-11-23 18:18:00,2024-11-25 09:36:15.587094124
TX006772,DEV0142,EMP0108,2024-08-09 11:25:00,2024-08-15 03:03:23.215148123
TX006773,DEV0118,EMP0167,2025-09-14 09:10:00,2025-09-15 21:09:31.170529895
TX006774,DEV0252,EMP0258,2026-08-19 16:30:00,2026-09-01 21:07:24.128815925
TX006775,DEV0006,EMP0311,2026-08-09 14:57:00,2026-08-13 00:16:41.291894316
TX006776,DEV0013,EMP0039,2026-02-21 18:24:00,2026-03-06 05:58:32.094818051
TX006777,DEV0195,EMP0088,2026-05-19 15:29:00,2026-05-26 00:40:28.055443855
TX006778,DEV0222,EMP0311,2024-12-10 18:12:00,2024-12-12 15:12:32.642310020
TX006779,DEV0017,EMP0138,2026-08-16 18:32:00,2026-08-20 18:12:59.426664020
TX006780,DEV0101,EMP0372,2026-07-09 10:43:00,2026-07-12 09:07:18.192593345
TX006781,DEV0231,EMP0028,2025-06-14 08:14:00,2025-06-16 12:23:50.971245396
TX006782,DEV0023,EMP0385,2025-02-07 09:50:00,2025-02-11 07:31:53.333166765
TX006783,DEV0084,EMP0121,2024-11-24 09:08:00,2024-11-25 01:41:19.616223095
TX006784,DEV0076,EMP0078,2025-11-13 07:30:00,2025-11-21 10:19:15.779183872
TX006785,DEV0141,EMP0328,2024-01-31 12:20:00,2024-02-11 11:28:35.890512803
TX006786,DEV0195,EMP0304,2024-11-19 10:15:00,2024-11-30 09:09:58.961085932
TX006787,DEV0011,EMP0172,2025-03-20 18:15:00,2025-03-30 15:02:47.387129335
TX006788,DEV0013,EMP0419,2026-06-05 09:31:00,2026-06-07 21:56:30.565579961
TX006789,DEV0120,EMP0267,2026-08-11 07:13:00,2026-08-13 08:26:42.821294653
TX006790,DEV0141,EMP0043,2024-04-19 07:07:00,2024-04-24 19:00:00.710913787
TX006791,DEV0123,EMP0263,2024-03-03 07:17:00,2024-03-06 22:55:18.015007275
TX006792,DEV0134,EMP0289,2025-05-20 18:11:00,2025-05-28 20:09:06.811143861
TX006793,DEV0201,EMP0224,2024-11-07 13:34:00,2024-11-21 20:30:01.432901584
TX006794,DEV0186,EMP0208,2024-11-21 16:14:00,2024-11-26 04:07:57.345002386
TX006795,DEV0195,EMP0044,2024-07-12 16:42:00,2024-08-02 03:12:43.777707292
TX006796,DEV0093,EMP0099,2025-08-07 11:52:00,2025-08-13 10:42:54.592776807
TX006797,DEV0132,EMP0035,2026-01-21 08:53:00,2026-01-23 13:55:33.836522105
TX006798,DEV0203,EMP0079,2024-01-20 18:31:00,2024-02-02 03:24:09.283702583
TX006799,DEV0018,EMP0329,2025-10-24 16:47:00,2025-10-30 18:13:05.027744802
TX006800,DEV0088,EMP0052,2024-12-26 12:06:00,2024-12-28 10:13:51.879048403
TX006801,DEV0133,EMP0031,2024-03-25 18:25:00,2024-04-02 02:48:28.053566200
TX006802,DEV0126,EMP0172,2025-02-26 16:04:00,2025-03-06 19:12:55.454648407
TX006803,DEV0022,EMP0210,2024-06-12 18:30:00,2024-06-21 03:09:05.533977539
TX006804,DEV0011,EMP0311,2024-11-23 08:24:00,2024-11-25 06:54:30.763466998
TX006805,DEV0207,EMP0038,2025-07-30 12:44:00,2025-08-02 04:15:45.686875130
TX006806,DEV0116,EMP0025,2025-09-07 08:24:00,2025-09-09 02:49:26.877435569
TX006807,DEV0229,EMP0299,2025-12-14 17:04:00,2025-12-16 05:16:43.827661647
TX006808,DEV0241,EMP0072,2025-10-19 14:12:00,2025-10-24 06:06:34.453088839
TX006809,DEV0243,EMP0166,2025-11-20 12:54:00,2025-11-27 14:38:57.108742469
TX006810,DEV0151,EMP0076,2025-05-09 12:50:00,2025-05-11 03:08:13.950191017
TX006811,DEV0113,EMP0360,2024-07-24 18:16:00,2024-09-27 13:22:40.802012815
TX006812,DEV0078,EMP0085,2026-07-05 11:34:00,2026-07-06 19:32:15.636704393
TX006813,DEV0248,EMP0261,2026-07-05 14:41:00,2026-07-08 16:05:27.517569279
TX006814,DEV0094,EMP0414,2024-07-20 13:15:00,2024-09-04 14:53:19.164952053
TX006815,DEV0093,EMP0389,2025-01-12 13:50:00,2025-01-22 12:24:36.558967951
TX006816,DEV0208,EMP0101,2025-01-10 14:27:00,2025-01-11 16:47:15.727199763
TX006817,DEV0196,EMP0267,2025-03-17 10:02:00,2025-03-19 19:13:40.627154499
TX006818,DEV0031,EMP0211,2024-03-24 14:15:00,2024-03-29 03:47:45.760633482
TX006819,DEV0080,EMP0239,2024-12-22 09:18:00,2024-12-24 02:51:57.094051748
TX006820,DEV0231,EMP0172,2025-05-23 16:39:00,2025-05-25 19:56:09.011290397
TX006821,DEV0083,EMP0342,2024-03-14 13:06:00,2024-03-28 21:03:14.416222642
TX006822,DEV0082,EMP0107,2024-11-23 09:50:00,2024-12-03 14:23:29.146839791
TX006823,DEV0135,EMP0142,2024-01-03 09:45:00,2024-01-08 23:31:15.398773650
TX006824,DEV0012,EMP0162,2024-06-17 12:27:00,2024-06-21 03:01:03.386153052
TX006825,DEV0111,EMP0415,2026-04-07 07:35:00,2026-04-17 04:08:05.040062265
TX006826,DEV0081,EMP0329,2024-03-20 18:10:00,2024-03-22 09:53:20.875514352
TX006827,DEV0007,EMP0393,2026-01-02 11:15:00,2026-01-05 19:36:06.636416809
TX006828,DEV0061,EMP0094,2026-08-25 10:49:00,2026-08-29 06:12:31.921029125
TX006829,DEV0069,EMP0348,2024-12-30 15:05:00,2024-12-31 22:51:58.889159511
TX006830,DEV0259,EMP0046,2024-12-05 17:57:00,2024-12-09 14:07:56.144960340
TX006831,DEV0144,EMP0350,2024-07-02 13:11:00,2024-07-08 13:14:13.290012065
TX006832,DEV0053,EMP0327,2025-08-14 12:24:00,2025-08-21 11:04:54.899552719
TX006833,DEV0051,EMP0358,2025-02-07 08:32:00,2025-02-22 01:59:52.653905711
TX006834,DEV0011,EMP0119,2026-02-04 18:20:00,2026-02-06 21:55:04.198414387
TX006835,DEV0170,EMP0378,2026-03-11 12:12:00,2026-03-12 02:26:22.931611355
TX006836,DEV0032,EMP0093,2024-12-01 07:57:00,2024-12-06 21:46:54.045416763
TX006837,DEV0102,EMP0268,2024-05-25 07:33:00,2024-05-31 09:50:52.657439761
TX006838,DEV0145,EMP0202,2025-08-31 16:00:00,2025-09-09 02:44:46.760559476
TX006839,DEV0247,EMP0108,2026-07-27 16:14:00,2026-08-02 11:12:27.542463639
TX006840,DEV0196,EMP0058,2024-09-11 09:55:00,2024-09-20 00:30:15.540738837
TX006841,DEV0092,EMP0404,2025-06-21 17:41:00,2025-06-30 16:05:48.560931437
TX006842,DEV0035,EMP0095,2024-03-04 09:01:00,2024-03-07 23:30:17.094515364
TX006843,DEV0045,EMP0323,2024-09-16 14:53:00,2024-09-17 21:19:39.781268481
TX006844,DEV0224,EMP0153,2025-11-06 09:15:00,2025-12-12 00:42:39.522029817
TX006845,DEV0075,EMP0202,2024-11-25 17:10:00,2024-12-03 01:26:42.022943731
TX006846,DEV0008,EMP0116,2025-03-26 09:06:00,2025-03-29 08:42:54.333541439
TX006847,DEV0037,EMP0319,2025-08-23 17:24:00,2025-08-30 19:11:58.031430555
TX006848,DEV0102,EMP0377,2025-03-20 18:05:00,2025-03-24 06:04:51.207578778
TX006849,DEV0016,EMP0134,2024-10-16 14:44:00,2024-10-19 19:46:06.779130254
TX006850,DEV0251,EMP0017,2025-01-01 15:37:00,2025-01-05 04:43:09.534847316
TX006851,DEV0163,EMP0266,2024-11-02 10:11:00,2024-11-06 08:34:27.670625594
TX006852,DEV0032,EMP0016,2024-12-11 07:44:00,2024-12-19 00:11:46.968472404
TX006853,DEV0204,EMP0310,2024-11-27 17:21:00,2024-12-05 17:34:56.389058629
TX006854,DEV0248,EMP0085,2024-12-31 17:42:00,2025-01-03 02:50:51.943460324
TX006855,DEV0100,EMP0040,2024-05-20 07:33:00,2024-05-21 06:19:24.861699106
TX006856,DEV0034,EMP0206,2026-07-12 15:42:00,2026-07-31 00:51:28.931414596
TX006857,DEV0123,EMP0112,2026-08-19 08:03:00,2026-08-25 04:42:44.401202815
TX006858,DEV0092,EMP0079,2025-05-21 18:15:00,2025-05-27 11:13:35.561712102
TX006859,DEV0051,EMP0037,2024-02-29 16:57:00,2024-03-12 10:43:44.035284731
TX006860,DEV0195,EMP0152,2024-09-17 10:52:00,2024-09-19 17:34:29.302708510
TX006861,DEV0152,EMP0297,2026-08-01 16:27:00,2026-08-13 03:07:01.526228114
TX006862,DEV0255,EMP0408,2024-01-10 11:15:00,2024-01-16 10:55:40.391473644
TX006863,DEV0254,EMP0231,2024-04-03 12:40:00,2024-04-11 15:07:45.253931056
TX006864,DEV0168,EMP0219,2025-09-29 12:36:00,2025-10-04 12:55:48.588854854
TX006865,DEV0061,EMP0309,2025-08-02 14:37:00,2025-08-05 05:23:26.141147873
TX006866,DEV0237,EMP0133,2025-02-18 10:32:00,2025-02-24 07:56:54.084519840
TX006867,DEV0151,EMP0382,2025-02-07 15:51:00,2025-02-11 23:32:25.765109830
TX006868,DEV0226,EMP0227,2024-11-30 12:41:00,2024-12-09 11:26:50.720898976
TX006869,DEV0063,EMP0019,2025-01-12 13:15:00,2025-01-15 12:42:54.887705236
TX006870,DEV0022,EMP0310,2024-12-14 14:27:00,2024-12-25 12:49:02.675432260
TX006871,DEV0135,EMP0033,2026-02-21 09:05:00,2026-03-08 06:22:29.666242430
TX006872,DEV0227,EMP0169,2025-11-24 10:05:00,2025-11-25 03:36:10.225079881
TX006873,DEV0043,EMP0308,2025-10-24 16:18:00,2025-10-26 14:40:25.539441120
TX006874,DEV0095,EMP0159,2026-08-25 13:51:00,2026-09-10 00:50:41.980870584
TX006875,DEV0188,EMP0148,2024-11-24 11:11:00,2024-12-01 21:55:50.531172147
TX006876,DEV0084,EMP0018,2024-04-02 16:52:00,2024-04-04 11:28:53.623125720
TX006877,DEV0253,EMP0104,2024-09-04 16:14:00,2024-09-11 04:43:54.077361199
TX006878,DEV0043,EMP0337,2024-10-19 16:00:00,2024-10-30 21:47:28.565966282
TX006879,DEV0155,EMP0275,2024-09-02 07:03:00,2024-09-24 04:26:16.556128398
TX006880,DEV0259,EMP0384,2024-01-31 10:09:00,2024-02-01 04:29:44.825856687
TX006881,DEV0176,EMP0192,2025-12-05 14:34:00,2025-12-09 09:16:50.236357888
TX006882,DEV0002,EMP0346,2024-07-23 11:21:00,2024-08-02 22:21:33.413299880
TX006883,DEV0232,EMP0185,2025-07-27 13:19:00,2025-08-14 18:50:09.481042190
TX006884,DEV0001,EMP0283,2026-08-25 16:15:00,2026-09-02 02:37:56.784583672
TX006885,DEV0217,EMP0401,2025-09-12 12:29:00,2025-09-21 21:43:35.967622696
TX006886,DEV0223,EMP0366,2025-10-25 16:24:00,2025-10-27 17:57:37.244328155
TX006887,DEV0094,EMP0298,2026-08-14 13:01:00,2026-08-30 11:17:53.900620874
TX006888,DEV0089,EMP0366,2025-10-22 13:51:00,2025-10-24 05:06:31.490423673
TX006889,DEV0066,EMP0392,2026-02-14 11:48:00,2026-02-20 11:01:20.549670818
TX006890,DEV0122,EMP0186,2024-12-20 08:59:00,2024-12-26 02:07:21.976848029
TX006891,DEV0234,EMP0042,2024-12-25 11:49:00,2025-01-06 05:13:20.436134044
TX006892,DEV0225,EMP0363,2025-07-07 18:22:00,2025-07-19 17:54:42.613941097
TX006893,DEV0073,EMP0313,2025-07-08 17:50:00,2025-07-21 05:32:26.954636975
TX006894,DEV0252,EMP0154,2024-10-14 07:07:00,2024-10-31 00:06:28.792832407
TX006895,DEV0142,EMP0025,2026-02-02 08:01:00,2026-02-03 02:41:16.390909210
TX006896,DEV0012,EMP0279,2024-02-15 12:06:00,2024-02-19 23:38:07.222458370
TX006897,DEV0083,EMP0339,2025-03-15 07:15:00,2025-03-16 09:58:07.212334194
TX006898,DEV0177,EMP0268,2025-01-16 16:48:00,2025-01-30 05:39:08.963132051
TX006899,DEV0065,EMP0296,2026-06-13 12:49:00,2026-07-08 04:15:30.588033642
TX006900,DEV0092,EMP0006,2025-08-26 13:23:00,2025-09-13 18:06:27.218107606
TX006901,DEV0023,EMP0069,2025-04-14 18:43:00,2025-04-15 18:50:33.919893125
TX006902,DEV0056,EMP0403,2026-06-17 11:44:00,2026-07-08 19:21:58.629774294
TX006903,DEV0112,EMP0338,2024-05-02 11:08:00,2024-05-18 13:06:42.682741531
TX006904,DEV0154,EMP0362,2025-05-09 17:59:00,2025-05-16 17:46:05.407178266
TX006905,DEV0068,EMP0416,2024-11-15 08:59:00,2024-11-19 03:06:06.381011439
TX006906,DEV0061,EMP0238,2025-07-31 16:09:00,2025-08-15 03:04:42.180366328
TX006907,DEV0111,EMP0077,2025-06-28 17:09:00,2025-07-04 22:02:20.381504720
TX006908,DEV0131,EMP0118,2024-05-14 18:25:00,2024-05-17 01:10:25.732389146
TX006909,DEV0033,EMP0281,2024-09-28 13:33:00,2024-10-03 14:47:46.428580218
TX006910,DEV0205,EMP0364,2024-11-26 11:15:00,2024-12-19 22:28:31.176259758
TX006911,DEV0042,EMP0416,2025-01-30 13:15:00,2025-02-12 04:34:33.099900481
TX006912,DEV0180,EMP0311,2026-05-25 10:12:00,2026-05-26 18:28:59.277085948
TX006913,DEV0099,EMP0284,2025-04-21 17:01:00,2025-04-24 07:10:19.300342498
TX006914,DEV0204,EMP0183,2026-07-15 08:55:00,2026-08-10 04:47:28.744882180
TX006915,DEV0025,EMP0294,2026-07-08 15:40:00,2026-07-17 18:08:44.778055994
TX006916,DEV0194,EMP0362,2025-01-26 16:51:00,2025-01-30 21:43:22.834153662
TX006917,DEV0062,EMP0290,2026-02-18 09:29:00,2026-03-07 05:42:28.510696904
TX006918,DEV0031,EMP0003,2025-08-26 07:19:00,2025-09-02 07:45:17.621444167
TX006919,DEV0140,EMP0290,2024-10-13 10:09:00,2024-10-16 03:04:57.789941874
TX006920,DEV0122,EMP0300,2026-08-09 13:55:00,2026-08-13 18:37:05.667813700
TX006921,DEV0186,EMP0336,2024-06-17 12:08:00,2024-07-02 02:21:50.674470511
TX006922,DEV0231,EMP0009,2024-10-09 09:03:00,2024-10-14 14:56:07.316028360
TX006923,DEV0122,EMP0170,2025-05-11 10:31:00,2025-05-30 05:25:26.948141769
TX006924,DEV0211,EMP0306,2025-01-20 11:19:00,2025-01-22 17:33:27.919710666
TX006925,DEV0122,EMP0104,2025-03-06 15:00:00,2025-03-10 18:12:25.199116595
TX006926,DEV0101,EMP0282,2026-01-28 14:45:00,2026-02-02 23:55:16.005887885
TX006927,DEV0005,EMP0165,2024-09-27 14:23:00,2024-10-01 07:47:19.475537577
TX006928,DEV0132,EMP0118,2025-10-16 11:57:00,2025-10-24 04:14:51.616866452
TX006929,DEV0145,EMP0308,2026-05-19 08:33:00,2026-06-09 21:25:12.596011804
TX006930,DEV0054,EMP0064,2024-02-17 12:06:00,2024-03-06 12:27:23.422280724
TX006931,DEV0163,EMP0194,2025-04-20 16:22:00,2025-04-30 20:13:20.078682835
TX006932,DEV0127,EMP0373,2026-03-12 09:51:00,2026-03-16 15:53:35.931434129
TX006933,DEV0164,EMP0245,2026-06-30 15:02:00,2026-07-02 19:22:50.728907365
TX006934,DEV0222,EMP0160,2026-02-05 15:58:00,2026-02-20 07:44:12.237577378
TX006935,DEV0181,EMP0383,2026-07-28 09:14:00,2026-08-04 06:31:45.956703464
TX006936,DEV0013,EMP0319,2026-02-27 16:27:00,2026-03-03 09:38:58.793245439
TX006937,DEV0036,EMP0177,2025-08-23 14:57:00,2025-08-29 13:52:24.859647525
TX006938,DEV0017,EMP0148,2024-01-10 12:52:00,2024-01-14 22:41:42.704137774
TX006939,DEV0184,EMP0325,2024-04-26 18:27:00,2024-04-27 07:01:22.183173649
TX006940,DEV0107,EMP0190,2024-08-29 17:36:00,2024-09-03 12:27:32.831594063
TX006941,DEV0031,EMP0193,2024-03-11 11:48:00,2024-03-24 08:49:48.634129924
TX006942,DEV0152,EMP0350,2026-05-07 18:20:00,2026-05-10 03:14:49.696113118
TX006943,DEV0151,EMP0295,2024-06-03 18:51:00,2024-06-12 01:54:08.995668276
TX006944,DEV0077,EMP0251,2025-04-24 09:25:00,2025-04-28 04:30:30.494377584
TX006945,DEV0072,EMP0282,2026-07-10 14:34:00,2026-07-24 18:03:08.969431392
TX006946,DEV0217,EMP0277,2024-10-22 17:05:00,2024-10-26 06:41:03.026180967
TX006947,DEV0237,EMP0382,2025-09-28 08:47:00,2025-10-04 12:22:18.928306208
TX006948,DEV0198,EMP0064,2025-02-22 15:29:00,2025-02-23 23:07:45.847823832
TX006949,DEV0052,EMP0340,2026-05-15 11:43:00,2026-05-16 23:40:02.032242378
TX006950,DEV0078,EMP0153,2025-04-24 16:01:00,2025-04-25 21:05:42.677368258
TX006951,DEV0097,EMP0269,2024-06-17 12:04:00,2024-06-19 10:00:40.555875296
TX006952,DEV0245,EMP0213,2025-05-29 14:26:00,2025-05-30 01:23:26.149253090
TX006953,DEV0154,EMP0008,2025-02-26 08:17:00,2025-03-07 12:20:23.632648727
TX006954,DEV0156,EMP0173,2024-06-02 07:47:00,2024-06-05 19:15:38.386632529
TX006955,DEV0185,EMP0025,2024-03-21 08:44:00,2024-04-10 23:14:57.296276320
TX006956,DEV0193,EMP0192,2025-02-09 08:38:00,2025-02-15 00:52:19.579877504
TX006957,DEV0051,EMP0237,2024-03-19 12:10:00,2024-03-21 05:48:37.732596839
TX006958,DEV0151,EMP0129,2024-12-28 18:05:00,2025-01-04 23:05:29.874634485
TX006959,DEV0192,EMP0390,2026-03-12 08:48:00,2026-03-18 20:38:32.595197806
TX006960,DEV0201,EMP0280,2026-07-23 08:21:00,2026-07-27 03:16:06.176005372
TX006961,DEV0064,EMP0012,2024-12-08 15:53:00,2024-12-13 22:45:33.278766631
TX006962,DEV0151,EMP0170,2024-04-26 18:02:00,2024-05-07 15:49:14.856769526
TX006963,DEV0195,EMP0014,2025-08-06 15:12:00,2025-08-14 17:13:17.307681153
TX006964,DEV0244,EMP0160,2026-08-10 13:16:00,2026-08-22 05:04:26.446554188
TX006965,DEV0101,EMP0158,2025-06-25 11:41:00,2025-06-26 07:57:06.208784477
TX006966,DEV0017,EMP0390,2025-11-12 15:47:00,2025-11-16 14:47:25.951865834
TX006967,DEV0225,EMP0238,2025-04-23 16:47:00,2025-05-06 11:18:35.697332781
TX006968,DEV0005,EMP0119,2025-05-04 11:07:00,2025-05-23 22:34:19.056098797
TX006969,DEV0191,EMP0228,2026-02-02 10:28:00,2026-02-18 06:15:39.691278914
TX006970,DEV0082,EMP0331,2026-01-12 17:05:00,2026-01-15 14:15:29.416132337
TX006971,DEV0220,EMP0277,2024-08-20 12:16:00,2024-08-21 03:37:01.819762982
TX006972,DEV0186,EMP0185,2024-08-19 10:10:00,2024-08-28 17:14:29.338353631
TX006973,DEV0123,EMP0324,2025-11-26 09:24:00,2025-11-30 21:53:12.554934974
TX006974,DEV0233,EMP0271,2026-02-07 07:43:00,2026-02-11 17:34:16.056971450
TX006975,DEV0153,EMP0255,2024-09-11 08:38:00,2024-09-21 15:06:29.490354656
TX006976,DEV0152,EMP0373,2026-07-05 15:39:00,2026-07-20 14:00:26.576991803
TX006977,DEV0191,EMP0358,2025-03-02 14:29:00,2025-03-11 11:35:53.564979797
TX006978,DEV0182,EMP0144,2026-05-02 13:33:00,2026-05-08 01:34:10.615698811
TX006979,DEV0057,EMP0368,2024-02-08 07:20:00,2024-02-16 22:18:39.885960548
TX006980,DEV0155,EMP0181,2025-02-04 07:28:00,2025-02-09 09:49:16.353942869
TX006981,DEV0046,EMP0039,2025-08-17 11:40:00,2025-08-29 20:03:33.353359011
TX006982,DEV0051,EMP0038,2025-09-11 07:37:00,2025-09-19 10:20:28.589304791
TX006983,DEV0121,EMP0178,2026-02-07 13:28:00,2026-03-01 05:00:10.479432531
TX006984,DEV0142,EMP0163,2024-04-22 07:39:00,2024-05-11 15:49:01.937127628
TX006985,DEV0105,EMP0345,2026-04-16 12:59:00,2026-05-03 10:51:07.102386470
TX006986,DEV0121,EMP0328,2026-02-03 15:05:00,2026-02-13 21:49:33.957052336
TX006987,DEV0153,EMP0275,2025-08-01 12:16:00,2025-08-05 12:12:02.269569960
TX006988,DEV0224,EMP0026,2025-05-28 13:57:00,2025-06-28 18:49:29.720608073
TX006989,DEV0232,EMP0029,2025-10-07 07:57:00,2025-10-13 05:47:37.855411709
TX006990,DEV0213,EMP0315,2026-08-23 14:18:00,2026-08-30 10:37:32.511488875
TX006991,DEV0152,EMP0087,2024-06-20 16:25:00,2024-06-30 00:53:01.795154294
TX006992,DEV0251,EMP0412,2025-08-04 13:59:00,2025-08-13 04:01:49.889774677
TX006993,DEV0180,EMP0333,2024-03-09 10:52:00,2024-03-10 13:41:22.520895892
TX006994,DEV0183,EMP0063,2025-10-05 09:00:00,2025-10-24 20:56:35.892098757
TX006995,DEV0019,EMP0195,2025-10-19 15:53:00,2025-10-27 20:05:04.506531939
TX006996,DEV0132,EMP0208,2026-06-10 12:03:00,2026-06-11 11:35:32.606479807
TX006997,DEV0246,EMP0027,2025-04-15 17:33:00,2025-04-19 12:56:55.993760542
TX006998,DEV0162,EMP0377,2026-06-20 14:56:00,2026-06-26 15:31:02.503179305
TX006999,DEV0239,EMP0056,2024-04-04 11:04:00,2024-04-07 23:15:05.315213269
TX007000,DEV0062,EMP0141,2026-02-17 11:14:00,2026-03-03 11:11:44.650859895
TX007001,DEV0244,EMP0029,2024-04-27 10:06:00,2024-05-23 07:22:51.832398431
TX007002,DEV0247,EMP0255,2026-08-25 18:02:00,2026-08-28 09:38:43.530459941
TX007003,DEV0072,EMP0162,2024-12-23 10:13:00,2025-01-08 01:58:40.536014416
TX007004,DEV0004,EMP0326,2025-08-09 09:23:00,2025-08-17 06:08:32.656480299
TX007005,DEV0023,EMP0261,2026-03-24 18:43:00,2026-03-31 12:47:22.165074070
TX007006,DEV0024,EMP0044,2026-03-29 13:21:00,2026-04-11 09:44:39.746504973
TX007007,DEV0192,EMP0265,2024-02-03 17:09:00,2024-02-09 18:41:42.727582363
TX007008,DEV0052,EMP0339,2025-11-17 11:15:00,2025-11-25 03:41:38.579275429
TX007009,DEV0076,EMP0291,2026-07-24 07:37:00,2026-08-01 10:18:12.374407426
TX007010,DEV0043,EMP0376,2024-09-20 10:50:00,2024-10-01 04:16:08.294321176
TX007011,DEV0095,EMP0051,2025-07-20 16:05:00,2025-09-20 07:10:53.949677991
TX007012,DEV0093,EMP0351,2026-05-31 14:08:00,2026-06-09 22:16:36.624357159
TX007013,DEV0081,EMP0307,2026-01-21 07:42:00,2026-01-22 13:27:04.201722103
TX007014,DEV0231,EMP0413,2025-10-06 18:35:00,2025-10-09 02:23:51.895267327
TX007015,DEV0177,EMP0103,2025-01-28 13:28:00,2025-02-02 06:50:26.924796795
TX007016,DEV0222,EMP0011,2024-03-24 18:53:00,2024-03-28 03:41:08.575815132
TX007017,DEV0104,EMP0198,2026-06-18 18:27:00,2026-07-01 23:30:59.361619775
TX007018,DEV0193,EMP0034,2024-12-14 13:04:00,2025-01-05 13:26:36.642265724
TX007019,DEV0221,EMP0135,2024-09-20 10:34:00,2024-09-30 21:59:53.697187239
TX007020,DEV0257,EMP0224,2024-05-20 07:34:00,2024-05-22 01:31:06.564581767
TX007021,DEV0051,EMP0307,2026-05-18 09:25:00,2026-05-24 00:15:10.213313732
TX007022,DEV0095,EMP0357,2024-09-06 11:14:00,2024-09-20 10:46:41.558328032
TX007023,DEV0012,EMP0310,2024-05-31 18:25:00,2024-06-03 05:22:30.235875227
TX007024,DEV0154,EMP0328,2026-04-11 13:48:00,2026-04-26 09:25:36.791434791
TX007025,DEV0254,EMP0367,2026-03-21 15:36:00,2026-03-26 11:00:00.950796605
TX007026,DEV0242,EMP0225,2025-11-21 09:06:00,2025-11-22 20:25:23.611441622
TX007027,DEV0163,EMP0093,2026-05-26 18:45:00,2026-05-31 10:35:02.233568337
TX007028,DEV0176,EMP0289,2025-09-09 16:30:00,2025-09-15 23:13:13.052790986
TX007029,DEV0153,EMP0325,2026-02-26 16:16:00,2026-03-13 18:33:57.204238974
TX007030,DEV0125,EMP0296,2026-06-17 08:03:00,2026-06-29 23:35:42.795283309
TX007031,DEV0033,EMP0015,2025-11-22 12:59:00,2025-12-06 09:45:27.748657563
TX007032,DEV0251,EMP0036,2025-10-16 16:40:00,2025-11-04 00:29:44.991870161
TX007033,DEV0073,EMP0272,2024-06-13 17:38:00,2024-06-20 07:55:51.530508284
TX007034,DEV0163,EMP0335,2026-07-08 15:21:00,2026-07-13 09:01:22.989457100
TX007035,DEV0111,EMP0396,2026-06-15 07:20:00,2026-06-25 12:06:26.260650544
TX007036,DEV0135,EMP0304,2025-03-04 15:27:00,2025-03-08 18:43:40.305183731
TX007037,DEV0001,EMP0378,2025-04-27 16:49:00,2025-05-08 13:34:28.041504115
TX007038,DEV0132,EMP0246,2025-07-20 17:52:00,2025-07-26 15:11:03.459556519
TX007039,DEV0246,EMP0185,2024-07-01 11:01:00,2024-07-06 00:30:29.191586830
TX007040,DEV0141,EMP0250,2025-08-04 10:21:00,2025-08-08 20:00:04.681281370
TX007041,DEV0101,EMP0285,2025-09-20 13:25:00,2025-09-29 16:09:56.966050490
TX007042,DEV0047,EMP0378,2026-06-28 18:53:00,2026-07-07 20:23:16.067732910
TX007043,DEV0093,EMP0037,2024-09-13 12:35:00,2024-09-28 16:41:06.693301228
TX007044,DEV0101,EMP0238,2025-01-01 13:25:00,2025-01-04 22:10:28.588830029
TX007045,DEV0192,EMP0199,2025-06-24 14:18:00,2025-06-29 06:30:18.819044299
TX007046,DEV0192,EMP0419,2024-07-12 18:28:00,2024-07-18 01:38:35.651176761
TX007047,DEV0245,EMP0034,2025-02-02 11:29:00,2025-02-14 08:51:48.667263158
TX007048,DEV0096,EMP0185,2025-12-26 09:42:00,2025-12-26 22:55:53.121977650
TX007049,DEV0051,EMP0145,2025-05-12 13:11:00,2025-05-15 21:33:53.041444361
TX007050,DEV0080,EMP0139,2025-03-13 09:06:00,2025-03-14 08:09:45.222848703
TX007051,DEV0025,EMP0240,2024-10-12 12:28:00,2024-10-15 13:22:43.096073563
TX007052,DEV0079,EMP0293,2025-09-05 09:40:00,2025-09-08 14:54:13.293511974
TX007053,DEV0093,EMP0190,2026-08-11 11:41:00,2026-08-13 17:34:19.163396504
TX007054,DEV0074,EMP0087,2024-03-16 08:50:00,2024-03-29 13:33:17.955135348
TX007055,DEV0244,EMP0420,2025-11-15 07:25:00,2025-11-26 02:25:22.202783989
TX007056,DEV0202,EMP0293,2026-01-26 18:36:00,2026-01-31 18:33:20.905576140
TX007057,DEV0017,EMP0336,2024-05-11 12:22:00,2024-05-14 18:59:50.986082279
TX007058,DEV0233,EMP0275,2025-05-14 13:58:00,2025-05-21 12:56:27.422768569
TX007059,DEV0065,EMP0147,2026-08-25 16:36:00,2026-08-29 20:50:13.262808520
TX007060,DEV0241,EMP0044,2026-02-12 13:27:00,2026-02-16 01:51:28.259500138
TX007061,DEV0041,EMP0268,2025-12-09 09:46:00,2025-12-18 09:16:42.859308970
TX007062,DEV0143,EMP0289,2025-08-07 11:50:00,2025-08-16 00:16:45.181417390
TX007063,DEV0244,EMP0111,2025-05-14 17:14:00,2025-05-25 13:41:37.468692258
TX007064,DEV0123,EMP0218,2025-12-16 11:15:00,2025-12-19 10:21:35.995929053
TX007065,DEV0073,EMP0069,2024-05-17 16:42:00,2024-06-01 19:31:42.492011305
TX007066,DEV0043,EMP0217,2026-03-02 08:45:00,2026-03-11 09:53:17.144457451
TX007067,DEV0121,EMP0140,2025-06-01 10:47:00,2025-06-11 03:56:43.946483022
TX007068,DEV0243,EMP0254,2026-02-26 12:10:00,2026-02-27 18:54:46.016654412
TX007069,DEV0020,EMP0133,2026-04-14 07:05:00,2026-04-15 11:15:51.388279927
TX007070,DEV0196,EMP0256,2024-09-15 07:46:00,2024-09-18 08:12:46.868143519
TX007071,DEV0117,EMP0101,2026-08-13 16:44:00,2026-08-15 12:56:44.032960076
TX007072,DEV0117,EMP0034,2026-06-11 08:45:00,2026-06-12 22:33:06.370195273
TX007073,DEV0223,EMP0037,2025-10-24 11:49:00,2025-10-29 19:41:45.766316952
TX007074,DEV0091,EMP0246,2024-08-18 16:06:00,2024-09-09 02:17:35.546766932
TX007075,DEV0155,EMP0060,2024-12-19 13:27:00,2024-12-30 10:00:01.883312035
TX007076,DEV0132,EMP0108,2025-03-05 16:24:00,2025-03-13 08:06:06.679603049
TX007077,DEV0033,EMP0026,2024-10-08 16:50:00,2024-10-11 22:28:49.538504036
TX007078,DEV0237,EMP0319,2024-08-01 10:40:00,2024-08-02 07:56:46.544250328
TX007079,DEV0249,EMP0303,2025-12-15 11:30:00,2025-12-16 08:46:17.788710202
TX007080,DEV0075,EMP0237,2024-04-08 11:22:00,2024-05-15 19:08:21.870577578
TX007081,DEV0122,EMP0223,2025-11-07 08:09:00,2025-11-08 05:47:29.526795185
TX007082,DEV0246,EMP0254,2025-09-08 17:34:00,2025-09-13 09:35:01.078684802
TX007083,DEV0001,EMP0307,2024-01-19 08:58:00,2024-02-01 06:19:57.281828314
TX007084,DEV0156,EMP0375,2025-10-12 07:47:00,2025-10-16 11:38:12.723931527
TX007085,DEV0023,EMP0066,2025-10-04 07:49:00,2025-10-14 00:46:45.041813410
TX007086,DEV0249,EMP0374,2026-06-07 08:18:00,2026-06-10 12:33:55.900386509
TX007087,DEV0093,EMP0124,2026-06-26 13:44:00,2026-07-10 21:42:19.195206841
TX007088,DEV0019,EMP0165,2025-04-30 10:53:00,2025-05-01 09:00:35.819332726
TX007089,DEV0202,EMP0145,2024-06-11 10:10:00,2024-06-15 06:38:42.519416447
TX007090,DEV0234,EMP0085,2026-02-23 10:24:00,2026-03-05 08:44:31.020294055
TX007091,DEV0255,EMP0066,2025-06-15 10:38:00,2025-06-23 16:21:57.157729518
TX007092,DEV0111,EMP0258,2025-09-03 09:48:00,2025-09-08 01:52:49.819373264
TX007093,DEV0095,EMP0257,2025-08-14 16:52:00,2025-08-27 07:52:47.720074037
TX007094,DEV0025,EMP0141,2024-05-04 09:13:00,2024-05-11 18:01:30.539172125
TX007095,DEV0162,EMP0155,2024-04-30 16:31:00,2024-05-05 09:44:58.616244731
TX007096,DEV0033,EMP0197,2025-01-13 13:45:00,2025-01-16 16:53:26.607845020
TX007097,DEV0194,EMP0376,2024-07-08 10:57:00,2024-07-16 08:44:53.174392086
TX007098,DEV0183,EMP0188,2024-10-24 15:04:00,2024-11-02 09:48:01.924105509
TX007099,DEV0151,EMP0134,2025-04-11 18:37:00,2025-04-14 17:18:42.506656930
TX007100,DEV0060,EMP0171,2026-02-10 18:15:00,2026-02-10 22:36:57.803423105
TX007101,DEV0131,EMP0113,2024-12-26 10:33:00,2025-01-04 10:22:57.970765160
TX007102,DEV0031,EMP0088,2025-02-05 09:35:00,2025-02-16 06:25:50.359935773
TX007103,DEV0163,EMP0109,2024-03-06 15:03:00,2024-03-10 13:17:25.254022523
TX007104,DEV0042,EMP0224,2024-08-02 08:23:00,2024-08-09 07:22:35.554990142
TX007105,DEV0063,EMP0224,2026-02-27 16:55:00,2026-03-04 09:28:23.564246247
TX007106,DEV0231,EMP0081,2024-12-03 14:51:00,2024-12-04 08:52:34.219982542
TX007107,DEV0245,EMP0118,2024-05-01 15:27:00,2024-05-04 03:28:24.637881975
TX007108,DEV0051,EMP0219,2025-02-12 16:29:00,2025-02-15 21:29:36.509381441
TX007109,DEV0025,EMP0357,2026-01-13 12:00:00,2026-01-24 20:49:28.906107873
TX007110,DEV0037,EMP0141,2026-04-02 17:04:00,2026-04-03 21:35:00.174923870
TX007111,DEV0114,EMP0411,2026-07-01 17:12:00,2026-07-14 15:05:46.376851166
TX007112,DEV0119,EMP0372,2025-02-03 17:49:00,2025-02-04 15:37:21.379862991
TX007113,DEV0137,EMP0354,2025-12-29 14:03:00,2025-12-31 15:04:25.478872050
TX007114,DEV0053,EMP0110,2025-06-01 17:58:00,2025-06-11 23:13:18.764583455
TX007115,DEV0151,EMP0112,2024-08-22 11:54:00,2024-08-29 12:35:37.865326534
TX007116,DEV0052,EMP0202,2026-05-11 17:18:00,2026-05-22 02:31:53.334433545
TX007117,DEV0025,EMP0292,2026-06-17 17:38:00,2026-06-29 00:45:48.536446715
TX007118,DEV0152,EMP0001,2024-01-07 14:52:00,2024-01-23 18:44:38.723875107
TX007119,DEV0046,EMP0371,2024-10-01 12:09:00,2024-10-05 01:12:30.637970889
TX007120,DEV0150,EMP0018,2024-11-26 07:29:00,2024-11-27 21:59:04.049687142
TX007121,DEV0058,EMP0027,2025-01-29 08:22:00,2025-02-03 02:13:24.149986576
TX007122,DEV0204,EMP0308,2024-10-15 12:28:00,2024-10-24 06:01:09.954869290
TX007123,DEV0121,EMP0320,2026-01-09 13:55:00,2026-01-16 09:21:35.395491031
TX007124,DEV0105,EMP0306,2025-06-02 16:46:00,2025-06-30 21:03:13.723525411
TX007125,DEV0071,EMP0131,2025-08-13 16:08:00,2025-08-17 00:38:40.705801124
TX007126,DEV0051,EMP0176,2025-09-21 12:34:00,2025-09-24 12:13:13.133144431
TX007127,DEV0031,EMP0040,2025-10-20 12:24:00,2025-10-30 18:35:29.903993601
TX007128,DEV0041,EMP0402,2025-02-09 09:32:00,2025-02-16 03:32:22.152327352
TX007129,DEV0197,EMP0341,2024-04-26 11:42:00,2024-04-28 20:02:08.935957288
TX007130,DEV0148,EMP0112,2025-03-20 11:50:00,2025-03-22 09:52:53.803380024
TX007131,DEV0012,EMP0403,2024-11-26 10:43:00,2024-12-05 10:02:17.664102125
TX007132,DEV0081,EMP0254,2024-04-28 15:35:00,2024-05-11 10:53:25.280056130
TX007133,DEV0112,EMP0041,2025-06-21 17:48:00,2025-07-02 03:20:25.968417094
TX007134,DEV0036,EMP0220,2026-08-21 12:35:00,2026-09-03 14:52:34.673922255
TX007135,DEV0043,EMP0271,2025-01-25 15:02:00,2025-01-31 12:17:37.865262353
TX007136,DEV0154,EMP0121,2025-12-05 08:29:00,2025-12-11 12:18:04.839204258
TX007137,DEV0053,EMP0066,2025-07-29 14:50:00,2025-08-02 07:51:44.633399055
TX007138,DEV0221,EMP0303,2026-04-08 11:38:00,2026-04-12 09:34:39.278001218
TX007139,DEV0026,EMP0276,2026-02-19 10:25:00,2026-02-23 21:00:06.140801986
TX007140,DEV0224,EMP0394,2025-10-24 11:36:00,2025-10-27 09:12:24.339761927
TX007141,DEV0027,EMP0003,2024-06-15 18:28:00,2024-06-23 11:41:22.233947305
TX007142,DEV0247,EMP0411,2026-01-15 15:44:00,2026-01-17 17:47:50.569141154
TX007143,DEV0161,EMP0172,2024-05-04 12:35:00,2024-05-08 17:03:46.779585200
TX007144,DEV0105,EMP0047,2025-03-01 11:03:00,2025-03-07 18:55:28.273600650
TX007145,DEV0111,EMP0313,2025-01-31 14:56:00,2025-02-24 04:42:47.737512919
TX007146,DEV0004,EMP0248,2025-09-26 10:44:00,2025-10-06 07:17:00.565491840
TX007147,DEV0257,EMP0270,2026-04-17 10:43:00,2026-04-24 01:51:25.128053513
TX007148,DEV0025,EMP0270,2026-07-21 09:57:00,2026-08-01 18:10:08.876374739
TX007149,DEV0115,EMP0350,2025-03-05 09:41:00,2025-03-09 12:37:32.329495469
TX007150,DEV0105,EMP0101,2025-05-20 12:55:00,2025-06-08 02:56:03.123693843
TX007151,DEV0188,EMP0071,2024-09-08 08:23:00,2024-09-13 05:42:05.850983925
TX007152,DEV0091,EMP0066,2025-05-29 12:39:00,2025-05-30 10:34:01.571230931
TX007153,DEV0093,EMP0100,2024-06-10 08:15:00,2024-06-12 19:55:36.472591646
TX007154,DEV0205,EMP0391,2025-08-15 13:22:00,2025-09-11 07:36:36.736183727
TX007155,DEV0065,EMP0323,2025-08-15 16:58:00,2025-09-02 14:59:33.491053805
TX007156,DEV0116,EMP0386,2025-01-17 15:31:00,2025-01-24 16:26:51.405367645
TX007157,DEV0232,EMP0417,2025-12-17 12:03:00,2025-12-21 07:36:20.241906594
TX007158,DEV0084,EMP0037,2025-09-06 09:16:00,2025-09-27 11:01:54.400411662
TX007159,DEV0073,EMP0304,2024-04-10 09:23:00,2024-04-16 14:21:18.922683073
TX007160,DEV0138,EMP0316,2025-12-24 11:42:00,2025-12-29 21:39:58.496640795
TX007161,DEV0055,EMP0319,2024-01-29 12:45:00,2024-02-13 07:09:42.045284239
TX007162,DEV0240,EMP0372,2025-11-30 12:47:00,2025-12-02 00:25:27.909458143
TX007163,DEV0253,EMP0016,2025-07-08 15:36:00,2025-08-31 10:43:19.858504985
TX007164,DEV0160,EMP0130,2024-01-04 11:19:00,2024-01-05 07:31:38.320356562
TX007165,DEV0048,EMP0058,2025-06-06 18:23:00,2025-06-14 14:35:42.896314137
TX007166,DEV0260,EMP0016,2025-06-11 15:40:00,2025-06-13 00:34:30.953077841
TX007167,DEV0151,EMP0212,2026-07-06 12:01:00,2026-07-18 07:39:45.922367403
TX007168,DEV0154,EMP0165,2024-03-07 15:32:00,2024-03-16 02:38:54.594791296
TX007169,DEV0121,EMP0177,2025-07-31 11:33:00,2025-08-05 11:25:06.223626651
TX007170,DEV0122,EMP0168,2025-02-19 07:29:00,2025-02-22 15:14:06.451685581
TX007171,DEV0127,EMP0182,2024-05-01 09:43:00,2024-05-11 10:27:06.003720336
TX007172,DEV0018,EMP0016,2024-11-19 11:31:00,2024-11-21 21:04:02.092814096
TX007173,DEV0094,EMP0320,2024-01-01 08:37:00,2024-03-31 01:33:26.075281059
TX007174,DEV0063,EMP0138,2026-08-26 13:50:00,2026-08-27 22:02:18.590533007
TX007175,DEV0173,EMP0288,2024-01-22 10:26:00,2024-01-26 15:19:28.397251201
TX007176,DEV0136,EMP0234,2025-11-27 09:13:00,2025-11-28 06:49:06.415113198
TX007177,DEV0031,EMP0090,2026-05-12 12:15:00,2026-05-19 01:27:53.238786164
TX007178,DEV0105,EMP0375,2024-02-29 08:27:00,2024-03-07 00:25:42.754711154
TX007179,DEV0201,EMP0054,2026-01-13 18:21:00,2026-01-30 00:34:16.018618175
TX007180,DEV0253,EMP0080,2025-07-12 15:03:00,2025-07-17 08:42:26.887770664
TX007181,DEV0232,EMP0241,2025-02-19 15:29:00,2025-02-24 07:03:56.175620362
TX007182,DEV0231,EMP0177,2024-06-14 08:37:00,2024-06-22 17:28:14.520101056
TX007183,DEV0017,EMP0087,2024-09-11 09:40:00,2024-09-16 16:45:34.947582083
TX007184,DEV0181,EMP0387,2026-02-23 16:34:00,2026-02-28 15:45:25.028446042
TX007185,DEV0187,EMP0259,2025-10-16 08:45:00,2025-10-25 22:53:03.247181077
TX007186,DEV0253,EMP0087,2024-12-16 10:29:00,2024-12-31 14:15:04.380711143
TX007187,DEV0246,EMP0390,2025-06-19 16:16:00,2025-06-25 18:04:45.089539863
TX007188,DEV0181,EMP0061,2025-05-26 15:30:00,2025-06-03 16:58:15.859464909
TX007189,DEV0096,EMP0008,2026-01-23 07:07:00,2026-01-28 15:07:53.123648698
TX007190,DEV0071,EMP0377,2024-12-13 14:11:00,2024-12-21 05:09:53.793360280
TX007191,DEV0257,EMP0060,2024-09-04 12:37:00,2024-09-16 15:26:43.075284710
TX007192,DEV0204,EMP0420,2024-10-08 10:19:00,2024-10-15 04:21:34.428059498
TX007193,DEV0223,EMP0403,2026-04-28 14:10:00,2026-05-02 19:34:35.544994285
TX007194,DEV0186,EMP0219,2026-01-06 11:24:00,2026-01-13 00:52:54.400751694
TX007195,DEV0122,EMP0197,2025-06-27 16:42:00,2025-07-04 04:18:39.799747722
TX007196,DEV0161,EMP0212,2024-09-10 15:49:00,2024-09-13 15:55:01.354039507
TX007197,DEV0182,EMP0350,2025-02-22 12:07:00,2025-03-04 02:22:23.125271365
TX007198,DEV0117,EMP0297,2024-12-20 11:23:00,2024-12-23 18:03:46.645529888
TX007199,DEV0102,EMP0113,2025-07-31 10:28:00,2025-08-04 23:38:32.477854853
TX007200,DEV0085,EMP0192,2025-08-26 07:37:00,2025-09-02 18:34:16.108591311
TX007201,DEV0105,EMP0072,2025-10-29 11:44:00,2025-11-15 06:48:41.236239414
TX007202,DEV0236,EMP0168,2024-02-24 09:53:00,2024-02-27 11:58:04.986118507
TX007203,DEV0076,EMP0068,2024-10-14 16:10:00,2024-10-17 20:37:30.226841329
TX007204,DEV0134,EMP0380,2024-08-03 08:35:00,2024-08-14 23:24:41.229667118
TX007205,DEV0151,EMP0158,2025-09-13 14:34:00,2025-09-22 15:10:17.574267789
TX007206,DEV0042,EMP0138,2024-06-08 11:13:00,2024-06-26 20:08:36.691890943
TX007207,DEV0060,EMP0039,2025-04-13 09:54:00,2025-04-14 07:29:09.138422780
TX007208,DEV0244,EMP0009,2025-11-25 15:35:00,2025-12-02 04:06:57.050416101
TX007209,DEV0171,EMP0078,2025-06-01 15:10:00,2025-06-20 07:26:57.009354394
TX007210,DEV0256,EMP0396,2024-04-03 17:26:00,2024-04-10 01:43:00.394417725
TX007211,DEV0205,EMP0344,2024-10-12 09:39:00,2024-10-26 04:30:20.816974943
TX007212,DEV0043,EMP0025,2024-01-17 11:28:00,2024-01-28 10:13:50.675664018
TX007213,DEV0215,EMP0187,2026-02-20 11:21:00,2026-03-06 12:16:39.321320829
TX007214,DEV0128,EMP0157,2024-11-23 10:42:00,2024-11-26 07:44:31.125406073
TX007215,DEV0071,EMP0073,2026-02-08 10:42:00,2026-02-13 20:10:51.756752518
TX007216,DEV0112,EMP0353,2025-08-07 17:23:00,2025-08-09 23:34:21.121438924
TX007217,DEV0106,EMP0299,2025-11-28 09:03:00,2025-11-28 20:05:31.707926411
TX007218,DEV0211,EMP0107,2024-12-30 12:27:00,2025-01-02 07:19:12.708861976
TX007219,DEV0179,EMP0113,2024-07-03 18:45:00,2024-07-08 17:03:33.485621811
TX007220,DEV0235,EMP0051,2026-03-03 18:50:00,2026-03-30 01:21:54.098003526
TX007221,DEV0051,EMP0109,2026-01-05 16:37:00,2026-01-07 13:19:09.923031494
TX007222,DEV0042,EMP0281,2024-10-01 15:28:00,2024-10-07 09:46:02.505234603
TX007223,DEV0077,EMP0399,2026-02-25 09:21:00,2026-03-14 22:57:59.435383841
TX007224,DEV0218,EMP0013,2024-06-11 16:50:00,2024-06-15 17:26:43.249655330
TX007225,DEV0058,EMP0334,2024-07-19 13:20:00,2024-07-22 20:24:14.388373047
TX007226,DEV0142,EMP0232,2025-05-18 14:40:00,2025-07-03 21:26:24.225743093
TX007227,DEV0045,EMP0034,2024-05-27 15:08:00,2024-05-30 22:57:28.223118290
TX007228,DEV0194,EMP0396,2025-02-02 17:25:00,2025-02-11 15:44:44.716561779
TX007229,DEV0045,EMP0193,2024-06-25 08:33:00,2024-07-14 08:08:57.742125899
TX007230,DEV0161,EMP0310,2024-11-17 07:02:00,2024-11-21 13:44:44.771033231
TX007231,DEV0205,EMP0162,2024-03-20 09:50:00,2024-04-12 21:50:52.270237895
TX007232,DEV0216,EMP0284,2025-05-16 15:04:00,2025-05-19 03:11:39.415588369
TX007233,DEV0046,EMP0338,2025-04-29 11:44:00,2025-05-03 20:58:51.085458068
TX007234,DEV0225,EMP0089,2025-10-03 13:04:00,2025-10-05 12:58:05.593542836
TX007235,DEV0122,EMP0409,2024-10-23 10:53:00,2024-10-30 13:43:04.770790649
TX007236,DEV0160,EMP0015,2024-05-01 18:16:00,2024-05-02 10:54:56.616767435
TX007237,DEV0134,EMP0191,2024-03-26 08:46:00,2024-03-31 08:12:42.094263259
TX007238,DEV0155,EMP0383,2025-02-08 16:57:00,2025-02-25 06:44:48.713789180
TX007239,DEV0077,EMP0128,2026-08-13 07:04:00,2026-08-20 17:07:47.782731418
TX007240,DEV0202,EMP0398,2025-10-04 08:46:00,2025-10-21 06:18:10.255104727
TX007241,DEV0253,EMP0406,2025-04-05 13:02:00,2025-04-11 12:22:43.530281569
TX007242,DEV0241,EMP0178,2024-05-20 08:41:00,2024-05-30 03:52:20.013705530
TX007243,DEV0066,EMP0201,2025-05-02 10:19:00,2025-05-04 02:50:01.364910352
TX007244,DEV0071,EMP0345,2024-10-17 14:34:00,2024-10-22 10:49:45.710190483
TX007245,DEV0171,EMP0206,2026-07-29 15:27:00,2026-08-07 10:11:12.841152790
TX007246,DEV0021,EMP0062,2024-07-07 09:17:00,2024-07-10 23:09:41.381524111
TX007247,DEV0115,EMP0112,2025-02-14 12:41:00,2025-02-22 08:47:24.603683420
TX007248,DEV0021,EMP0298,2025-10-13 16:26:00,2025-10-19 09:20:15.166999243
TX007249,DEV0053,EMP0200,2026-05-27 08:44:00,2026-06-03 20:17:53.968330762
TX007250,DEV0161,EMP0411,2026-02-05 16:02:00,2026-03-04 22:54:47.173145547
TX007251,DEV0093,EMP0093,2026-07-05 16:35:00,2026-07-21 21:05:42.354051282
TX007252,DEV0203,EMP0094,2024-08-16 15:59:00,2024-08-20 23:08:44.605002659
TX007253,DEV0106,EMP0027,2024-11-23 09:58:00,2024-11-26 23:01:51.247851534
TX007254,DEV0221,EMP0106,2026-08-09 09:48:00,2026-08-16 03:41:28.557917012
TX007255,DEV0170,EMP0340,2024-09-30 13:48:00,2024-10-03 07:50:31.553674711
TX007256,DEV0161,EMP0260,2024-04-10 09:05:00,2024-04-12 23:25:49.043732949
TX007257,DEV0154,EMP0317,2026-01-30 16:35:00,2026-02-03 23:16:04.791521477
TX007258,DEV0163,EMP0235,2025-04-05 12:38:00,2025-04-09 19:17:37.413944437
TX007259,DEV0223,EMP0186,2026-06-04 13:46:00,2026-06-15 13:07:17.269431932
TX007260,DEV0085,EMP0041,2024-08-30 11:10:00,2024-09-11 00:47:50.937950084
TX007261,DEV0242,EMP0162,2025-01-05 07:06:00,2025-01-09 17:01:29.880852039
TX007262,DEV0172,EMP0046,2024-07-19 17:45:00,2024-07-24 14:04:11.441734381
TX007263,DEV0134,EMP0202,2024-08-02 07:34:00,2024-08-17 05:24:39.398684301
TX007264,DEV0231,EMP0254,2025-12-24 12:40:00,2026-01-07 18:11:15.427958053
TX007265,DEV0147,EMP0386,2026-07-29 15:30:00,2026-08-03 12:29:59.555416302
TX007266,DEV0075,EMP0275,2025-05-26 11:14:00,2025-06-22 21:40:01.199406811
TX007267,DEV0103,EMP0258,2025-12-10 18:15:00,2025-12-18 12:48:43.951012095
TX007268,DEV0012,EMP0226,2025-10-05 10:46:00,2025-10-12 09:34:51.574951765
TX007269,DEV0024,EMP0087,2026-03-19 17:34:00,2026-03-24 21:43:18.941079194
TX007270,DEV0205,EMP0323,2025-06-11 17:10:00,2025-06-29 01:29:08.474681147
TX007271,DEV0023,EMP0273,2026-08-06 08:15:00,2026-08-10 14:35:31.231953652
TX007272,DEV0086,EMP0411,2026-04-17 07:44:00,2026-04-24 22:18:08.140632037
TX007273,DEV0132,EMP0374,2025-05-09 10:30:00,2025-05-22 04:52:54.538275085
TX007274,DEV0221,EMP0391,2026-03-05 16:47:00,2026-03-13 04:05:29.294816817
TX007275,DEV0214,EMP0243,2026-02-19 15:16:00,2026-02-22 23:47:38.953807874
TX007276,DEV0136,EMP0305,2024-01-03 13:14:00,2024-01-15 11:06:40.661308379
TX007277,DEV0164,EMP0152,2024-09-17 08:01:00,2024-09-26 16:26:25.557414810
TX007278,DEV0155,EMP0053,2024-02-24 08:27:00,2024-02-28 02:56:26.834333479
TX007279,DEV0073,EMP0265,2024-01-22 09:27:00,2024-02-10 18:00:45.163216628
TX007280,DEV0241,EMP0097,2025-12-17 15:58:00,2026-01-10 19:00:00.503429255
TX007281,DEV0220,EMP0271,2024-07-17 07:00:00,2024-07-18 02:04:16.319102081
TX007282,DEV0067,EMP0193,2025-03-06 17:38:00,2025-03-09 09:15:46.863883444
TX007283,DEV0243,EMP0265,2025-02-02 16:33:00,2025-02-08 11:56:47.830812637
TX007284,DEV0003,EMP0163,2026-04-01 18:08:00,2026-04-17 08:54:34.169668544
TX007285,DEV0243,EMP0151,2025-08-19 16:02:00,2025-08-28 00:03:48.369895547
TX007286,DEV0042,EMP0253,2025-04-19 15:31:00,2025-04-23 07:06:37.295219953
TX007287,DEV0184,EMP0357,2024-05-31 14:47:00,2024-06-11 15:59:10.392031834
TX007288,DEV0205,EMP0418,2024-10-16 12:50:00,2025-02-24 09:20:22.037516006
TX007289,DEV0162,EMP0143,2026-08-21 12:26:00,2026-08-29 04:33:54.889292262
TX007290,DEV0182,EMP0270,2024-11-19 10:56:00,2024-11-24 14:41:40.738278835
TX007291,DEV0014,EMP0159,2024-04-01 17:50:00,2024-04-17 12:16:55.525958674
TX007292,DEV0064,EMP0197,2026-08-19 12:49:00,2026-08-31 12:56:18.911017008
TX007293,DEV0086,EMP0348,2025-10-17 08:54:00,2025-10-23 21:27:16.140154579
TX007294,DEV0017,EMP0312,2025-05-03 10:16:00,2025-05-07 14:18:28.909489299
TX007295,DEV0013,EMP0108,2024-12-03 14:11:00,2024-12-09 16:26:54.581154049
TX007296,DEV0191,EMP0278,2026-03-20 13:49:00,2026-03-29 12:18:22.302174448
TX007297,DEV0075,EMP0385,2024-02-15 18:32:00,2024-03-09 01:46:43.948594865
TX007298,DEV0142,EMP0181,2024-04-06 18:14:00,2024-05-01 00:08:11.805529652
TX007299,DEV0077,EMP0364,2024-05-03 13:16:00,2024-05-07 04:12:18.584171554
TX007300,DEV0173,EMP0139,2025-08-24 14:17:00,2025-08-25 00:55:34.125357316
TX007301,DEV0211,EMP0294,2025-12-08 09:39:00,2025-12-17 06:14:54.123436306
TX007302,DEV0001,EMP0332,2024-05-22 07:34:00,2024-05-27 08:24:02.110993324
TX007303,DEV0139,EMP0314,2025-05-27 17:02:00,2025-06-01 07:11:51.940406313
TX007304,DEV0062,EMP0344,2025-06-20 10:54:00,2025-07-16 08:48:24.636546754
TX007305,DEV0083,EMP0404,2025-11-07 16:19:00,2025-11-16 22:01:50.938599875
TX007306,DEV0141,EMP0403,2026-06-28 12:30:00,2026-07-07 02:38:55.908091497
TX007307,DEV0231,EMP0215,2024-09-01 18:37:00,2024-09-15 06:07:25.257115301
TX007308,DEV0103,EMP0135,2024-07-22 09:31:00,2024-07-31 04:35:00.706972302
TX007309,DEV0211,EMP0196,2026-01-29 09:57:00,2026-02-07 09:28:00.269981358
TX007310,DEV0093,EMP0181,2025-04-25 09:51:00,2025-05-23 20:00:47.999490841
TX007311,DEV0216,EMP0418,2025-05-20 11:24:00,2025-05-28 04:38:19.815085321
TX007312,DEV0103,EMP0016,2026-01-26 15:10:00,2026-04-07 18:06:40.981796838
TX007313,DEV0065,EMP0350,2026-03-22 17:22:00,2026-03-26 10:47:34.165915869
TX007314,DEV0122,EMP0362,2025-11-26 08:03:00,2025-12-08 22:01:32.603081214
TX007315,DEV0137,EMP0312,2025-09-15 09:15:00,2025-09-16 02:17:56.106850421
TX007316,DEV0107,EMP0065,2026-07-27 11:07:00,2026-07-30 16:48:50.911274528
TX007317,DEV0144,EMP0278,2025-12-09 12:45:00,2025-12-20 16:14:37.771626939
TX007318,DEV0157,EMP0193,2024-09-08 13:30:00,2024-09-11 10:00:31.728069762
TX007319,DEV0241,EMP0136,2026-07-28 09:21:00,2026-07-31 20:15:42.967789690
TX007320,DEV0145,EMP0212,2025-01-02 12:48:00,2025-01-14 00:17:32.073008089
TX007321,DEV0186,EMP0240,2025-04-27 07:28:00,2025-05-02 07:47:54.802776324
TX007322,DEV0036,EMP0085,2024-05-16 12:24:00,2024-05-21 10:50:59.130891507
TX007323,DEV0232,EMP0217,2026-04-25 17:28:00,2026-05-17 05:07:55.385462515
TX007324,DEV0071,EMP0286,2025-04-29 15:38:00,2025-05-14 03:49:34.528435279
TX007325,DEV0002,EMP0175,2026-06-09 11:21:00,2026-06-16 02:15:15.495452580
TX007326,DEV0191,EMP0211,2024-10-25 17:59:00,2024-11-03 20:03:48.605347506
TX007327,DEV0001,EMP0004,2024-01-05 17:14:00,2024-01-20 03:24:16.296333377
TX007328,DEV0106,EMP0408,2025-05-18 10:36:00,2025-05-19 07:55:23.183276132
TX007329,DEV0053,EMP0077,2024-03-22 13:16:00,2024-04-03 07:28:26.274364658
TX007330,DEV0090,EMP0379,2024-11-30 14:50:00,2024-11-30 18:21:28.961344885
TX007331,DEV0032,EMP0290,2026-08-06 08:29:00,2026-08-17 08:29:21.759130278
TX007332,DEV0061,EMP0087,2024-11-03 13:57:00,2024-11-11 01:23:47.999711192
TX007333,DEV0201,EMP0100,2024-12-24 07:20:00,2025-01-10 01:18:57.248532940
TX007334,DEV0035,EMP0082,2025-10-04 18:18:00,2025-10-11 00:14:03.060355571
TX007335,DEV0083,EMP0419,2024-11-22 15:10:00,2024-12-11 19:20:49.028122713
TX007336,DEV0213,EMP0143,2025-09-05 13:25:00,2025-09-11 18:17:01.110703915
TX007337,DEV0056,EMP0108,2025-09-12 16:59:00,2025-09-15 13:56:13.793130384
TX007338,DEV0102,EMP0372,2024-10-26 17:13:00,2024-10-30 02:38:32.260767529
TX007339,DEV0136,EMP0075,2024-07-26 12:12:00,2024-08-02 12:16:43.939903308
TX007340,DEV0181,EMP0221,2025-09-12 11:12:00,2025-09-15 11:55:10.770073317
TX007341,DEV0053,EMP0053,2025-04-14 10:02:00,2025-05-02 05:39:07.287109840
TX007342,DEV0226,EMP0144,2026-07-15 18:39:00,2026-07-25 00:46:31.215589255
TX007343,DEV0192,EMP0231,2025-04-14 10:12:00,2025-04-20 00:41:07.982222142
TX007344,DEV0063,EMP0369,2024-02-09 17:06:00,2024-02-15 11:08:00.170576531
TX007345,DEV0223,EMP0107,2025-02-28 15:47:00,2025-03-03 02:22:58.483484070
TX007346,DEV0232,EMP0320,2024-05-02 16:20:00,2024-05-13 17:16:02.353232324
TX007347,DEV0223,EMP0021,2025-09-14 13:22:00,2025-09-22 20:20:09.886346457
TX007348,DEV0237,EMP0386,2026-02-03 16:11:00,2026-02-07 02:05:51.366608994
TX007349,DEV0205,EMP0341,2024-05-01 13:28:00,2024-05-03 01:52:19.770400987
TX007350,DEV0009,EMP0023,2025-02-07 18:35:00,2025-02-14 19:23:29.268951297
TX007351,DEV0180,EMP0056,2025-01-26 16:49:00,2025-01-28 11:35:31.961422809
TX007352,DEV0152,EMP0132,2024-12-15 17:24:00,2024-12-16 10:55:18.797183763
TX007353,DEV0025,EMP0313,2024-09-07 11:30:00,2024-09-21 09:57:11.047596551
TX007354,DEV0117,EMP0341,2026-03-20 12:44:00,2026-03-23 14:29:57.842360448
TX007355,DEV0041,EMP0224,2024-04-18 17:15:00,2024-04-24 10:21:42.646367943
TX007356,DEV0142,EMP0220,2024-10-13 09:46:00,2024-10-24 06:20:37.505471560
TX007357,DEV0113,EMP0381,2024-11-07 16:18:00,2024-11-11 13:51:23.713053660
TX007358,DEV0162,EMP0375,2025-01-14 09:57:00,2025-01-23 21:03:48.882697367
TX007359,DEV0031,EMP0392,2026-01-08 12:44:00,2026-01-10 02:18:20.452726109
TX007360,DEV0072,EMP0163,2025-07-11 16:53:00,2025-07-22 12:55:07.764895373
TX007361,DEV0170,EMP0068,2025-05-27 10:01:00,2025-05-28 05:03:17.247352213
TX007362,DEV0106,EMP0312,2026-04-04 15:51:00,2026-04-08 07:10:18.811984281
TX007363,DEV0184,EMP0418,2025-12-30 17:46:00,2026-01-05 11:20:19.639357797
TX007364,DEV0203,EMP0370,2024-05-23 18:07:00,2024-06-02 19:57:46.457276473
TX007365,DEV0002,EMP0321,2025-01-22 15:01:00,2025-01-29 00:57:37.838850200
TX007366,DEV0096,EMP0077,2024-01-09 09:38:00,2024-01-11 21:23:10.945595316
TX007367,DEV0062,EMP0031,2025-01-21 08:06:00,2025-01-30 05:56:28.265644101
TX007368,DEV0237,EMP0349,2025-10-21 13:00:00,2025-10-23 22:19:52.622915852
TX007369,DEV0191,EMP0112,2025-07-06 14:40:00,2025-07-10 03:08:56.979625562
TX007370,DEV0232,EMP0012,2025-07-06 15:20:00,2025-07-11 04:21:18.731721312
TX007371,DEV0150,EMP0157,2025-02-10 14:22:00,2025-02-11 09:03:02.297805216
TX007372,DEV0205,EMP0246,2024-06-14 10:34:00,2024-06-28 16:24:45.447063273
TX007373,DEV0212,EMP0279,2026-05-05 09:10:00,2026-06-11 22:47:20.290459743
TX007374,DEV0106,EMP0308,2025-05-19 07:25:00,2025-05-20 14:10:15.431751412
TX007375,DEV0158,EMP0310,2025-04-09 07:42:00,2025-04-11 01:11:34.861016427
TX007376,DEV0002,EMP0080,2024-05-24 07:43:00,2024-05-28 22:47:25.916713850
TX007377,DEV0175,EMP0189,2026-02-22 16:15:00,2026-03-19 19:15:48.100677632
TX007378,DEV0057,EMP0311,2025-12-08 12:02:00,2025-12-10 22:11:32.597725570
TX007379,DEV0165,EMP0219,2025-08-19 11:30:00,2025-08-27 21:16:53.402976550
TX007380,DEV0124,EMP0219,2026-01-28 17:45:00,2026-02-21 04:55:46.712228510
TX007381,DEV0127,EMP0148,2024-05-23 09:13:00,2024-05-24 14:30:07.835645922
TX007382,DEV0181,EMP0056,2025-08-20 14:43:00,2025-08-31 00:28:03.461982008
TX007383,DEV0183,EMP0264,2026-01-16 13:13:00,2026-02-09 19:00:22.969176664
TX007384,DEV0106,EMP0190,2026-06-09 16:45:00,2026-06-12 07:49:40.023885495
TX007385,DEV0173,EMP0371,2025-06-07 14:05:00,2025-06-18 03:59:17.021255021
TX007386,DEV0022,EMP0067,2026-02-03 14:36:00,2026-02-10 00:28:27.568692941
TX007387,DEV0127,EMP0251,2025-01-15 15:18:00,2025-01-17 03:48:49.748344992
TX007388,DEV0013,EMP0173,2024-05-19 10:10:00,2024-05-30 18:02:00.314147831
TX007389,DEV0036,EMP0114,2025-03-01 16:54:00,2025-03-09 11:57:52.812126915
TX007390,DEV0182,EMP0316,2025-09-22 16:01:00,2025-10-02 15:12:21.950272717
TX007391,DEV0054,EMP0260,2024-11-19 10:33:00,2024-11-30 11:32:40.099247057
TX007392,DEV0042,EMP0315,2024-01-17 14:11:00,2024-01-20 17:55:04.445160929
TX007393,DEV0203,EMP0208,2024-03-10 18:34:00,2024-03-11 09:04:50.911315252
TX007394,DEV0252,EMP0111,2024-09-21 16:46:00,2024-10-06 19:57:42.426203976
TX007395,DEV0142,EMP0388,2026-02-26 17:41:00,2026-03-12 15:59:44.778757722
TX007396,DEV0213,EMP0207,2025-04-25 13:30:00,2025-05-05 04:56:48.512123439
TX007397,DEV0011,EMP0266,2024-10-18 07:13:00,2024-10-25 00:43:12.058035032
TX007398,DEV0023,EMP0054,2024-11-14 14:08:00,2024-11-15 23:48:50.540742560
TX007399,DEV0157,EMP0322,2026-01-15 08:20:00,2026-01-19 05:47:20.364988704
TX007400,DEV0172,EMP0001,2026-06-11 17:52:00,2026-06-23 10:46:56.891314701
TX007401,DEV0152,EMP0069,2026-06-16 08:58:00,2026-06-18 08:37:20.877494899
TX007402,DEV0125,EMP0162,2025-11-04 16:25:00,2025-11-12 01:48:40.356398620
TX007403,DEV0111,EMP0331,2025-10-22 11:12:00,2025-11-12 02:20:48.099664802
TX007404,DEV0052,EMP0385,2026-03-22 18:45:00,2026-03-26 03:11:57.008662199
TX007405,DEV0213,EMP0366,2025-06-04 07:01:00,2025-06-25 20:11:11.290144354
TX007406,DEV0232,EMP0282,2025-01-23 14:55:00,2025-02-04 13:52:28.128282884
TX007407,DEV0217,EMP0197,2025-04-04 12:14:00,2025-04-11 08:49:46.187443552
TX007408,DEV0092,EMP0098,2025-09-11 09:31:00,2025-09-12 01:09:24.109949167
TX007409,DEV0192,EMP0075,2025-03-27 07:29:00,2025-04-10 23:21:16.167972613
TX007410,DEV0143,EMP0329,2026-03-29 15:22:00,2026-04-03 12:35:03.564639993
TX007411,DEV0121,EMP0371,2024-10-14 16:34:00,2024-10-23 17:56:27.194672848
TX007412,DEV0151,EMP0133,2024-01-21 18:26:00,2024-02-02 02:43:45.031519394
TX007413,DEV0097,EMP0382,2025-01-28 07:34:00,2025-01-30 13:01:40.417959780
TX007414,DEV0196,EMP0314,2024-03-30 16:19:00,2024-04-02 16:04:37.949541960
TX007415,DEV0088,EMP0011,2024-02-17 12:51:00,2024-02-21 13:26:54.825383349
TX007416,DEV0144,EMP0092,2025-03-24 16:56:00,2025-03-31 07:14:34.981757035
TX007417,DEV0072,EMP0356,2026-04-03 16:14:00,2026-04-11 17:58:30.142277272
TX007418,DEV0241,EMP0022,2025-10-11 08:20:00,2025-10-16 22:27:07.502198584
TX007419,DEV0232,EMP0144,2026-04-06 16:16:00,2026-04-13 15:14:33.397045454
TX007420,DEV0083,EMP0002,2024-07-14 07:24:00,2024-07-17 01:25:36.877092854
TX007421,DEV0119,EMP0309,2024-11-09 15:19:00,2024-11-12 02:42:48.439600749
TX007422,DEV0013,EMP0020,2026-06-25 13:20:00,2026-07-18 04:16:50.265766685
TX007423,DEV0050,EMP0282,2026-05-12 09:32:00,2026-05-14 16:51:10.202403210
TX007424,DEV0151,EMP0367,2025-11-15 11:23:00,2025-11-25 01:53:33.059266452
TX007425,DEV0100,EMP0026,2025-12-29 14:52:00,2025-12-30 22:11:22.423577995
TX007426,DEV0014,EMP0143,2024-02-04 17:49:00,2024-02-09 12:34:06.267886641
TX007427,DEV0242,EMP0071,2025-10-30 10:54:00,2025-11-08 03:02:34.599948622
TX007428,DEV0254,EMP0365,2024-09-29 09:37:00,2024-10-03 03:53:28.749204253
TX007429,DEV0010,EMP0355,2025-09-21 09:29:00,2025-09-24 02:02:45.808914637
TX007430,DEV0032,EMP0372,2024-07-20 15:29:00,2024-08-03 11:11:55.129926618
TX007431,DEV0202,EMP0284,2024-06-27 09:54:00,2024-07-02 18:18:29.918480286
TX007432,DEV0137,EMP0357,2026-06-06 12:30:00,2026-06-08 06:50:55.129773396
TX007433,DEV0174,EMP0172,2024-07-31 11:50:00,2024-08-09 22:16:13.276810552
TX007434,DEV0187,EMP0223,2025-09-27 08:37:00,2025-10-02 02:02:31.910349763
TX007435,DEV0042,EMP0315,2025-06-12 09:20:00,2025-06-13 15:58:36.514581797
TX007436,DEV0127,EMP0111,2026-05-22 08:33:00,2026-05-27 18:36:10.540249450
TX007437,DEV0036,EMP0223,2024-04-26 12:26:00,2024-04-28 09:24:20.981599523
TX007438,DEV0011,EMP0360,2025-01-23 08:14:00,2025-01-26 09:02:43.452566665
TX007439,DEV0161,EMP0227,2026-06-24 18:09:00,2026-06-30 01:44:20.781255287
TX007440,DEV0172,EMP0246,2026-02-02 07:03:00,2026-02-09 09:02:25.598392003
TX007441,DEV0088,EMP0111,2024-02-09 18:00:00,2024-02-11 23:57:38.017377857
TX007442,DEV0206,EMP0024,2025-12-05 09:11:00,2025-12-07 17:58:56.378767966
TX007443,DEV0254,EMP0340,2025-10-30 12:55:00,2025-11-05 22:15:33.213026211
TX007444,DEV0141,EMP0215,2024-08-03 10:34:00,2024-08-09 15:44:30.798615622
TX007445,DEV0187,EMP0020,2024-12-23 09:04:00,2025-01-07 06:58:23.454383466
TX007446,DEV0202,EMP0175,2026-06-29 15:10:00,2026-07-06 14:27:57.065716159
TX007447,DEV0013,EMP0356,2025-12-27 17:24:00,2026-01-02 08:02:33.884815469
TX007448,DEV0211,EMP0023,2024-04-01 16:43:00,2024-04-09 19:08:37.419252067
TX007449,DEV0165,EMP0353,2024-05-09 16:32:00,2024-05-19 05:41:16.737225048
TX007450,DEV0105,EMP0278,2025-12-24 09:43:00,2026-01-11 14:46:22.888493502
TX007451,DEV0229,EMP0280,2025-01-21 14:12:00,2025-01-22 21:13:21.658012586
TX007452,DEV0115,EMP0194,2024-10-17 12:17:00,2024-10-23 04:30:25.269320515
TX007453,DEV0049,EMP0362,2026-08-24 07:05:00,2026-08-30 07:17:36.945565681
TX007454,DEV0021,EMP0050,2025-12-19 17:33:00,2025-12-24 00:48:58.281033080
TX007455,DEV0163,EMP0354,2025-04-30 10:56:00,2025-05-09 18:04:17.576487977
TX007456,DEV0038,EMP0139,2026-07-12 12:40:00,2026-07-15 20:57:36.889796351
TX007457,DEV0114,EMP0412,2025-01-23 18:07:00,2025-02-01 11:13:25.375310181
TX007458,DEV0242,EMP0405,2024-11-15 15:19:00,2024-11-20 19:58:06.987417805
TX007459,DEV0248,EMP0413,2024-07-06 07:10:00,2024-07-09 02:23:24.611723913
TX007460,DEV0022,EMP0010,2025-12-25 13:47:00,2026-01-03 17:22:22.568715369
TX007461,DEV0012,EMP0360,2025-09-10 08:17:00,2025-09-15 05:46:56.782868991
TX007462,DEV0122,EMP0108,2026-01-10 08:18:00,2026-01-19 11:17:30.626523866
TX007463,DEV0150,EMP0150,2025-10-15 14:54:00,2025-10-16 20:41:37.063104069
TX007464,DEV0256,EMP0328,2026-05-25 15:07:00,2026-05-27 07:07:28.674284703
TX007465,DEV0166,EMP0128,2024-05-21 09:41:00,2024-05-23 22:01:34.645985245
TX007466,DEV0012,EMP0286,2025-08-06 11:44:00,2025-08-09 17:47:37.148314016
TX007467,DEV0011,EMP0259,2024-01-02 15:13:00,2024-01-23 17:21:13.761606830
TX007468,DEV0093,EMP0325,2025-03-17 09:36:00,2025-04-13 10:53:30.893367056
TX007469,DEV0091,EMP0048,2024-02-12 14:25:00,2024-02-17 02:49:53.487869495
TX007470,DEV0062,EMP0131,2024-01-17 10:34:00,2024-01-18 10:31:57.249805862
TX007471,DEV0013,EMP0162,2025-07-10 10:12:00,2025-07-16 02:45:40.304256801
TX007472,DEV0025,EMP0324,2024-08-10 16:08:00,2024-08-25 01:46:19.143512335
TX007473,DEV0092,EMP0138,2024-07-07 15:40:00,2024-07-12 20:43:28.443252530
TX007474,DEV0207,EMP0245,2025-06-19 15:48:00,2025-06-21 16:44:23.759246005
TX007475,DEV0064,EMP0096,2025-12-10 10:07:00,2025-12-15 23:39:32.262543429
TX007476,DEV0004,EMP0066,2026-04-25 18:56:00,2026-05-31 20:55:04.727244217
TX007477,DEV0075,EMP0168,2026-07-24 17:18:00,2026-08-12 14:23:09.299520525
TX007478,DEV0150,EMP0018,2026-08-07 08:18:00,2026-08-09 00:04:26.223511893
TX007479,DEV0042,EMP0379,2025-02-18 15:40:00,2025-02-21 11:26:00.717659121
TX007480,DEV0137,EMP0170,2025-08-12 18:05:00,2025-08-14 11:02:04.714496489
TX007481,DEV0255,EMP0079,2025-04-18 09:00:00,2025-04-24 12:45:26.161196847
TX007482,DEV0182,EMP0221,2025-07-19 09:57:00,2025-07-24 13:22:59.381625034
TX007483,DEV0153,EMP0126,2024-08-01 15:45:00,2024-08-07 19:41:14.558719780
TX007484,DEV0071,EMP0350,2026-01-11 13:51:00,2026-01-16 00:35:27.792358734
TX007485,DEV0121,EMP0394,2024-10-30 11:00:00,2024-11-02 13:17:20.789241542
TX007486,DEV0131,EMP0033,2024-09-26 10:55:00,2024-09-29 22:15:20.630445234
TX007487,DEV0102,EMP0348,2025-04-14 09:49:00,2025-04-24 07:01:51.253545096
TX007488,DEV0065,EMP0155,2026-05-21 18:11:00,2026-06-09 05:02:28.981714560
TX007489,DEV0142,EMP0064,2024-07-18 08:10:00,2024-07-27 09:23:39.659179777
TX007490,DEV0194,EMP0248,2024-11-14 13:35:00,2024-11-30 02:28:58.361183035
TX007491,DEV0023,EMP0121,2024-09-28 09:23:00,2024-10-15 23:52:38.790253020
TX007492,DEV0015,EMP0107,2024-11-10 07:30:00,2024-11-27 22:33:41.091753723
TX007493,DEV0097,EMP0009,2025-08-14 07:36:00,2025-08-20 21:36:11.653856176
TX007494,DEV0131,EMP0175,2026-01-26 09:23:00,2026-01-30 06:39:24.447564755
TX007495,DEV0012,EMP0282,2024-05-25 13:49:00,2024-05-31 05:00:36.375919144
TX007496,DEV0169,EMP0223,2025-02-19 08:26:00,2025-02-20 16:28:49.925987754
TX007497,DEV0231,EMP0355,2026-08-07 08:49:00,2026-08-12 14:19:37.990978626
TX007498,DEV0023,EMP0211,2026-06-10 11:46:00,2026-06-14 04:10:22.499727325
TX007499,DEV0152,EMP0410,2026-05-05 15:19:00,2026-05-11 07:19:37.903925043
TX007500,DEV0141,EMP0158,2024-03-22 18:22:00,2024-03-31 21:20:40.736213899
TX007501,DEV0050,EMP0012,2025-12-10 09:01:00,2025-12-11 11:36:58.390865684
TX007502,DEV0144,EMP0226,2025-01-05 13:39:00,2025-01-14 05:16:16.776138469
TX007503,DEV0183,EMP0302,2025-08-21 09:54:00,2025-08-28 02:17:50.358799920
TX007504,DEV0173,EMP0393,2024-03-28 14:17:00,2024-03-31 10:44:35.616178192
TX007505,DEV0062,EMP0287,2024-01-17 07:17:00,2024-01-22 00:19:53.638673483
TX007506,DEV0103,EMP0019,2024-09-19 10:54:00,2024-09-21 14:55:09.689238539
TX007507,DEV0211,EMP0362,2025-07-02 13:20:00,2025-07-04 23:30:15.915396235
TX007508,DEV0102,EMP0401,2024-01-03 10:03:00,2024-01-11 02:12:13.273770338
TX007509,DEV0213,EMP0220,2024-02-09 09:00:00,2024-02-29 00:45:28.477833741
TX007510,DEV0252,EMP0138,2025-04-26 12:10:00,2025-05-01 06:23:40.613912067
TX007511,DEV0182,EMP0172,2024-12-26 07:14:00,2025-01-16 01:52:24.925447323
TX007512,DEV0129,EMP0296,2024-02-03 14:47:00,2024-02-04 06:43:33.579919617
TX007513,DEV0242,EMP0050,2024-04-18 15:21:00,2024-05-01 12:17:14.050808164
TX007514,DEV0172,EMP0295,2026-01-12 08:22:00,2026-01-23 23:29:12.468133894
TX007515,DEV0120,EMP0236,2025-11-22 14:02:00,2025-11-24 12:18:59.313325138
TX007516,DEV0030,EMP0039,2025-01-14 14:27:00,2025-01-14 22:10:41.416152046
TX007517,DEV0072,EMP0406,2024-06-11 08:08:00,2024-06-16 14:49:53.588854619
TX007518,DEV0064,EMP0259,2025-08-23 15:20:00,2025-09-05 12:36:58.006721502
TX007519,DEV0033,EMP0191,2025-11-05 07:53:00,2025-11-06 22:37:46.713339937
TX007520,DEV0083,EMP0147,2025-08-28 08:30:00,2025-09-07 10:03:32.859639365
TX007521,DEV0056,EMP0002,2025-07-24 14:21:00,2025-08-02 20:25:13.084916697
TX007522,DEV0199,EMP0226,2024-06-05 07:01:00,2024-06-10 23:58:47.111514869
TX007523,DEV0018,EMP0355,2025-11-20 14:06:00,2025-11-22 18:20:37.882786019
TX007524,DEV0089,EMP0058,2024-07-25 18:59:00,2024-07-29 18:53:37.080941077
TX007525,DEV0126,EMP0133,2024-03-03 15:37:00,2024-03-17 10:00:27.775511607
TX007526,DEV0251,EMP0042,2026-07-31 07:44:00,2026-08-13 05:42:54.676876941
TX007527,DEV0172,EMP0289,2024-07-30 14:18:00,2024-08-03 04:14:10.141644523
TX007528,DEV0162,EMP0022,2025-08-13 11:01:00,2025-08-19 18:56:55.061788509
TX007529,DEV0222,EMP0069,2025-07-15 10:23:00,2025-07-17 02:33:43.188707303
TX007530,DEV0161,EMP0231,2025-06-17 15:58:00,2025-06-21 12:19:36.525587842
TX007531,DEV0241,EMP0222,2025-10-30 09:31:00,2025-11-02 23:47:09.704898372
TX007532,DEV0145,EMP0195,2025-01-17 07:39:00,2025-01-22 20:30:11.677887399
TX007533,DEV0139,EMP0191,2024-07-01 15:38:00,2024-07-03 23:23:49.981434795
TX007534,DEV0021,EMP0092,2024-09-07 10:07:00,2024-09-13 00:06:52.055788511
TX007535,DEV0101,EMP0095,2026-01-01 14:38:00,2026-01-11 09:05:10.525418122
TX007536,DEV0123,EMP0129,2025-02-12 09:01:00,2025-02-20 01:27:59.147367756
TX007537,DEV0173,EMP0187,2026-07-26 11:16:00,2026-08-04 14:44:52.488041290
TX007538,DEV0142,EMP0116,2025-02-11 18:23:00,2025-02-21 09:10:59.779937074
TX007539,DEV0235,EMP0277,2024-07-06 15:03:00,2024-07-25 10:45:25.038978878
TX007540,DEV0193,EMP0230,2024-04-15 08:08:00,2024-04-17 18:58:18.912172044
TX007541,DEV0042,EMP0292,2025-06-28 09:03:00,2025-07-03 00:04:40.077227137
TX007542,DEV0174,EMP0245,2024-04-22 13:45:00,2024-04-25 11:12:15.461755000
TX007543,DEV0024,EMP0275,2025-05-15 13:31:00,2025-06-19 11:56:59.298179786
TX007544,DEV0052,EMP0231,2026-07-10 16:07:00,2026-07-19 13:52:54.564617812
TX007545,DEV0201,EMP0210,2024-11-24 12:13:00,2024-11-29 19:42:00.598327576
TX007546,DEV0062,EMP0074,2025-05-25 09:24:00,2025-07-08 21:55:41.574772619
TX007547,DEV0165,EMP0275,2025-11-30 17:12:00,2025-12-05 21:33:45.968075254
TX007548,DEV0241,EMP0352,2025-11-06 16:33:00,2025-11-16 12:16:04.760767164
TX007549,DEV0227,EMP0068,2025-09-22 15:00:00,2025-09-26 08:31:02.657177245
TX007550,DEV0211,EMP0037,2025-07-15 12:43:00,2025-07-20 13:44:48.975026766
TX007551,DEV0135,EMP0369,2025-07-20 08:44:00,2025-08-05 09:17:37.173893353
TX007552,DEV0107,EMP0321,2025-08-07 17:31:00,2025-08-10 16:05:51.164016689
TX007553,DEV0252,EMP0258,2026-01-31 13:35:00,2026-02-07 01:40:06.182437347
TX007554,DEV0242,EMP0344,2024-10-05 15:23:00,2024-10-13 00:28:11.830447387
TX007555,DEV0184,EMP0384,2024-07-20 17:09:00,2024-07-27 13:31:11.809146825
TX007556,DEV0075,EMP0123,2025-02-03 09:18:00,2025-02-26 03:36:29.975971621
TX007557,DEV0001,EMP0329,2025-11-05 07:02:00,2025-11-15 03:32:54.448406747
TX007558,DEV0256,EMP0022,2025-07-30 16:15:00,2025-08-01 23:23:16.011057165
TX007559,DEV0142,EMP0168,2025-05-27 18:02:00,2025-05-30 19:57:01.859500988
TX007560,DEV0123,EMP0392,2024-01-29 17:23:00,2024-02-05 07:07:18.391691183
TX007561,DEV0031,EMP0416,2025-03-21 10:32:00,2025-04-09 06:00:02.243649012
TX007562,DEV0154,EMP0129,2024-02-16 10:02:00,2024-02-21 07:58:30.901151882
TX007563,DEV0013,EMP0066,2024-02-21 13:03:00,2024-03-23 01:15:08.107523509
TX007564,DEV0112,EMP0375,2026-07-07 08:04:00,2026-07-12 15:37:03.969822903
TX007565,DEV0041,EMP0261,2026-08-06 18:45:00,2026-08-29 10:05:45.420607715
TX007566,DEV0231,EMP0228,2026-08-15 11:35:00,2026-08-21 18:22:00.975974832
TX007567,DEV0085,EMP0283,2025-10-20 17:33:00,2025-11-21 04:02:18.175484462
TX007568,DEV0103,EMP0137,2024-01-27 16:08:00,2024-02-16 08:21:26.775931685
TX007569,DEV0049,EMP0047,2024-12-15 16:40:00,2024-12-16 03:12:29.842624738
TX007570,DEV0012,EMP0291,2024-10-22 18:52:00,2024-10-27 22:30:22.707688412
TX007571,DEV0195,EMP0031,2024-06-02 11:29:00,2024-06-09 07:52:01.100263826
TX007572,DEV0031,EMP0054,2025-10-04 14:09:00,2025-10-11 09:56:45.008623000
TX007573,DEV0160,EMP0333,2025-02-01 15:04:00,2025-02-03 22:31:45.850238114
TX007574,DEV0191,EMP0324,2024-12-13 15:12:00,2024-12-21 01:02:00.514102058
TX007575,DEV0094,EMP0377,2024-05-29 10:32:00,2024-06-01 08:26:08.933689139
TX007576,DEV0205,EMP0396,2025-02-14 18:12:00,2025-02-16 23:10:48.009977921
TX007577,DEV0235,EMP0058,2024-08-19 17:05:00,2024-09-06 08:45:59.378688432
TX007578,DEV0189,EMP0283,2026-03-15 13:05:00,2026-03-16 17:39:24.309865924
TX007579,DEV0220,EMP0157,2025-03-22 17:25:00,2025-03-24 16:13:10.037561087
TX007580,DEV0115,EMP0201,2024-09-21 12:36:00,2024-09-26 08:02:19.546290729
TX007581,DEV0174,EMP0409,2025-11-19 08:17:00,2025-12-02 18:58:20.270890321
TX007582,DEV0101,EMP0077,2024-02-23 18:39:00,2024-02-27 22:18:45.322489870
TX007583,DEV0121,EMP0237,2024-09-03 08:12:00,2024-09-06 21:02:30.694426615
TX007584,DEV0208,EMP0030,2025-08-10 10:51:00,2025-08-13 08:31:48.980079688
TX007585,DEV0153,EMP0255,2024-06-14 11:29:00,2024-07-07 17:26:20.252730635
TX007586,DEV0229,EMP0065,2026-03-15 14:20:00,2026-03-27 05:36:35.205265149
TX007587,DEV0234,EMP0372,2024-06-06 08:48:00,2024-06-09 10:25:11.336217361
TX007588,DEV0121,EMP0142,2024-03-16 08:10:00,2024-03-21 08:33:01.456871818
TX007589,DEV0055,EMP0121,2024-12-24 10:18:00,2025-01-05 05:41:57.559817573
TX007590,DEV0181,EMP0290,2024-08-24 14:19:00,2024-08-30 03:19:31.756160274
TX007591,DEV0092,EMP0181,2025-08-06 11:19:00,2025-08-11 23:18:31.663300434
TX007592,DEV0155,EMP0080,2026-05-05 11:54:00,2026-05-09 16:48:43.564329197
TX007593,DEV0059,EMP0116,2025-08-05 10:08:00,2025-08-06 20:51:48.830160232
TX007594,DEV0173,EMP0126,2026-08-24 15:40:00,2026-08-28 10:22:01.538257700
TX007595,DEV0224,EMP0393,2025-11-26 16:08:00,2025-12-29 14:26:04.195454854
TX007596,DEV0251,EMP0264,2026-05-18 07:15:00,2026-09-19 06:32:28.852512684
TX007597,DEV0213,EMP0201,2024-10-13 11:46:00,2024-10-19 14:29:33.719760866
TX007598,DEV0203,EMP0099,2025-07-14 11:21:00,2025-07-31 13:35:50.924083169
TX007599,DEV0012,EMP0314,2025-01-02 07:31:00,2025-01-03 10:36:13.073574507
TX007600,DEV0254,EMP0366,2024-09-15 11:48:00,2024-09-22 13:59:46.653753087
TX007601,DEV0231,EMP0304,2025-01-26 08:32:00,2025-01-29 22:46:00.028045635
TX007602,DEV0181,EMP0217,2026-07-15 16:35:00,2026-07-23 13:47:17.903636480
TX007603,DEV0037,EMP0041,2024-12-08 18:01:00,2024-12-23 06:50:30.472524374
TX007604,DEV0213,EMP0270,2024-12-08 16:54:00,2024-12-16 01:26:50.031044152
TX007605,DEV0088,EMP0030,2025-04-01 07:25:00,2025-04-08 16:33:27.371034906
TX007606,DEV0174,EMP0105,2024-12-21 13:17:00,2025-01-10 03:40:35.966924050
TX007607,DEV0211,EMP0143,2025-07-22 17:22:00,2025-07-27 05:49:46.749392725
TX007608,DEV0224,EMP0351,2025-09-03 16:35:00,2025-09-06 23:12:56.422825668
TX007609,DEV0087,EMP0166,2025-07-23 17:02:00,2025-07-26 02:43:27.595724038
TX007610,DEV0091,EMP0145,2025-11-05 14:16:00,2025-11-11 21:42:46.950099548
TX007611,DEV0202,EMP0185,2026-03-11 10:40:00,2026-03-14 16:13:19.725057904
TX007612,DEV0169,EMP0150,2025-02-12 11:25:00,2025-02-14 05:15:56.252629195
TX007613,DEV0243,EMP0179,2025-06-11 12:29:00,2025-06-18 01:06:50.708230322
TX007614,DEV0179,EMP0013,2024-11-28 18:31:00,2024-11-29 08:44:47.116001028
TX007615,DEV0223,EMP0199,2025-04-05 14:20:00,2025-04-15 03:36:03.957279021
TX007616,DEV0052,EMP0288,2026-02-27 12:24:00,2026-03-04 02:57:26.676747709
TX007617,DEV0161,EMP0045,2024-02-05 18:07:00,2024-02-17 07:49:34.490652188
TX007618,DEV0100,EMP0392,2024-06-19 18:47:00,2024-06-20 05:02:40.150778380
TX007619,DEV0081,EMP0050,2024-09-30 17:55:00,2024-10-03 20:49:13.853694170
TX007620,DEV0063,EMP0097,2025-02-20 17:24:00,2025-02-24 11:51:05.901986738
TX007621,DEV0201,EMP0149,2024-08-09 18:44:00,2024-08-25 07:04:10.994156517
TX007622,DEV0112,EMP0408,2026-07-30 18:42:00,2026-08-09 04:49:45.861028248
TX007623,DEV0075,EMP0042,2024-07-25 09:11:00,2024-08-11 04:20:58.802066565
TX007624,DEV0204,EMP0299,2024-08-09 15:31:00,2024-08-14 11:43:34.835686048
TX007625,DEV0182,EMP0026,2025-04-06 07:48:00,2025-04-07 16:41:16.619232217
TX007626,DEV0031,EMP0103,2024-10-27 14:06:00,2024-11-01 04:16:57.551899587
TX007627,DEV0013,EMP0077,2024-08-06 09:31:00,2024-12-27 14:54:40.202047448
TX007628,DEV0112,EMP0168,2024-02-13 10:27:00,2024-02-20 23:31:25.117625830
TX007629,DEV0254,EMP0154,2026-04-11 18:32:00,2026-04-27 22:55:25.476707755
TX007630,DEV0174,EMP0154,2024-12-07 17:01:00,2024-12-17 05:07:53.689378614
TX007631,DEV0092,EMP0307,2025-07-30 09:45:00,2025-08-07 02:51:07.036488119
TX007632,DEV0004,EMP0082,2025-06-25 17:13:00,2025-07-08 21:47:40.588245096
TX007633,DEV0131,EMP0373,2025-05-21 16:25:00,2025-05-31 19:29:31.250252628
TX007634,DEV0048,EMP0234,2025-03-22 16:17:00,2025-03-25 08:24:17.309163165
TX007635,DEV0164,EMP0248,2025-05-05 08:57:00,2025-05-07 22:25:29.731673142
TX007636,DEV0121,EMP0314,2025-09-17 16:36:00,2025-09-23 06:41:09.803104033
TX007637,DEV0154,EMP0287,2024-10-09 07:50:00,2024-10-11 18:41:17.448978170
TX007638,DEV0183,EMP0121,2024-04-02 13:36:00,2024-04-09 03:09:20.238211145
TX007639,DEV0073,EMP0337,2026-03-10 17:33:00,2026-03-17 11:01:51.089246420
TX007640,DEV0074,EMP0107,2024-11-23 11:10:00,2024-11-29 20:24:35.454903620
TX007641,DEV0153,EMP0227,2025-01-03 17:39:00,2025-01-25 22:12:58.684235852
TX007642,DEV0057,EMP0365,2024-03-22 10:02:00,2024-03-23 08:33:31.972193684
TX007643,DEV0132,EMP0054,2025-03-11 17:37:00,2025-03-14 04:09:38.927606429
TX007644,DEV0200,EMP0173,2024-08-29 11:28:00,2024-08-29 22:37:41.479698637
TX007645,DEV0216,EMP0260,2025-05-02 10:05:00,2025-05-13 01:52:00.865645836
TX007646,DEV0112,EMP0171,2024-12-13 18:58:00,2024-12-18 11:16:51.584058585
TX007647,DEV0017,EMP0061,2026-06-21 10:20:00,2026-06-25 20:07:38.299135595
TX007648,DEV0251,EMP0414,2026-08-23 07:48:00,2026-09-05 11:41:14.884622866
TX007649,DEV0239,EMP0057,2024-08-03 08:43:00,2024-08-06 21:50:29.049215367
TX007650,DEV0212,EMP0016,2025-11-18 17:34:00,2025-11-26 05:36:08.851282625
TX007651,DEV0205,EMP0398,2025-01-02 12:27:00,2025-01-20 14:39:02.895952060
TX007652,DEV0127,EMP0304,2025-06-15 16:08:00,2025-06-22 03:48:28.676487400
TX007653,DEV0190,EMP0177,2024-05-17 18:37:00,2024-05-20 08:53:26.539261609
TX007654,DEV0163,EMP0200,2025-12-09 07:51:00,2025-12-12 10:41:35.477319097
TX007655,DEV0172,EMP0416,2025-10-30 10:17:00,2025-11-08 12:02:12.126288781
TX007656,DEV0103,EMP0215,2025-05-10 14:01:00,2025-05-24 17:19:13.075219148
TX007657,DEV0257,EMP0097,2025-06-29 13:58:00,2025-07-06 00:54:12.431718148
TX007658,DEV0074,EMP0356,2024-10-02 17:04:00,2024-10-11 09:43:28.499921342
TX007659,DEV0134,EMP0024,2024-08-30 15:55:00,2024-09-12 18:49:08.221529634
TX007660,DEV0001,EMP0086,2025-10-19 10:31:00,2025-10-23 05:14:24.629690281
TX007661,DEV0022,EMP0209,2026-05-25 16:30:00,2026-05-27 03:43:39.915876680
TX007662,DEV0160,EMP0115,2026-07-13 12:36:00,2026-07-14 02:47:28.215410851
TX007663,DEV0151,EMP0109,2025-07-05 14:01:00,2025-07-10 20:22:13.424703228
TX007664,DEV0043,EMP0337,2024-11-13 09:12:00,2024-11-19 16:05:49.941183105
TX007665,DEV0213,EMP0316,2026-01-05 09:17:00,2026-01-06 18:21:50.303975549
TX007666,DEV0068,EMP0114,2026-04-20 18:33:00,2026-04-21 06:01:44.941715617
TX007667,DEV0112,EMP0284,2026-05-07 18:58:00,2026-05-12 02:47:50.891609320
TX007668,DEV0083,EMP0214,2024-11-29 13:25:00,2024-12-05 05:26:42.765046064
TX007669,DEV0061,EMP0228,2025-10-28 12:02:00,2025-11-03 07:05:18.598728100
TX007670,DEV0212,EMP0189,2024-03-21 11:21:00,2024-03-27 17:00:56.475444303
TX007671,DEV0181,EMP0312,2024-10-13 08:49:00,2024-10-23 00:56:33.688193666
TX007672,DEV0171,EMP0077,2026-05-15 08:48:00,2026-05-20 20:24:05.971529058
TX007673,DEV0260,EMP0126,2025-01-10 16:15:00,2025-01-12 06:36:53.230469389
TX007674,DEV0012,EMP0329,2024-12-12 07:29:00,2024-12-24 16:26:21.825513618
TX007675,DEV0133,EMP0030,2025-07-08 18:41:00,2025-07-12 06:18:16.785481530
TX007676,DEV0115,EMP0288,2026-04-26 15:39:00,2026-05-03 13:35:02.410871008
TX007677,DEV0052,EMP0148,2025-09-23 07:38:00,2025-09-26 14:37:31.028749230
TX007678,DEV0045,EMP0303,2024-05-16 17:58:00,2024-05-25 17:32:56.915731693
TX007679,DEV0013,EMP0073,2025-09-21 12:52:00,2025-10-11 06:11:22.934913755
TX007680,DEV0062,EMP0125,2024-09-15 15:23:00,2024-09-22 17:07:47.791012063
TX007681,DEV0128,EMP0006,2024-10-04 10:27:00,2024-10-11 10:19:22.951589277
TX007682,DEV0161,EMP0320,2025-10-12 15:55:00,2025-10-20 04:13:24.399122096
TX007683,DEV0236,EMP0098,2026-03-28 11:36:00,2026-03-31 11:08:49.474946383
TX007684,DEV0043,EMP0134,2024-08-11 09:09:00,2024-08-16 20:51:21.174403612
TX007685,DEV0132,EMP0072,2025-01-27 11:53:00,2025-02-07 09:59:18.634772501
TX007686,DEV0054,EMP0167,2025-01-27 17:08:00,2025-02-04 10:27:21.047023054
TX007687,DEV0014,EMP0171,2025-12-22 14:42:00,2025-12-29 06:25:09.404501055
TX007688,DEV0014,EMP0256,2025-05-15 10:36:00,2025-05-17 14:17:11.533787547
TX007689,DEV0081,EMP0266,2026-02-03 18:37:00,2026-02-09 09:25:08.442710738
TX007690,DEV0232,EMP0364,2024-12-06 18:05:00,2024-12-18 08:52:13.963503679
TX007691,DEV0160,EMP0175,2025-02-10 15:48:00,2025-02-15 05:20:30.647891456
TX007692,DEV0203,EMP0323,2024-08-26 07:15:00,2024-08-30 20:25:23.506141210
TX007693,DEV0129,EMP0077,2024-05-01 08:00:00,2024-05-01 17:33:18.178053099
TX007694,DEV0111,EMP0171,2026-03-29 18:11:00,2026-04-06 18:50:39.758975938
TX007695,DEV0201,EMP0331,2026-07-18 13:48:00,2026-07-20 16:21:52.363732877
TX007696,DEV0241,EMP0005,2024-05-17 10:41:00,2024-05-20 11:43:29.149707023
TX007697,DEV0063,EMP0256,2024-03-26 18:01:00,2024-04-04 01:11:29.994692536
TX007698,DEV0096,EMP0140,2024-01-07 13:13:00,2024-01-20 19:00:03.074954002
TX007699,DEV0212,EMP0121,2026-02-15 11:40:00,2026-03-08 15:34:22.631709397
TX007700,DEV0014,EMP0168,2026-08-07 18:50:00,2026-08-15 02:56:55.138471177
TX007701,DEV0023,EMP0119,2024-11-07 15:20:00,2024-11-11 19:11:46.151783028
TX007702,DEV0084,EMP0401,2026-04-11 18:47:00,2026-05-05 20:37:46.556284042
TX007703,DEV0148,EMP0225,2024-07-05 16:21:00,2024-07-10 21:47:09.869165003
TX007704,DEV0041,EMP0409,2025-02-18 18:31:00,2025-02-24 05:40:30.264537860
TX007705,DEV0144,EMP0193,2025-02-10 15:41:00,2025-02-13 02:43:41.115925875
TX007706,DEV0203,EMP0326,2024-05-10 14:40:00,2024-05-16 02:00:04.257090323
TX007707,DEV0157,EMP0398,2025-05-24 09:13:00,2025-05-25 23:53:28.697081676
TX007708,DEV0244,EMP0120,2026-06-21 17:49:00,2026-07-03 02:37:52.838198654
TX007709,DEV0147,EMP0165,2026-08-07 18:13:00,2026-09-01 20:17:16.682078018
TX007710,DEV0083,EMP0225,2025-12-20 08:28:00,2025-12-26 10:50:58.101707698
TX007711,DEV0163,EMP0198,2024-11-27 16:51:00,2024-12-04 10:57:58.784138454
TX007712,DEV0212,EMP0150,2026-06-09 18:13:00,2026-06-11 05:58:39.219855247
TX007713,DEV0131,EMP0418,2024-03-24 13:08:00,2024-04-02 22:44:01.994225053
TX007714,DEV0083,EMP0161,2024-02-15 09:09:00,2024-02-19 18:58:41.587013459
TX007715,DEV0053,EMP0122,2025-02-11 09:31:00,2025-03-03 20:57:29.970933911
TX007716,DEV0051,EMP0367,2025-03-13 14:43:00,2025-03-15 17:30:40.645972206
TX007717,DEV0051,EMP0037,2024-12-01 09:44:00,2024-12-05 08:19:48.316094750
TX007718,DEV0102,EMP0251,2025-02-28 10:09:00,2025-03-17 12:43:22.789069955
TX007719,DEV0082,EMP0126,2026-06-20 14:10:00,2026-07-01 23:28:15.641200609
TX007720,DEV0214,EMP0011,2024-10-06 13:15:00,2024-10-12 10:43:09.221934312
TX007721,DEV0184,EMP0416,2025-05-07 18:24:00,2025-05-31 08:07:58.872200228
TX007722,DEV0007,EMP0372,2026-07-28 16:56:00,2026-08-05 04:09:01.580966343
TX007723,DEV0111,EMP0188,2026-05-14 13:25:00,2026-05-20 17:24:35.772313874
TX007724,DEV0115,EMP0002,2025-07-16 17:56:00,2025-08-17 10:39:48.317352980
TX007725,DEV0082,EMP0040,2024-08-22 08:06:00,2024-08-30 22:33:32.864625841
TX007726,DEV0082,EMP0172,2025-11-23 17:57:00,2025-11-27 19:10:35.656804314
TX007727,DEV0132,EMP0308,2024-03-22 13:12:00,2024-04-01 09:48:20.907803881
TX007728,DEV0173,EMP0357,2026-08-04 16:51:00,2026-08-11 01:07:06.664844888
TX007729,DEV0133,EMP0136,2025-06-09 07:56:00,2025-06-16 03:49:27.901364794
TX007730,DEV0010,EMP0185,2026-03-12 15:50:00,2026-03-13 22:39:01.660172789
TX007731,DEV0243,EMP0361,2024-02-17 18:02:00,2024-02-23 07:19:44.584993039
TX007732,DEV0142,EMP0406,2026-02-02 14:36:00,2026-02-04 21:33:23.551828683
TX007733,DEV0228,EMP0328,2026-05-21 13:21:00,2026-05-26 19:32:40.300278297
TX007734,DEV0103,EMP0031,2026-06-27 17:58:00,2026-07-01 04:23:17.180375041
TX007735,DEV0037,EMP0045,2025-10-01 17:14:00,2025-10-05 23:36:57.206969347
TX007736,DEV0214,EMP0205,2025-10-24 12:17:00,2025-10-31 18:32:14.869653770
TX007737,DEV0101,EMP0285,2024-10-21 11:31:00,2024-10-29 12:27:13.284729197
TX007738,DEV0152,EMP0293,2024-09-02 14:41:00,2024-09-18 15:04:42.738767015
TX007739,DEV0212,EMP0239,2026-02-28 16:45:00,2026-03-06 23:11:22.509228376
TX007740,DEV0172,EMP0230,2024-06-10 11:36:00,2024-06-11 09:02:25.428808617
TX007741,DEV0201,EMP0307,2024-08-04 07:55:00,2024-08-14 10:38:45.755071434
TX007742,DEV0156,EMP0312,2025-01-03 08:47:00,2025-01-06 15:49:56.341896813
TX007743,DEV0043,EMP0183,2025-04-29 12:27:00,2025-05-03 00:23:09.659838220
TX007744,DEV0123,EMP0159,2025-05-06 15:52:00,2025-05-09 12:37:43.549905377
TX007745,DEV0081,EMP0363,2025-08-19 08:50:00,2025-08-26 00:10:34.012128705
TX007746,DEV0172,EMP0187,2025-02-19 08:18:00,2025-02-24 07:19:55.712535840
TX007747,DEV0081,EMP0101,2025-05-01 07:24:00,2025-05-10 16:45:17.213055705
TX007748,DEV0219,EMP0384,2025-01-24 18:51:00,2025-01-27 09:57:35.481179213
TX007749,DEV0005,EMP0396,2025-10-02 12:57:00,2025-10-07 01:29:46.446983769
TX007750,DEV0225,EMP0054,2025-02-09 11:31:00,2025-02-10 08:45:48.667475554
TX007751,DEV0011,EMP0328,2025-03-25 12:30:00,2025-04-06 01:02:34.261801478
TX007752,DEV0212,EMP0268,2024-03-08 07:00:00,2024-03-18 04:43:51.678268006
TX007753,DEV0120,EMP0230,2026-06-15 17:40:00,2026-06-18 20:23:41.619051461
TX007754,DEV0044,EMP0319,2024-08-14 18:13:00,2024-08-19 04:18:24.146184702
TX007755,DEV0056,EMP0036,2024-04-14 16:39:00,2024-04-17 10:01:58.623354052
TX007756,DEV0195,EMP0407,2026-08-05 15:15:00,2026-08-18 04:01:29.844632633
TX007757,DEV0074,EMP0037,2024-07-27 13:38:00,2024-07-30 07:23:38.159554884
TX007758,DEV0007,EMP0419,2024-12-27 16:28:00,2024-12-31 17:07:06.385925440
TX007759,DEV0211,EMP0121,2026-06-04 08:53:00,2026-06-12 17:19:18.881126558
TX007760,DEV0018,EMP0391,2026-08-06 17:00:00,2026-08-10 02:57:09.422091282
TX007761,DEV0146,EMP0229,2025-09-13 09:08:00,2025-09-18 12:52:20.016581325
TX007762,DEV0009,EMP0200,2024-09-14 14:59:00,2024-09-19 04:01:49.347318740
TX007763,DEV0242,EMP0314,2025-10-06 11:50:00,2025-12-19 07:02:02.447664154
TX007764,DEV0153,EMP0049,2026-06-03 18:18:00,2026-06-17 09:13:36.550137722
TX007765,DEV0184,EMP0035,2025-05-13 14:40:00,2025-05-25 21:26:11.507755058
TX007766,DEV0132,EMP0004,2025-08-04 10:52:00,2025-08-11 08:02:12.981706517
TX007767,DEV0208,EMP0253,2025-04-16 15:18:00,2025-04-21 10:33:55.299384445
TX007768,DEV0111,EMP0126,2025-12-07 10:00:00,2025-12-13 23:01:16.526264432
TX007769,DEV0086,EMP0335,2024-12-22 14:36:00,2024-12-26 02:26:07.428091545
TX007770,DEV0042,EMP0370,2026-08-13 16:02:00,2026-08-26 16:19:53.512778978
TX007771,DEV0165,EMP0292,2025-04-10 11:33:00,2025-04-21 09:35:42.114274248
TX007772,DEV0213,EMP0088,2025-06-18 12:29:00,2025-06-18 21:11:35.897457887
TX007773,DEV0019,EMP0098,2026-02-01 15:04:00,2026-02-03 22:06:01.454640715
TX007774,DEV0113,EMP0082,2024-02-10 09:24:00,2024-02-19 18:22:07.914663426
TX007775,DEV0082,EMP0275,2025-09-25 07:36:00,2025-10-01 21:17:13.564373044
TX007776,DEV0226,EMP0378,2026-06-26 18:31:00,2026-06-30 07:15:03.315214087
TX007777,DEV0167,EMP0137,2025-03-13 11:44:00,2025-03-22 07:21:06.956806103
TX007778,DEV0003,EMP0279,2025-01-03 14:07:00,2025-01-14 07:28:20.002636507
TX007779,DEV0191,EMP0352,2025-06-26 13:21:00,2025-07-02 12:19:32.478807280
TX007780,DEV0062,EMP0249,2025-03-15 18:10:00,2025-03-27 11:41:56.656288111
TX007781,DEV0256,EMP0396,2025-09-03 11:05:00,2025-09-06 05:50:21.088210039
TX007782,DEV0143,EMP0180,2024-04-27 18:38:00,2024-05-03 16:45:29.525381363
TX007783,DEV0024,EMP0338,2025-03-09 12:56:00,2025-03-16 06:17:21.867645018
TX007784,DEV0062,EMP0285,2025-07-11 17:42:00,2025-07-27 12:19:44.964300204
TX007785,DEV0211,EMP0292,2024-12-18 12:37:00,2024-12-22 21:53:50.964509393
TX007786,DEV0051,EMP0283,2025-09-01 08:57:00,2025-09-07 20:50:23.618659563
TX007787,DEV0113,EMP0208,2025-07-09 18:25:00,2025-07-25 04:49:11.392024989
TX007788,DEV0242,EMP0283,2024-01-09 14:46:00,2024-01-21 07:23:34.507361311
TX007789,DEV0203,EMP0148,2025-08-01 07:07:00,2025-08-03 10:36:59.777149205
TX007790,DEV0001,EMP0252,2025-12-20 18:49:00,2025-12-26 03:09:41.944164865
TX007791,DEV0234,EMP0224,2025-10-08 13:21:00,2025-10-13 19:30:11.009831175
TX007792,DEV0145,EMP0191,2026-07-01 16:46:00,2026-07-06 05:15:28.655831856
TX007793,DEV0002,EMP0148,2024-09-21 16:19:00,2024-09-23 00:04:55.264224342
TX007794,DEV0095,EMP0248,2024-08-29 09:46:00,2024-09-03 19:57:31.874556012
TX007795,DEV0055,EMP0289,2025-10-07 15:46:00,2025-10-13 11:53:51.212893334
TX007796,DEV0125,EMP0366,2024-09-17 11:22:00,2024-10-04 10:13:21.671251313
TX007797,DEV0002,EMP0267,2024-07-10 16:50:00,2024-07-20 19:38:49.762093255
TX007798,DEV0152,EMP0008,2026-08-06 08:20:00,2026-08-23 10:32:00.173118644
TX007799,DEV0153,EMP0252,2024-10-21 07:02:00,2024-11-02 12:12:34.316056491
TX007800,DEV0009,EMP0213,2024-05-15 14:23:00,2024-05-21 08:17:16.568664462
TX007801,DEV0143,EMP0188,2024-04-19 10:07:00,2024-04-22 11:00:38.130189940
TX007802,DEV0011,EMP0277,2025-05-03 08:43:00,2025-05-13 06:18:54.409443586
TX007803,DEV0202,EMP0140,2024-03-01 12:11:00,2024-03-17 14:46:45.205083440
TX007804,DEV0005,EMP0148,2026-04-25 14:50:00,2026-05-01 00:20:06.322481575
TX007805,DEV0053,EMP0283,2024-09-08 15:17:00,2024-09-11 22:53:38.977204876
TX007806,DEV0080,EMP0390,2024-07-05 15:10:00,2024-07-08 20:22:05.676343542
TX007807,DEV0193,EMP0198,2024-11-30 16:53:00,2024-12-04 12:39:26.494453606
TX007808,DEV0229,EMP0273,2024-05-02 11:18:00,2024-05-06 11:48:29.611814012
TX007809,DEV0180,EMP0229,2024-08-17 13:10:00,2024-08-20 14:36:27.322778068
TX007810,DEV0155,EMP0212,2024-07-12 15:46:00,2024-07-15 04:40:22.647661107
TX007811,DEV0115,EMP0278,2024-08-11 10:08:00,2024-08-25 11:49:35.264568305
TX007812,DEV0203,EMP0415,2024-07-15 16:23:00,2024-07-20 12:32:41.520659721
TX007813,DEV0193,EMP0097,2025-12-26 08:26:00,2026-01-08 20:22:21.788016788
TX007814,DEV0038,EMP0066,2025-01-29 18:54:00,2025-02-01 21:16:07.130976004
TX007815,DEV0239,EMP0176,2026-05-17 07:26:00,2026-05-19 16:27:26.446312340
TX007816,DEV0062,EMP0022,2025-02-22 08:26:00,2025-02-24 20:32:36.596367081
TX007817,DEV0163,EMP0170,2025-08-28 08:19:00,2025-08-31 19:44:58.912770430
TX007818,DEV0067,EMP0359,2025-04-23 09:56:00,2025-05-07 22:55:17.878170073
TX007819,DEV0019,EMP0244,2026-04-12 13:11:00,2026-04-24 16:52:22.952963378
TX007820,DEV0043,EMP0042,2024-09-05 07:03:00,2024-09-08 07:19:54.471512953
TX007821,DEV0164,EMP0259,2025-10-10 16:40:00,2025-11-17 17:42:51.541794774
TX007822,DEV0124,EMP0378,2025-09-05 10:03:00,2025-09-16 13:25:50.844670960
TX007823,DEV0235,EMP0034,2025-07-13 11:45:00,2025-07-22 02:24:06.946588515
TX007824,DEV0063,EMP0382,2024-08-04 07:54:00,2024-08-29 10:22:23.994392726
TX007825,DEV0072,EMP0277,2026-02-26 18:31:00,2026-03-11 02:22:27.986806931
TX007826,DEV0251,EMP0068,2025-01-26 16:45:00,2025-02-02 14:02:20.566081097
TX007827,DEV0181,EMP0073,2026-07-03 13:47:00,2026-07-13 14:40:14.943386317
TX007828,DEV0247,EMP0138,2026-05-27 13:41:00,2026-05-29 20:48:18.222647343
TX007829,DEV0212,EMP0178,2024-08-09 11:25:00,2024-08-13 00:15:04.518512596
TX007830,DEV0122,EMP0114,2025-05-28 14:30:00,2025-05-31 04:54:45.747137728
TX007831,DEV0066,EMP0233,2026-08-04 12:03:00,2026-08-11 11:18:03.120158658
TX007832,DEV0234,EMP0273,2025-09-23 09:19:00,2025-09-27 07:56:44.261642263
TX007833,DEV0012,EMP0136,2024-09-20 09:10:00,2024-09-28 18:43:20.211126092
TX007834,DEV0103,EMP0113,2024-04-27 11:59:00,2024-05-05 19:03:56.926273018
TX007835,DEV0117,EMP0373,2024-11-25 11:42:00,2024-11-28 18:38:33.292567751
TX007836,DEV0256,EMP0186,2026-07-31 15:37:00,2026-08-06 16:57:50.725517374
TX007837,DEV0172,EMP0282,2024-05-25 14:58:00,2024-05-30 22:51:50.117991991
TX007838,DEV0227,EMP0005,2024-08-02 09:55:00,2024-08-08 02:06:06.781899471
TX007839,DEV0244,EMP0312,2024-01-23 11:51:00,2024-01-29 10:12:26.865567667
TX007840,DEV0253,EMP0323,2025-12-29 08:45:00,2026-01-08 12:44:45.335242882
TX007841,DEV0013,EMP0051,2026-05-28 15:35:00,2026-06-09 19:57:10.182462130
TX007842,DEV0104,EMP0188,2026-02-27 13:04:00,2026-03-04 20:12:24.510655758
TX007843,DEV0182,EMP0016,2025-02-06 13:47:00,2025-02-07 20:15:52.546057165
TX007844,DEV0115,EMP0107,2025-06-23 11:17:00,2025-07-21 07:13:20.951906997
TX007845,DEV0057,EMP0179,2025-03-31 11:48:00,2025-04-09 16:13:08.440912629
TX007846,DEV0128,EMP0217,2024-09-22 12:35:00,2024-09-23 15:31:37.024219000
TX007847,DEV0121,EMP0369,2026-08-10 07:09:00,2026-08-13 00:04:05.960086063
TX007848,DEV0045,EMP0169,2025-05-22 12:25:00,2025-06-12 23:08:19.240289219
TX007849,DEV0152,EMP0205,2025-11-23 09:01:00,2025-12-21 00:16:33.968398161
TX007850,DEV0150,EMP0003,2026-06-11 12:33:00,2026-06-13 13:46:36.838499498
TX007851,DEV0166,EMP0310,2025-09-12 09:39:00,2025-09-25 04:08:26.541756648
TX007852,DEV0222,EMP0396,2024-08-26 09:45:00,2024-08-29 22:20:27.755950229
TX007853,DEV0059,EMP0022,2025-09-22 10:24:00,2025-09-23 13:36:12.323272109
TX007854,DEV0011,EMP0325,2026-03-10 08:59:00,2026-03-14 08:47:32.571898051
TX007855,DEV0121,EMP0013,2026-06-15 09:46:00,2026-06-17 10:59:09.522547036
TX007856,DEV0061,EMP0243,2025-12-29 17:14:00,2026-01-04 15:27:54.261262495
TX007857,DEV0112,EMP0006,2024-05-21 11:14:00,2024-05-22 06:25:22.323315241
TX007858,DEV0211,EMP0405,2025-07-22 18:26:00,2025-07-31 11:53:27.659436872
TX007859,DEV0223,EMP0326,2024-11-30 18:30:00,2024-12-02 11:37:43.862883417
TX007860,DEV0051,EMP0223,2025-10-30 09:45:00,2025-11-07 15:44:43.502280739
TX007861,DEV0231,EMP0309,2026-07-08 11:35:00,2026-07-13 01:33:43.062519846
TX007862,DEV0127,EMP0320,2024-12-09 07:09:00,2024-12-14 02:26:07.207350311
TX007863,DEV0194,EMP0271,2025-10-11 08:06:00,2025-10-21 22:41:30.272467184
TX007864,DEV0004,EMP0138,2025-12-07 14:41:00,2025-12-13 12:35:44.297572380
TX007865,DEV0060,EMP0060,2025-07-30 12:59:00,2025-08-01 11:38:01.552124018
TX007866,DEV0182,EMP0051,2025-05-03 17:50:00,2025-05-22 01:02:02.376925764
TX007867,DEV0063,EMP0323,2025-06-05 12:48:00,2025-06-06 08:16:50.187509074
TX007868,DEV0032,EMP0219,2025-09-20 09:18:00,2025-09-29 20:03:45.988138289
TX007869,DEV0181,EMP0031,2025-10-27 13:45:00,2025-11-09 09:46:01.521454181
TX007870,DEV0181,EMP0369,2025-06-15 10:48:00,2025-06-18 04:26:06.474402150
TX007871,DEV0123,EMP0012,2026-06-11 14:26:00,2026-06-22 11:01:24.066855443
TX007872,DEV0201,EMP0404,2024-01-15 07:58:00,2024-01-19 21:46:48.862853405
TX007873,DEV0220,EMP0255,2024-07-18 10:02:00,2024-07-20 09:12:50.705649803
TX007874,DEV0144,EMP0389,2025-05-27 14:51:00,2025-06-01 23:00:36.569825760
TX007875,DEV0131,EMP0040,2025-03-30 18:09:00,2025-04-01 06:39:15.881151755
TX007876,DEV0006,EMP0003,2025-08-16 10:58:00,2025-08-21 23:22:55.694804392
TX007877,DEV0140,EMP0416,2025-05-11 16:03:00,2025-05-12 01:40:19.543928123
TX007878,DEV0194,EMP0300,2026-07-05 09:30:00,2026-07-28 04:13:09.222124702
TX007879,DEV0001,EMP0057,2026-03-28 12:04:00,2026-03-31 18:20:57.325682015
TX007880,DEV0031,EMP0343,2025-12-18 18:32:00,2025-12-23 10:29:03.907299916
TX007881,DEV0141,EMP0338,2025-07-04 18:59:00,2025-07-13 16:35:56.322728208
TX007882,DEV0256,EMP0214,2026-03-02 16:48:00,2026-03-03 22:32:11.553679017
TX007883,DEV0154,EMP0024,2025-09-25 17:37:00,2025-10-12 06:09:51.038600078
TX007884,DEV0097,EMP0235,2025-06-06 16:54:00,2025-06-19 11:26:34.040377142
TX007885,DEV0245,EMP0151,2024-07-14 16:03:00,2024-07-16 17:53:09.612587550
TX007886,DEV0155,EMP0315,2025-05-15 10:54:00,2025-05-31 08:39:47.758056082
TX007887,DEV0091,EMP0254,2025-07-02 16:36:00,2025-07-12 17:49:49.188521377
TX007888,DEV0072,EMP0232,2024-11-13 07:01:00,2024-11-28 22:41:15.100526788
TX007889,DEV0156,EMP0235,2025-03-06 18:07:00,2025-03-11 06:32:24.067833890
TX007890,DEV0231,EMP0367,2026-02-08 17:43:00,2026-02-09 22:31:13.725618457
TX007891,DEV0053,EMP0371,2025-05-21 12:21:00,2025-06-02 23:45:53.660984524
TX007892,DEV0032,EMP0411,2026-05-06 18:08:00,2026-05-21 18:20:59.715580257
TX007893,DEV0213,EMP0031,2026-04-09 07:44:00,2026-04-19 18:48:27.976391032
TX007894,DEV0231,EMP0347,2024-08-21 16:36:00,2024-08-27 08:35:52.904413509
TX007895,DEV0192,EMP0054,2026-01-25 11:19:00,2026-02-01 09:58:36.049748503
TX007896,DEV0022,EMP0354,2025-01-13 18:46:00,2025-01-19 17:51:48.250001005
TX007897,DEV0191,EMP0256,2025-08-10 14:10:00,2025-08-14 11:52:17.761011129
TX007898,DEV0025,EMP0087,2026-04-16 16:55:00,2026-04-28 12:36:03.261889589
TX007899,DEV0105,EMP0099,2025-07-19 11:27:00,2025-07-22 02:38:42.671467076
TX007900,DEV0151,EMP0302,2024-02-24 16:22:00,2024-02-25 01:17:13.391731095
TX007901,DEV0157,EMP0389,2025-07-20 13:35:00,2025-08-03 11:41:06.276521733
TX007902,DEV0107,EMP0095,2025-02-25 13:53:00,2025-02-27 16:25:43.758477673
TX007903,DEV0081,EMP0362,2024-02-01 18:42:00,2024-02-07 06:34:11.195615704
TX007904,DEV0243,EMP0114,2025-12-12 11:23:00,2026-01-05 19:57:35.222155832
TX007905,DEV0255,EMP0236,2025-12-20 08:59:00,2025-12-29 03:54:49.564981662
TX007906,DEV0223,EMP0411,2025-07-01 16:13:00,2025-07-04 00:49:49.384470723
TX007907,DEV0181,EMP0065,2024-06-20 18:09:00,2024-07-01 14:14:18.835571930
TX007908,DEV0134,EMP0338,2024-12-14 15:32:00,2025-01-03 01:35:59.458325777
TX007909,DEV0086,EMP0272,2026-06-29 13:26:00,2026-07-03 08:30:36.133406524
TX007910,DEV0198,EMP0277,2024-11-06 15:58:00,2024-11-09 10:01:33.791985387
TX007911,DEV0045,EMP0353,2024-03-16 17:51:00,2024-04-12 08:12:56.243888730
TX007912,DEV0161,EMP0371,2026-02-05 16:59:00,2026-02-06 16:01:05.761729397
TX007913,DEV0174,EMP0254,2024-08-02 17:23:00,2024-08-06 20:15:30.111516563
TX007914,DEV0082,EMP0198,2025-07-21 13:11:00,2025-07-25 08:44:58.439229061
TX007915,DEV0083,EMP0211,2024-02-12 09:07:00,2024-02-21 08:24:20.561634702
TX007916,DEV0074,EMP0177,2024-11-19 12:57:00,2024-11-22 13:03:14.856005374
TX007917,DEV0204,EMP0202,2026-03-25 11:39:00,2026-04-09 17:21:36.094328643
TX007918,DEV0183,EMP0149,2024-04-26 09:02:00,2024-05-04 15:14:00.404962799
TX007919,DEV0015,EMP0331,2026-08-12 10:13:00,2026-08-19 11:18:14.973939964
TX007920,DEV0019,EMP0133,2025-06-13 08:28:00,2025-06-27 13:27:49.488520934
TX007921,DEV0097,EMP0029,2025-01-26 09:53:00,2025-01-29 17:00:11.839710670
TX007922,DEV0021,EMP0263,2025-12-26 07:45:00,2026-01-08 07:05:10.809334607
TX007923,DEV0004,EMP0287,2026-04-12 16:11:00,2026-04-26 09:55:12.839285240
TX007924,DEV0192,EMP0068,2025-06-01 10:15:00,2025-06-04 19:35:27.790883007
TX007925,DEV0094,EMP0229,2025-11-29 09:24:00,2025-12-09 03:58:40.681399962
TX007926,DEV0254,EMP0008,2025-07-13 07:56:00,2025-07-23 16:58:34.035018925
TX007927,DEV0035,EMP0103,2025-05-28 13:25:00,2025-05-30 01:33:12.478143753
TX007928,DEV0021,EMP0239,2026-01-30 08:56:00,2026-02-18 23:44:52.917891022
TX007929,DEV0256,EMP0121,2026-04-22 16:24:00,2026-04-25 02:50:22.463921037
TX007930,DEV0131,EMP0028,2026-01-29 10:11:00,2026-01-30 06:05:37.246563531
TX007931,DEV0252,EMP0051,2025-10-01 12:27:00,2025-10-02 05:14:21.736520264
TX007932,DEV0129,EMP0031,2026-07-19 11:16:00,2026-07-20 10:33:55.845133541
TX007933,DEV0085,EMP0172,2025-04-19 17:55:00,2025-04-29 18:04:05.132660948
TX007934,DEV0121,EMP0361,2024-05-25 16:34:00,2024-05-30 15:11:34.752189446
TX007935,DEV0074,EMP0302,2024-11-15 16:50:00,2024-11-25 16:37:33.411773233
TX007936,DEV0091,EMP0141,2026-04-20 16:43:00,2026-05-10 19:32:55.016181720
TX007937,DEV0005,EMP0419,2025-04-28 07:10:00,2025-05-13 03:57:18.463899106
TX007938,DEV0001,EMP0172,2024-02-05 16:32:00,2024-02-06 15:39:43.271467801
TX007939,DEV0242,EMP0051,2025-01-30 10:25:00,2025-02-05 11:49:31.164095358
TX007940,DEV0172,EMP0261,2024-06-09 16:16:00,2024-06-12 17:06:02.880448416
TX007941,DEV0128,EMP0147,2026-05-09 11:12:00,2026-05-13 14:20:51.345690575
TX007942,DEV0142,EMP0075,2025-09-28 11:04:00,2025-10-02 16:43:50.028994882
TX007943,DEV0144,EMP0194,2024-12-17 13:40:00,2025-01-15 07:45:06.034325103
TX007944,DEV0061,EMP0358,2026-04-25 07:53:00,2026-04-27 02:45:05.282359637
TX007945,DEV0249,EMP0215,2024-09-06 17:54:00,2024-09-07 10:17:02.169907374
TX007946,DEV0078,EMP0089,2026-01-06 08:08:00,2026-01-08 16:55:06.923249415
TX007947,DEV0182,EMP0036,2026-06-14 13:47:00,2026-06-26 00:14:34.818291480
TX007948,DEV0155,EMP0189,2025-02-19 11:40:00,2025-04-11 15:47:15.732067768
TX007949,DEV0105,EMP0180,2025-10-01 16:25:00,2025-10-14 14:52:41.227646129
TX007950,DEV0224,EMP0221,2026-01-15 15:55:00,2026-01-28 13:30:44.526090503
TX007951,DEV0130,EMP0256,2026-04-18 15:43:00,2026-04-21 04:39:17.447870493
TX007952,DEV0242,EMP0074,2024-07-25 18:10:00,2024-08-03 09:54:23.305761175
TX007953,DEV0137,EMP0399,2025-01-04 09:01:00,2025-01-10 22:40:36.269668360
TX007954,DEV0051,EMP0312,2025-01-26 09:27:00,2025-02-05 13:03:26.976601394
TX007955,DEV0127,EMP0152,2024-05-08 08:55:00,2024-05-14 11:41:07.931060291
TX007956,DEV0027,EMP0009,2024-04-05 18:09:00,2024-04-12 11:38:24.467328301
TX007957,DEV0097,EMP0076,2024-09-04 12:25:00,2024-09-09 11:04:01.597308430
TX007958,DEV0236,EMP0355,2024-11-09 08:07:00,2024-11-10 17:30:56.933869805
TX007959,DEV0200,EMP0108,2025-07-04 13:48:00,2025-07-05 07:06:27.514029338
TX007960,DEV0105,EMP0284,2025-11-28 16:41:00,2025-12-04 11:51:59.704103252
TX007961,DEV0258,EMP0035,2024-02-01 18:40:00,2024-02-01 23:44:24.148386534
TX007962,DEV0153,EMP0140,2025-08-17 09:52:00,2025-08-21 13:43:35.222687821
TX007963,DEV0081,EMP0132,2024-08-01 15:07:00,2024-08-08 21:24:17.835953176
TX007964,DEV0043,EMP0367,2025-04-23 12:12:00,2025-05-06 22:05:14.826113567
TX007965,DEV0074,EMP0170,2026-04-10 16:33:00,2026-04-12 14:00:28.473211815
TX007966,DEV0235,EMP0271,2026-04-30 09:09:00,2026-05-06 21:18:25.033975516
TX007967,DEV0225,EMP0324,2025-02-12 16:18:00,2025-02-15 15:17:11.780321027
TX007968,DEV0136,EMP0187,2025-09-18 12:42:00,2025-09-25 10:52:52.186964642
TX007969,DEV0208,EMP0383,2024-10-13 08:58:00,2024-10-15 16:23:32.156631958
TX007970,DEV0243,EMP0003,2026-04-18 14:52:00,2026-04-25 11:02:29.282776707
TX007971,DEV0115,EMP0070,2026-05-30 16:43:00,2026-06-08 11:25:20.784208117
TX007972,DEV0032,EMP0129,2024-03-14 12:56:00,2024-03-25 19:33:56.409846381
TX007973,DEV0073,EMP0267,2024-05-29 13:49:00,2024-06-07 11:08:06.676984611
TX007974,DEV0184,EMP0420,2024-07-04 18:19:00,2024-07-18 11:44:51.613857869
TX007975,DEV0223,EMP0009,2025-05-13 10:50:00,2025-05-16 15:00:01.019385930
TX007976,DEV0123,EMP0078,2025-01-12 10:24:00,2025-02-03 16:26:59.850211043
TX007977,DEV0041,EMP0258,2025-07-08 07:52:00,2025-07-24 04:20:35.434678294
TX007978,DEV0062,EMP0289,2025-07-06 12:21:00,2025-07-13 01:40:12.278464418
TX007979,DEV0092,EMP0395,2025-06-05 15:38:00,2025-06-12 14:47:36.769748945
TX007980,DEV0175,EMP0377,2025-04-11 18:40:00,2025-04-16 16:56:03.817020154
TX007981,DEV0203,EMP0214,2025-01-27 09:04:00,2025-02-16 07:58:42.764048955
TX007982,DEV0222,EMP0021,2026-07-09 16:04:00,2026-07-15 01:18:28.798451174
TX007983,DEV0103,EMP0248,2025-08-21 07:40:00,2025-08-27 14:41:55.446378676
TX007984,DEV0031,EMP0412,2025-07-30 09:40:00,2025-08-06 13:05:39.499748234
TX007985,DEV0122,EMP0133,2025-09-26 15:04:00,2025-09-26 12:04:00.000000000
TX007986,DEV0134,EMP0088,2024-05-18 17:08:00,2024-06-03 01:20:43.912428176
TX007987,DEV0132,EMP0417,2025-04-02 10:28:00,2025-04-04 21:20:12.650352478
TX007988,DEV0234,EMP0365,2024-09-16 17:22:00,2024-09-27 04:24:51.480834448
TX007989,DEV0186,EMP0197,2024-10-22 12:09:00,2024-11-02 10:00:32.808420229
TX007990,DEV0222,EMP0316,2024-12-17 13:09:00,2024-12-27 09:58:16.674084247
TX007991,DEV0161,EMP0290,2026-08-30 11:10:00,2026-09-05 19:49:10.665055044
TX007992,DEV0203,EMP0216,2025-11-19 10:13:00,2025-11-19 13:48:18.610077798
TX007993,DEV0177,EMP0182,2026-05-01 18:13:00,2026-05-10 12:34:04.763339007
TX007994,DEV0201,EMP0106,2026-06-09 16:04:00,2026-06-18 11:06:32.692557044
TX007995,DEV0211,EMP0102,2025-04-24 08:02:00,2025-05-04 04:48:44.857882801
TX007996,DEV0189,EMP0216,2026-03-20 11:19:00,2026-03-23 13:21:32.263634917
TX007997,DEV0141,EMP0276,2024-01-11 10:49:00,2024-01-12 11:47:34.902553750
TX007998,DEV0049,EMP0316,2026-07-16 17:50:00,2026-07-17 09:31:35.497906188
TX007999,DEV0153,EMP0295,2024-10-18 15:25:00,2024-10-23 16:30:36.810226909
TX008000,DEV0103,EMP0212,2025-08-06 14:11:00,2025-08-12 05:53:04.270298803
TX008001,DEV0091,EMP0314,2026-06-03 09:27:00,2026-06-12 00:21:02.792000567
TX008002,DEV0071,EMP0041,2026-04-24 17:53:00,2026-05-03 17:50:00.104858340
TX008003,DEV0184,EMP0029,2026-05-06 09:24:00,2026-05-09 15:10:32.455642535
TX008004,DEV0164,EMP0381,2025-09-19 12:46:00,2025-09-22 07:50:34.137046677
TX008005,DEV0153,EMP0256,2026-07-13 17:47:00,2026-07-16 11:54:42.493368472
TX008006,DEV0002,EMP0401,2024-12-20 07:07:00,2025-01-01 14:08:03.011600606
TX008007,DEV0210,EMP0313,2026-01-12 17:09:00,2026-01-14 00:12:26.809637509
TX008008,DEV0096,EMP0400,2026-07-01 18:42:00,2026-07-20 01:45:26.479895224
TX008009,DEV0236,EMP0045,2025-10-29 11:05:00,2025-11-03 07:20:14.859303109
TX008010,DEV0196,EMP0367,2025-05-26 11:55:00,2025-05-29 03:42:55.210930121
TX008011,DEV0051,EMP0062,2024-11-18 11:13:00,2024-11-24 23:16:55.052560274
TX008012,DEV0041,EMP0396,2024-09-23 17:10:00,2024-09-27 05:43:28.561418818
TX008013,DEV0106,EMP0375,2026-06-19 13:02:00,2026-06-27 13:17:11.018291996
TX008014,DEV0014,EMP0204,2024-02-15 14:53:00,2024-02-27 03:12:30.835258642
TX008015,DEV0173,EMP0135,2026-01-20 07:28:00,2026-02-01 00:56:40.273711823
TX008016,DEV0148,EMP0091,2026-06-20 16:20:00,2026-06-20 19:21:06.822248675
TX008017,DEV0162,EMP0162,2025-04-09 16:02:00,2025-04-16 01:48:36.231249877
TX008018,DEV0102,EMP0366,2025-01-03 10:26:00,2025-01-14 18:34:53.010556040
TX008019,DEV0197,EMP0328,2024-07-21 15:44:00,2024-07-27 05:11:33.732598729
TX008020,DEV0002,EMP0054,2024-04-05 13:02:00,2024-04-18 06:41:50.470745060
TX008021,DEV0092,EMP0088,2024-11-22 10:30:00,2024-12-01 08:36:02.798176777
TX008022,DEV0197,EMP0413,2025-05-08 08:59:00,2025-05-12 02:26:03.211979112
TX008023,DEV0006,EMP0356,2025-12-06 10:32:00,2025-12-13 07:19:46.485466802
TX008024,DEV0021,EMP0056,2025-04-20 14:42:00,2025-04-26 16:28:19.697153913
TX008025,DEV0059,EMP0050,2026-03-17 15:05:00,2026-03-23 06:15:51.016321679
TX008026,DEV0086,EMP0017,2024-11-20 18:08:00,2024-11-24 20:09:27.561776363
TX008027,DEV0052,EMP0354,2025-12-04 12:15:00,2025-12-09 01:02:24.021870419
TX008028,DEV0009,EMP0218,2024-04-02 07:21:00,2024-04-08 07:44:33.826136848
TX008029,DEV0010,EMP0402,2026-04-25 10:08:00,2026-04-28 06:43:25.523244708
TX008030,DEV0052,EMP0280,2025-12-21 08:45:00,2025-12-25 22:50:21.072031170
TX008031,DEV0011,EMP0233,2024-06-09 08:14:00,2024-06-19 01:24:57.689976580
TX008032,DEV0221,EMP0059,2026-04-13 13:59:00,2026-04-29 06:39:57.783353753
TX008033,DEV0155,EMP0393,2024-08-18 10:47:00,2024-09-10 15:34:41.275421340
TX008034,DEV0025,EMP0212,2025-04-08 15:11:00,2025-04-23 22:23:15.664201443
TX008035,DEV0043,EMP0339,2025-02-10 13:41:00,2025-02-13 22:09:10.933799476
TX008036,DEV0226,EMP0329,2026-08-29 18:10:00,2026-09-05 12:36:00.806360635
TX008037,DEV0062,EMP0016,2026-08-20 16:26:00,2026-08-26 17:18:19.210489551
TX008038,DEV0027,EMP0298,2024-06-06 10:38:00,2024-06-11 17:46:44.896188998
TX008039,DEV0132,EMP0231,2024-05-17 08:15:00,2024-05-19 04:18:32.338305493
TX008040,DEV0243,EMP0273,2025-06-04 12:15:00,2025-06-09 20:38:38.680566702
TX008041,DEV0257,EMP0410,2026-05-02 16:55:00,2026-05-03 17:55:00.724535886
TX008042,DEV0041,EMP0251,2026-01-18 11:20:00,2026-01-24 22:05:39.246360781
TX008043,DEV0237,EMP0355,2025-11-25 09:27:00,2025-12-01 02:04:25.507548658
TX008044,DEV0093,EMP0348,2026-03-24 11:35:00,2026-04-05 15:23:34.607080518
TX008045,DEV0204,EMP0046,2026-02-28 16:03:00,2026-04-04 06:31:01.304720699
TX008046,DEV0028,EMP0309,2024-03-17 17:01:00,2024-03-18 03:49:31.774627378
TX008047,DEV0132,EMP0358,2025-02-10 14:40:00,2025-02-17 15:12:26.765166929
TX008048,DEV0074,EMP0108,2026-07-04 14:51:00,2026-07-21 06:24:30.771200158
TX008049,DEV0116,EMP0143,2024-11-14 18:21:00,2024-11-22 10:46:57.086936519
TX008050,DEV0103,EMP0094,2025-09-14 14:17:00,2025-09-21 03:47:51.439224423
TX008051,DEV0062,EMP0079,2025-06-05 10:09:00,2025-06-09 01:45:46.655746780
TX008052,DEV0062,EMP0082,2025-03-30 15:31:00,2025-04-01 14:31:27.416776040
TX008053,DEV0223,EMP0085,2024-10-02 10:50:00,2024-10-09 19:21:17.022576357
TX008054,DEV0146,EMP0288,2025-03-27 16:32:00,2025-04-04 11:45:22.032894007
TX008055,DEV0099,EMP0132,2025-01-06 17:20:00,2025-01-08 01:06:56.121125400
TX008056,DEV0252,EMP0180,2024-01-30 13:13:00,2024-02-03 11:34:32.423145287
TX008057,DEV0022,EMP0201,2025-05-15 14:47:00,2025-05-20 21:19:21.778091942
TX008058,DEV0127,EMP0157,2024-03-28 16:31:00,2024-04-12 06:33:23.918176971
TX008059,DEV0081,EMP0162,2024-12-10 15:00:00,2024-12-15 23:15:16.281403942
TX008060,DEV0061,EMP0214,2024-08-08 07:33:00,2024-08-18 13:56:56.835338003
TX008061,DEV0162,EMP0226,2024-01-04 17:28:00,2024-01-14 03:34:00.397419681
TX008062,DEV0176,EMP0069,2026-06-24 17:21:00,2026-07-09 20:25:38.949660864
TX008063,DEV0161,EMP0320,2025-03-07 15:06:00,2025-03-12 04:15:02.664079872
TX008064,DEV0004,EMP0168,2025-04-15 18:22:00,2025-04-25 00:43:00.699523478
TX008065,DEV0151,EMP0181,2026-05-12 09:51:00,2026-05-19 06:38:32.945382359
TX008066,DEV0101,EMP0245,2024-10-14 10:09:00,2024-10-18 22:48:40.494038050
TX008067,DEV0042,EMP0330,2024-02-28 11:10:00,2024-03-01 17:13:44.628420336
TX008068,DEV0176,EMP0334,2026-02-20 15:33:00,2026-02-21 08:10:42.623017033
TX008069,DEV0201,EMP0412,2024-01-07 15:26:00,2024-01-07 19:01:19.222628575
TX008070,DEV0213,EMP0031,2026-04-21 15:48:00,2026-05-01 16:42:01.738133443
TX008071,DEV0196,EMP0035,2024-08-03 08:57:00,2024-08-07 09:15:23.551583777
TX008072,DEV0213,EMP0381,2025-11-05 12:09:00,2025-11-09 12:30:08.604706290
TX008073,DEV0049,EMP0274,2025-12-24 12:40:00,2025-12-25 15:17:40.722374945
TX008074,DEV0173,EMP0140,2026-07-15 18:59:00,2026-07-20 21:13:29.162701421
TX008075,DEV0153,EMP0176,2025-04-14 17:40:00,2025-04-16 22:40:37.861687994
TX008076,DEV0150,EMP0381,2024-12-07 13:10:00,2024-12-08 04:10:27.660891084
TX008077,DEV0252,EMP0201,2025-04-10 08:06:00,2025-04-12 05:25:49.982633888
TX008078,DEV0251,EMP0072,2026-01-24 11:19:00,2026-01-29 17:23:47.907654780
TX008079,DEV0144,EMP0219,2025-10-05 13:08:00,2025-10-10 16:27:50.220774958
TX008080,DEV0081,EMP0187,2024-08-14 18:27:00,2024-08-25 07:47:18.676458661
TX008081,DEV0159,EMP0290,2025-04-23 08:35:00,2025-04-23 20:16:48.916037003
TX008082,DEV0029,EMP0361,2026-02-27 08:10:00,2026-03-02 17:31:11.768050888
TX008083,DEV0062,EMP0378,2025-04-16 16:06:00,2025-04-28 10:34:54.800522520
TX008084,DEV0213,EMP0255,2026-02-28 13:21:00,2026-03-13 02:02:54.896275455
TX008085,DEV0236,EMP0131,2026-01-28 17:10:00,2026-01-30 22:55:02.109230500
TX008086,DEV0013,EMP0217,2024-09-17 11:00:00,2024-09-24 06:35:08.927731263
TX008087,DEV0054,EMP0263,2026-04-07 12:59:00,2026-04-12 00:05:59.623925359
TX008088,DEV0014,EMP0379,2024-04-17 15:30:00,2024-04-22 23:09:12.266839350
TX008089,DEV0211,EMP0255,2026-08-15 10:54:00,2026-09-08 05:50:22.607287156
TX008090,DEV0072,EMP0034,2026-04-23 11:38:00,2026-04-26 03:21:55.777119239
TX008091,DEV0072,EMP0275,2025-03-02 13:47:00,2025-03-16 21:46:12.197480752
TX008092,DEV0001,EMP0382,2024-08-19 15:39:00,2024-08-23 23:08:27.029479477
TX008093,DEV0244,EMP0046,2026-04-06 15:19:00,2026-04-15 06:32:45.852783825
TX008094,DEV0085,EMP0337,2024-09-30 09:58:00,2024-10-08 13:01:20.354993039
TX008095,DEV0005,EMP0157,2025-06-23 14:22:00,2025-06-29 08:00:42.575684586
TX008096,DEV0121,EMP0088,2024-02-14 17:24:00,2024-02-28 21:30:46.590822317
TX008097,DEV0201,EMP0125,2024-06-15 11:04:00,2024-07-03 18:07:01.162012195
TX008098,DEV0173,EMP0140,2024-09-04 17:59:00,2024-09-25 12:34:16.480268249
TX008099,DEV0176,EMP0390,2026-08-15 11:09:00,2026-08-17 07:30:04.483523310
TX008100,DEV0164,EMP0218,2024-08-13 09:38:00,2024-08-14 09:37:50.157369587
TX008101,DEV0137,EMP0284,2024-10-08 09:14:00,2024-10-13 03:46:13.167142616
TX008102,DEV0182,EMP0052,2024-07-22 13:07:00,2024-07-31 12:00:56.824366795
TX008103,DEV0041,EMP0063,2024-01-07 15:44:00,2024-01-12 05:38:23.838471448
TX008104,DEV0181,EMP0377,2026-02-28 09:39:00,2026-03-09 18:52:08.262313201
TX008105,DEV0001,EMP0231,2024-02-02 08:51:00,2024-02-17 15:15:56.964763101
TX008106,DEV0181,EMP0301,2025-01-09 12:46:00,2025-01-14 08:36:36.897553086
TX008107,DEV0221,EMP0091,2024-07-14 08:43:00,2024-07-14 14:45:08.299979377
TX008108,DEV0005,EMP0243,2026-02-23 15:06:00,2026-03-05 21:21:45.567012370
TX008109,DEV0172,EMP0417,2024-11-15 10:30:00,2024-11-16 03:25:28.216647801
TX008110,DEV0223,EMP0218,2024-06-25 13:20:00,2024-07-02 19:38:03.787192769
TX008111,DEV0234,EMP0368,2024-12-29 11:16:00,2025-01-23 02:40:52.151642796
TX008112,DEV0193,EMP0354,2025-09-13 14:51:00,2025-10-18 16:51:02.208946306
TX008113,DEV0259,EMP0010,2025-08-09 18:08:00,2025-08-15 00:10:36.373383878
TX008114,DEV0064,EMP0334,2026-03-03 07:31:00,2026-03-28 19:16:21.110548542
TX008115,DEV0201,EMP0397,2024-05-23 17:17:00,2024-06-06 04:13:07.022216909
TX008116,DEV0053,EMP0300,2025-12-23 12:35:00,2026-01-05 18:54:21.113013798
TX008117,DEV0083,EMP0045,2025-06-08 12:02:00,2025-06-09 16:00:42.387469936
TX008118,DEV0245,EMP0389,2026-01-25 14:50:00,2026-02-05 06:04:49.337722249
TX008119,DEV0036,EMP0006,2026-08-09 14:35:00,2026-08-21 08:54:12.284118425
TX008120,DEV0042,EMP0181,2024-05-18 07:26:00,2024-05-22 20:11:19.612344674
TX008121,DEV0141,EMP0257,2026-04-10 15:35:00,2026-04-14 01:58:00.504284456
TX008122,DEV0071,EMP0333,2026-02-12 12:46:00,2026-02-23 15:30:33.199782102
TX008123,DEV0253,EMP0260,2025-08-11 10:10:00,2025-08-19 19:30:34.523058171
TX008124,DEV0025,EMP0413,2024-11-22 09:33:00,2024-11-25 10:42:38.784010639
TX008125,DEV0050,EMP0153,2024-04-16 15:39:00,2024-04-17 23:00:11.252797880
TX008126,DEV0107,EMP0250,2024-09-11 14:54:00,2024-09-12 09:51:00.359946040
TX008127,DEV0093,EMP0069,2025-01-23 12:51:00,2025-02-04 07:26:50.047212654
TX008128,DEV0153,EMP0224,2024-06-10 08:07:00,2024-06-17 04:16:38.103806903
TX008129,DEV0013,EMP0346,2024-12-09 08:15:00,2024-12-20 17:19:53.212991752
TX008130,DEV0242,EMP0085,2024-09-06 07:45:00,2024-09-13 23:39:56.328071681
TX008131,DEV0156,EMP0282,2026-02-01 09:35:00,2026-02-02 13:23:02.497640218
TX008132,DEV0231,EMP0369,2025-09-25 18:49:00,2025-09-26 13:11:59.129766408
TX008133,DEV0232,EMP0391,2024-01-28 09:10:00,2024-01-31 14:00:04.326444815
TX008134,DEV0173,EMP0327,2024-04-11 10:58:00,2024-04-16 06:15:58.478000887
TX008135,DEV0245,EMP0116,2026-05-22 14:59:00,2026-06-02 02:29:51.302949715
TX008136,DEV0129,EMP0411,2026-06-07 11:07:00,2026-06-10 09:34:55.759002072
TX008137,DEV0135,EMP0121,2026-02-12 14:30:00,2026-02-23 22:55:53.891524793
TX008138,DEV0184,EMP0176,2026-06-09 18:06:00,2026-06-16 02:46:32.291536152
TX008139,DEV0101,EMP0181,2025-03-28 15:43:00,2025-04-06 22:25:21.834173088
TX008140,DEV0116,EMP0352,2026-05-02 18:31:00,2026-05-05 19:02:21.669800362
TX008141,DEV0161,EMP0103,2026-02-26 12:32:00,2026-03-16 05:59:06.163698591
TX008142,DEV0102,EMP0244,2024-04-20 15:31:00,2024-05-10 06:18:46.764872702
TX008143,DEV0253,EMP0260,2026-05-20 09:58:00,2026-05-29 07:12:46.497502753
TX008144,DEV0191,EMP0051,2026-08-10 17:24:00,2026-08-28 03:59:42.873375953
TX008145,DEV0233,EMP0228,2025-10-04 11:39:00,2025-10-06 21:26:31.536511852
TX008146,DEV0212,EMP0122,2025-09-19 15:17:00,2025-09-24 20:39:36.661316401
TX008147,DEV0034,EMP0319,2026-04-25 16:15:00,2026-05-11 13:53:22.539538299
TX008148,DEV0211,EMP0413,2024-08-06 07:54:00,2024-08-10 06:33:55.200171817
TX008149,DEV0073,EMP0109,2024-08-13 14:53:00,2024-08-16 20:15:28.865486451
TX008150,DEV0239,EMP0268,2025-02-02 16:10:00,2025-02-08 12:42:23.283228868
TX008151,DEV0131,EMP0160,2025-11-01 09:17:00,2025-11-06 20:10:57.582579181
TX008152,DEV0001,EMP0358,2026-02-28 12:13:00,2026-03-13 20:43:41.659256058
TX008153,DEV0088,EMP0348,2024-09-13 18:07:00,2024-09-15 08:35:49.091351555
TX008154,DEV0033,EMP0227,2025-05-15 14:16:00,2025-05-22 11:45:18.546477319
TX008155,DEV0013,EMP0183,2024-02-24 11:44:00,2024-03-04 19:30:48.127963824
TX008156,DEV0045,EMP0112,2025-10-28 10:48:00,2025-11-17 15:59:55.240320709
TX008157,DEV0052,EMP0271,2024-10-15 17:57:00,2024-10-25 14:22:58.911532088
TX008158,DEV0166,EMP0394,2025-03-21 12:35:00,2025-03-24 00:47:48.271406616
TX008159,DEV0228,EMP0156,2024-09-05 17:08:00,2024-09-07 07:28:57.271482739
TX008160,DEV0025,EMP0171,2024-03-29 13:10:00,2024-04-08 01:57:06.922447207
TX008161,DEV0244,EMP0172,2024-12-21 16:42:00,2024-12-28 07:50:32.260766784
TX008162,DEV0102,EMP0375,2025-06-21 08:23:00,2025-06-26 22:13:01.631725878
TX008163,DEV0245,EMP0172,2026-03-20 15:52:00,2026-03-22 06:33:56.746508135
TX008164,DEV0140,EMP0307,2026-06-11 16:24:00,2026-06-12 04:00:01.969240799
TX008165,DEV0241,EMP0088,2025-08-05 13:02:00,2025-08-16 04:04:16.619214135
TX008166,DEV0073,EMP0392,2024-10-14 15:51:00,2024-10-26 14:08:22.479703405
TX008167,DEV0184,EMP0023,2025-01-06 17:54:00,2025-01-28 08:40:28.762137600
TX008168,DEV0123,EMP0252,2025-10-04 16:58:00,2025-10-12 06:01:38.596463429
TX008169,DEV0048,EMP0079,2025-03-18 17:22:00,2025-03-20 11:57:28.613910662
TX008170,DEV0047,EMP0297,2024-01-25 09:29:00,2024-01-27 04:22:30.762658329
TX008171,DEV0146,EMP0011,2024-04-02 09:07:00,2024-04-04 20:03:49.717515721
TX008172,DEV0197,EMP0257,2024-06-11 10:29:00,2024-06-19 00:03:19.977873008
TX008173,DEV0194,EMP0022,2024-07-02 17:12:00,2024-07-26 15:03:52.450102877
TX008174,DEV0073,EMP0017,2026-07-11 08:50:00,2026-07-18 22:23:06.563139950
TX008175,DEV0076,EMP0055,2024-10-27 18:09:00,2024-11-02 01:04:15.643411558
TX008176,DEV0142,EMP0015,2025-10-05 12:14:00,2025-10-14 04:58:15.398062396
TX008177,DEV0175,EMP0054,2025-08-11 18:55:00,2025-08-14 10:58:51.417038648
TX008178,DEV0242,EMP0347,2025-03-18 13:24:00,2025-03-23 10:02:33.318690717
TX008179,DEV0053,EMP0275,2025-03-04 17:41:00,2025-03-10 03:48:14.043397717
TX008180,DEV0001,EMP0069,2026-02-19 18:16:00,2026-02-24 11:22:38.020316138
TX008181,DEV0061,EMP0401,2024-10-06 13:10:00,2024-10-10 13:56:34.392877659
TX008182,DEV0023,EMP0317,2025-03-12 07:28:00,2025-03-18 19:42:03.638717140
TX008183,DEV0063,EMP0397,2024-12-21 11:38:00,2025-01-04 16:11:45.977990734
TX008184,DEV0166,EMP0118,2025-09-12 14:13:00,2025-09-16 18:10:59.232776086
TX008185,DEV0106,EMP0301,2026-05-16 08:01:00,2026-05-18 03:49:09.788479347
TX008186,DEV0104,EMP0344,2024-04-05 13:49:00,2024-04-23 01:47:52.109867046
TX008187,DEV0026,EMP0242,2025-03-26 14:20:00,2025-04-03 08:16:12.774566380
TX008188,DEV0203,EMP0375,2026-04-09 09:03:00,2026-04-22 00:10:20.041279840
TX008189,DEV0073,EMP0092,2024-08-04 08:35:00,2024-08-07 13:22:09.837314935
TX008190,DEV0001,EMP0306,2024-11-15 07:36:00,2024-11-22 22:19:14.182197734
TX008191,DEV0058,EMP0259,2026-05-25 18:17:00,2026-05-28 01:34:06.019630289
TX008192,DEV0225,EMP0386,2024-03-15 08:07:00,2024-03-30 21:44:53.692420890
TX008193,DEV0121,EMP0025,2024-01-08 08:10:00,2024-01-12 19:41:00.609685867
TX008194,DEV0226,EMP0355,2024-09-15 17:32:00,2024-09-20 12:08:10.842196842
TX008195,DEV0133,EMP0091,2025-03-12 14:11:00,2025-03-15 04:49:12.141026470
TX008196,DEV0005,EMP0323,2024-09-01 16:28:00,2024-09-09 18:16:58.791425591
TX008197,DEV0115,EMP0409,2024-12-22 14:02:00,2025-01-08 03:17:26.159230371
TX008198,DEV0251,EMP0078,2026-08-19 10:34:00,2026-08-28 15:48:34.275221585
TX008199,DEV0017,EMP0311,2024-12-01 15:11:00,2024-12-04 00:14:19.625112721
TX008200,DEV0145,EMP0158,2026-06-25 07:44:00,2026-07-02 03:55:13.207846875
TX008201,DEV0004,EMP0024,2024-07-10 14:47:00,2024-07-20 05:10:52.375045574
TX008202,DEV0009,EMP0382,2024-11-18 11:30:00,2024-11-27 15:20:43.125232881
TX008203,DEV0154,EMP0373,2025-04-25 07:52:00,2025-05-09 21:13:18.480350305
TX008204,DEV0024,EMP0063,2025-08-22 18:13:00,2025-09-06 00:42:10.634646889
TX008205,DEV0085,EMP0282,2026-04-06 12:30:00,2026-04-21 00:08:52.581975071
TX008206,DEV0202,EMP0119,2025-08-05 08:49:00,2025-08-07 15:47:37.478635567
TX008207,DEV0168,EMP0138,2025-08-22 10:25:00,2025-08-24 18:25:54.016350749
TX008208,DEV0001,EMP0331,2026-07-13 15:10:00,2026-07-21 17:52:32.201289974
TX008209,DEV0161,EMP0213,2024-09-03 14:27:00,2024-09-06 17:19:58.418723597
TX008210,DEV0214,EMP0348,2024-09-20 09:44:00,2024-10-01 13:48:17.632314877
TX008211,DEV0254,EMP0084,2024-08-29 09:12:00,2024-09-28 17:21:41.336664659
TX008212,DEV0033,EMP0203,2024-04-11 12:54:00,2024-04-18 23:32:11.970418846
TX008213,DEV0201,EMP0396,2025-03-25 08:14:00,2025-04-02 15:22:41.114354327
TX008214,DEV0133,EMP0055,2024-01-26 15:36:00,2024-01-29 02:43:55.473194510
TX008215,DEV0143,EMP0124,2024-12-16 13:05:00,2024-12-25 14:32:59.358138577
TX008216,DEV0039,EMP0419,2026-03-19 17:02:00,2026-03-29 12:08:01.946184676
TX008217,DEV0071,EMP0260,2025-01-06 10:20:00,2025-01-24 23:44:43.614792324
TX008218,DEV0244,EMP0090,2024-06-20 14:45:00,2024-06-21 10:23:59.132843042
TX008219,DEV0195,EMP0346,2025-12-16 07:49:00,2025-12-18 08:50:28.229685612
TX008220,DEV0087,EMP0120,2025-09-21 18:28:00,2025-09-24 07:21:16.259823092
TX008221,DEV0162,EMP0321,2026-08-03 18:16:00,2026-08-06 11:46:13.419858669
TX008222,DEV0212,EMP0266,2026-06-17 09:25:00,2026-06-21 02:39:44.951429359
TX008223,DEV0227,EMP0073,2025-10-29 18:42:00,2025-11-01 07:53:02.548037683
TX008224,DEV0164,EMP0332,2025-06-15 08:58:00,2025-06-20 21:44:52.992222252
TX008225,DEV0047,EMP0217,2025-12-26 18:55:00,2026-01-02 11:48:26.938631763
TX008226,DEV0125,EMP0255,2024-03-14 07:44:00,2024-03-19 06:59:17.496552569
TX008227,DEV0036,EMP0050,2024-04-10 08:20:00,2024-04-15 19:43:31.137424497
TX008228,DEV0062,EMP0208,2024-12-05 09:28:00,2024-12-18 06:24:30.943026435
TX008229,DEV0101,EMP0393,2024-06-27 09:30:00,2024-06-29 17:43:52.989328233
TX008230,DEV0214,EMP0220,2025-10-04 11:27:00,2025-10-18 13:08:30.694606037
TX008231,DEV0225,EMP0365,2024-03-29 18:12:00,2024-04-17 22:39:20.425284688
TX008232,DEV0238,EMP0297,2024-10-05 07:09:00,2024-10-06 16:01:15.896701701
TX008233,DEV0118,EMP0003,2024-09-06 10:40:00,2024-09-08 12:40:13.883848496
TX008234,DEV0179,EMP0089,2024-09-20 14:51:00,2024-09-22 02:11:16.635163651
TX008235,DEV0171,EMP0169,2025-07-30 18:26:00,2025-08-12 09:19:33.946193577
TX008236,DEV0081,EMP0395,2025-05-02 07:35:00,2025-05-05 23:53:35.027476005
TX008237,DEV0132,EMP0252,2024-03-25 15:21:00,2024-03-30 02:35:23.710453605
TX008238,DEV0095,EMP0326,2025-07-28 10:57:00,2025-08-07 03:39:38.111032838
TX008239,DEV0073,EMP0265,2026-05-13 08:00:00,2026-05-24 18:28:04.992162417
TX008240,DEV0115,EMP0346,2026-06-01 07:35:00,2026-06-08 00:45:04.435239935
TX008241,DEV0003,EMP0333,2024-11-22 15:31:00,2024-11-26 18:04:02.605375354
TX008242,DEV0037,EMP0023,2026-08-29 09:41:00,2026-08-31 05:35:31.158129532
TX008243,DEV0193,EMP0218,2026-04-06 14:45:00,2026-04-09 16:56:55.982439271
TX008244,DEV0232,EMP0055,2025-09-12 13:50:00,2025-09-25 00:16:54.669813765
TX008245,DEV0053,EMP0019,2026-04-09 14:26:00,2026-04-13 14:26:36.549658328
TX008246,DEV0046,EMP0265,2026-01-01 12:23:00,2026-01-13 15:38:26.617108307
TX008247,DEV0042,EMP0278,2024-06-24 13:45:00,2024-07-03 21:33:35.591931172
TX008248,DEV0063,EMP0239,2026-06-06 11:46:00,2026-06-09 06:09:11.695278934
TX008249,DEV0119,EMP0305,2024-12-23 08:29:00,2024-12-30 22:40:09.284885856
TX008250,DEV0190,EMP0289,2024-05-27 07:08:00,2024-05-31 05:44:46.983821047
TX008251,DEV0159,EMP0067,2024-09-23 18:38:00,2024-09-25 02:54:38.081339665
TX008252,DEV0159,EMP0055,2025-08-23 08:49:00,2025-08-29 07:37:37.978682204
TX008253,DEV0109,EMP0248,2026-08-06 07:55:00,2026-08-10 16:47:02.842091814
TX008254,DEV0094,EMP0238,2025-10-05 08:25:00,2025-10-15 12:44:57.975642602
TX008255,DEV0155,EMP0271,2025-10-27 07:49:00,2025-11-19 19:41:59.222812527
TX008256,DEV0093,EMP0164,2025-06-21 15:14:00,2025-06-27 02:16:27.939104226
TX008257,DEV0163,EMP0303,2025-11-10 11:23:00,2025-11-17 07:03:51.201732358
TX008258,DEV0237,EMP0396,2025-06-08 07:26:00,2025-06-11 21:07:29.203276784
TX008259,DEV0104,EMP0216,2024-09-17 16:21:00,2024-09-21 08:46:56.501313104
TX008260,DEV0117,EMP0173,2025-10-11 16:39:00,2025-10-19 16:01:38.709566114
TX008261,DEV0011,EMP0385,2026-03-01 16:59:00,2026-03-10 10:58:23.216473363
TX008262,DEV0135,EMP0163,2026-05-02 15:48:00,2026-05-09 09:39:13.859342514
TX008263,DEV0231,EMP0057,2024-04-05 08:38:00,2024-04-16 14:05:05.950515362
TX008264,DEV0215,EMP0224,2025-02-13 17:29:00,2025-02-20 12:10:14.963899594
TX008265,DEV0071,EMP0145,2024-10-19 14:12:00,2024-10-26 02:48:46.145217143
TX008266,DEV0211,EMP0082,2025-07-14 08:51:00,2025-07-18 11:05:40.506588030
TX008267,DEV0255,EMP0346,2024-12-14 07:14:00,2024-12-21 15:32:59.052603864
TX008268,DEV0241,EMP0091,2025-07-30 16:35:00,2025-08-07 18:34:56.575304687
TX008269,DEV0190,EMP0169,2025-12-20 15:31:00,2025-12-21 03:36:25.293922483
TX008270,DEV0213,EMP0379,2024-03-04 18:54:00,2024-03-10 13:24:31.493848844
TX008271,DEV0137,EMP0153,2024-08-02 16:29:00,2024-08-07 10:09:36.863842362
TX008272,DEV0223,EMP0080,2026-04-08 08:29:00,2026-04-13 04:21:52.143007554
TX008273,DEV0202,EMP0122,2026-02-25 09:42:00,2026-03-06 13:53:27.095153839
TX008274,DEV0215,EMP0292,2024-06-21 11:04:00,2024-07-10 20:08:00.532302108
TX008275,DEV0136,EMP0174,2024-02-10 10:08:00,2024-02-15 00:12:25.553250333
TX008276,DEV0211,EMP0205,2024-01-23 12:00:00,2024-01-27 22:17:47.843027898
TX008277,DEV0082,EMP0232,2025-06-26 07:02:00,2025-07-03 00:57:11.398978869
TX008278,DEV0226,EMP0023,2025-09-16 13:53:00,2025-09-22 03:54:01.771280931
TX008279,DEV0033,EMP0300,2024-04-10 18:01:00,2024-04-20 00:31:30.568845378
TX008280,DEV0101,EMP0096,2025-05-29 11:28:00,2025-06-01 19:39:02.804000415
TX008281,DEV0223,EMP0400,2025-12-31 18:55:00,2026-01-26 10:24:33.073921503
TX008282,DEV0243,EMP0287,2024-10-07 07:48:00,2024-10-13 07:40:50.815793538
TX008283,DEV0112,EMP0043,2026-05-04 07:56:00,2026-05-09 07:09:36.022425798
TX008284,DEV0092,EMP0415,2025-10-15 11:04:00,2025-10-20 04:20:54.997524262
TX008285,DEV0015,EMP0104,2024-02-21 18:53:00,2024-08-11 12:11:06.619815438
TX008286,DEV0053,EMP0049,2025-01-08 12:38:00,2025-01-15 11:05:26.641651761
TX008287,DEV0133,EMP0061,2024-12-21 10:15:00,2024-12-24 14:47:40.165521117
TX008288,DEV0191,EMP0286,2024-12-09 18:13:00,2024-12-24 04:48:53.801680159
TX008289,DEV0162,EMP0281,2025-10-02 10:17:00,2025-10-21 06:41:17.161558325
TX008290,DEV0173,EMP0053,2024-05-30 15:59:00,2024-06-05 05:17:01.644967205
TX008291,DEV0161,EMP0143,2026-06-20 12:50:00,2026-06-25 06:21:20.707394293
TX008292,DEV0095,EMP0070,2026-06-04 07:48:00,2026-06-07 17:05:38.171173509
TX008293,DEV0056,EMP0293,2025-07-27 17:38:00,2025-07-31 08:38:42.663460291
TX008294,DEV0235,EMP0386,2026-04-14 09:06:00,2026-04-24 16:39:38.576446649
TX008295,DEV0212,EMP0182,2024-02-19 12:23:00,2024-03-10 02:21:58.298817928
TX008296,DEV0253,EMP0176,2025-05-15 14:27:00,2025-05-19 15:53:32.282075245
TX008297,DEV0113,EMP0128,2025-05-01 09:18:00,2025-05-09 04:49:01.478733405
TX008298,DEV0163,EMP0352,2026-02-12 18:13:00,2026-02-21 02:10:58.433181046
TX008299,DEV0229,EMP0077,2026-02-07 08:22:00,2026-02-09 07:51:04.169518808
TX008300,DEV0174,EMP0368,2026-05-29 07:13:00,2026-06-04 20:53:54.705301956
TX008301,DEV0003,EMP0288,2024-02-01 14:37:00,2024-02-16 12:40:32.764801055
TX008302,DEV0131,EMP0261,2024-09-13 10:02:00,2024-09-28 07:48:51.202673988
TX008303,DEV0094,EMP0142,2024-09-25 11:40:00,2024-10-20 02:22:29.521181992
TX008304,DEV0021,EMP0358,2025-07-10 18:32:00,2025-07-13 18:07:36.059904695
TX008305,DEV0141,EMP0053,2024-06-30 08:55:00,2024-07-04 06:04:24.699229637
TX008306,DEV0073,EMP0359,2025-10-29 11:01:00,2025-11-02 08:35:54.873120393
TX008307,DEV0101,EMP0323,2024-08-12 16:19:00,2024-11-05 17:18:54.654588770
TX008308,DEV0027,EMP0370,2024-02-27 18:19:00,2024-03-02 02:29:00.982804022
TX008309,DEV0124,EMP0011,2024-09-01 08:01:00,2024-09-08 20:05:45.096813737
TX008310,DEV0104,EMP0115,2025-07-12 14:42:00,2025-07-15 05:44:19.932055962
TX008311,DEV0073,EMP0119,2024-11-20 12:11:00,2024-11-26 22:46:50.808761000
TX008312,DEV0092,EMP0140,2025-02-03 07:41:00,2025-02-10 08:20:16.194222897
TX008313,DEV0192,EMP0241,2025-09-01 18:41:00,2025-09-10 03:34:21.057553565
TX008314,DEV0142,EMP0217,2026-05-24 17:54:00,2026-05-27 04:59:04.116288319
TX008315,DEV0053,EMP0124,2025-01-21 16:24:00,2025-01-24 22:24:10.496088794
TX008316,DEV0181,EMP0303,2025-07-26 09:34:00,2025-08-03 14:09:57.259499303
TX008317,DEV0060,EMP0261,2025-09-27 12:51:00,2025-09-29 10:48:59.734117473
TX008318,DEV0098,EMP0016,2024-06-17 08:17:00,2024-06-24 01:26:07.345607826
TX008319,DEV0051,EMP0218,2026-04-01 13:24:00,2026-04-06 04:26:50.575381548
TX008320,DEV0117,EMP0177,2026-01-23 12:50:00,2026-01-27 19:12:22.439481852
TX008321,DEV0233,EMP0012,2025-12-16 15:17:00,2025-12-26 07:13:08.374030790
TX008322,DEV0122,EMP0293,2024-01-18 07:43:00,2024-02-01 21:41:47.635670591
TX008323,DEV0197,EMP0250,2025-06-19 16:10:00,2025-06-22 23:15:53.910657314
TX008324,DEV0157,EMP0106,2025-06-22 11:32:00,2025-07-02 00:47:17.312233899
TX008325,DEV0206,EMP0107,2026-04-06 16:01:00,2026-04-08 01:37:45.237098502
TX008326,DEV0121,EMP0261,2026-03-03 10:18:00,2026-03-13 15:15:48.314307569
TX008327,DEV0119,EMP0047,2025-09-02 09:30:00,2025-09-07 02:45:57.753648234
TX008328,DEV0091,EMP0242,2026-08-03 16:24:00,2026-08-22 06:48:20.731787178
TX008329,DEV0043,EMP0005,2025-11-30 12:17:00,2025-12-04 16:13:20.484308523
TX008330,DEV0149,EMP0261,2025-12-23 12:59:00,2025-12-27 07:48:18.936628890
TX008331,DEV0221,EMP0161,2025-02-23 13:39:00,2025-03-17 19:27:47.597593667
TX008332,DEV0114,EMP0226,2024-12-03 08:28:00,2024-12-24 22:23:30.254401730
TX008333,DEV0176,EMP0392,2026-08-26 17:09:00,2026-08-30 03:07:07.732677121
TX008334,DEV0223,EMP0146,2025-10-23 16:00:00,2025-11-04 20:24:40.382232235
TX008335,DEV0180,EMP0031,2025-10-01 15:22:00,2025-10-05 01:47:39.224268908
TX008336,DEV0031,EMP0012,2024-05-11 16:27:00,2024-05-16 23:42:36.804807430
TX008337,DEV0063,EMP0213,2024-12-04 08:56:00,2024-12-09 09:27:00.258065514
TX008338,DEV0243,EMP0420,2025-02-20 14:49:00,2025-02-27 21:31:45.583559078
TX008339,DEV0182,EMP0026,2026-04-03 10:14:00,2026-04-04 20:18:40.725138881
TX008340,DEV0222,EMP0060,2025-01-31 13:45:00,2025-02-12 17:51:12.923049112
TX008341,DEV0242,EMP0198,2026-04-23 14:59:00,2026-04-27 22:20:32.898891812
TX008342,DEV0165,EMP0244,2025-04-20 07:22:00,2025-04-27 17:45:32.646924749
TX008343,DEV0195,EMP0041,2026-03-19 07:29:00,2026-03-21 03:38:30.039944369
TX008344,DEV0023,EMP0103,2026-03-08 09:07:00,2026-03-17 15:26:25.166883857
TX008345,DEV0182,EMP0289,2026-01-16 16:40:00,2026-01-25 12:55:17.717967203
TX008346,DEV0141,EMP0347,2024-03-16 14:54:00,2024-03-26 17:00:51.494383633
TX008347,DEV0082,EMP0330,2024-06-11 13:59:00,2024-06-20 09:39:41.345697217
TX008348,DEV0063,EMP0346,2024-09-27 15:32:00,2024-09-29 12:30:15.600213296
TX008349,DEV0123,EMP0396,2024-11-30 12:38:00,2024-12-14 05:01:57.220489747
TX008350,DEV0249,EMP0332,2025-01-20 17:06:00,2025-01-21 23:27:07.977616335
TX008351,DEV0243,EMP0172,2025-05-18 11:22:00,2025-05-23 00:30:27.955503422
TX008352,DEV0163,EMP0072,2024-07-09 14:26:00,2024-07-12 04:19:14.116411751
TX008353,DEV0231,EMP0394,2026-02-26 09:43:00,2026-02-28 13:16:02.806714306
TX008354,DEV0011,EMP0402,2025-01-27 10:18:00,2025-01-31 10:58:46.954404300
TX008355,DEV0003,EMP0131,2025-05-20 16:01:00,2025-05-25 20:13:15.818591619
TX008356,DEV0013,EMP0316,2024-04-12 15:18:00,2024-04-29 03:44:47.912530755
TX008357,DEV0006,EMP0085,2024-07-31 07:55:00,2024-08-22 14:45:57.118413178
TX008358,DEV0040,EMP0354,2025-09-15 15:52:00,2025-09-16 04:54:38.633113641
TX008359,DEV0193,EMP0127,2026-04-23 15:22:00,2026-05-03 14:02:14.069964139
TX008360,DEV0062,EMP0294,2024-06-26 17:22:00,2024-06-28 21:51:44.188807123
TX008361,DEV0111,EMP0362,2025-10-02 07:32:00,2025-10-10 13:03:18.455489480
TX008362,DEV0234,EMP0273,2026-05-12 16:21:00,2026-06-01 05:03:54.775231378
TX008363,DEV0193,EMP0222,2026-07-26 18:13:00,2026-07-30 21:02:44.334210232
TX008364,DEV0051,EMP0096,2024-12-29 18:50:00,2025-01-01 16:09:39.520507892
TX008365,DEV0143,EMP0101,2026-04-03 11:53:00,2026-04-23 08:05:16.322428814
TX008366,DEV0243,EMP0019,2025-12-09 17:25:00,2025-12-25 17:45:46.684324695
TX008367,DEV0065,EMP0286,2024-06-25 15:27:00,2024-08-11 12:53:40.777082835
TX008368,DEV0068,EMP0311,2024-08-17 11:36:00,2024-08-20 14:53:41.525988347
TX008369,DEV0097,EMP0303,2025-01-20 13:48:00,2025-01-26 07:24:50.298108896
TX008370,DEV0123,EMP0101,2025-06-02 17:57:00,2025-06-09 04:39:32.856607852
TX008371,DEV0097,EMP0248,2024-06-06 11:14:00,2024-06-09 12:48:32.495529537
TX008372,DEV0195,EMP0296,2026-02-12 18:44:00,2026-02-23 01:03:43.276433524
TX008373,DEV0012,EMP0107,2024-10-04 14:25:00,2024-10-14 02:27:01.521405629
TX008374,DEV0248,EMP0140,2024-12-11 16:09:00,2024-12-16 09:01:16.262530767
TX008375,DEV0121,EMP0389,2024-08-25 13:13:00,2024-08-29 11:37:13.642603481
TX008376,DEV0203,EMP0412,2025-06-20 15:42:00,2025-06-22 11:39:37.573932336
TX008377,DEV0092,EMP0011,2025-05-07 12:44:00,2025-05-12 07:37:33.674585304
TX008378,DEV0075,EMP0116,2026-06-01 17:12:00,2026-06-26 07:26:33.082764407
TX008379,DEV0193,EMP0300,2024-05-21 07:39:00,2024-05-23 20:16:45.523472031
TX008380,DEV0079,EMP0315,2026-02-01 13:34:00,2026-02-02 11:56:28.433327459
TX008381,DEV0257,EMP0012,2025-10-18 10:29:00,2025-10-30 00:10:05.698357759
TX008382,DEV0055,EMP0241,2024-12-02 10:03:00,2024-12-12 01:15:34.784446387
TX008383,DEV0211,EMP0374,2026-01-20 08:58:00,2026-02-07 09:48:08.040180580
TX008384,DEV0201,EMP0341,2025-01-31 11:26:00,2025-02-01 23:43:21.952163336
TX008385,DEV0183,EMP0009,2026-08-03 17:43:00,2026-08-10 00:01:22.137082340
TX008386,DEV0103,EMP0027,2026-02-03 11:34:00,2026-02-18 17:58:51.450238374
TX008387,DEV0195,EMP0288,2024-07-31 10:05:00,2024-08-11 23:30:38.806255667
TX008388,DEV0243,EMP0276,2024-01-13 16:59:00,2024-01-21 05:14:51.384905360
TX008389,DEV0254,EMP0203,2025-04-03 17:57:00,2025-04-16 17:26:06.664096027
TX008390,DEV0025,EMP0107,2025-11-19 17:19:00,2025-11-26 19:56:17.077928323
TX008391,DEV0095,EMP0046,2026-06-04 14:56:00,2026-06-10 22:17:49.856653594
TX008392,DEV0204,EMP0236,2026-03-28 14:42:00,2026-04-02 04:20:27.721600742
TX008393,DEV0231,EMP0342,2024-05-15 15:15:00,2024-05-20 10:21:05.153776776
TX008394,DEV0072,EMP0191,2025-05-06 17:36:00,2025-05-14 13:36:20.938660452
TX008395,DEV0232,EMP0193,2025-06-18 13:49:00,2025-06-29 11:16:04.083573867
TX008396,DEV0051,EMP0285,2025-07-01 14:45:00,2025-07-02 19:44:14.850187382
TX008397,DEV0076,EMP0393,2024-06-11 16:47:00,2024-07-05 04:29:44.272867901
TX008398,DEV0113,EMP0194,2025-03-15 16:45:00,2025-03-25 05:06:19.198967488
TX008399,DEV0043,EMP0410,2024-01-25 13:46:00,2024-02-18 19:56:50.386125492
TX008400,DEV0230,EMP0397,2024-12-14 12:39:00,2024-12-17 07:42:39.896659026
TX008401,DEV0154,EMP0085,2025-06-10 09:02:00,2025-06-23 11:25:48.244033318
TX008402,DEV0159,EMP0220,2025-12-24 16:00:00,2025-12-25 15:23:48.401967702
TX008403,DEV0163,EMP0158,2025-02-04 08:35:00,2025-02-16 08:03:47.524895717
TX008404,DEV0021,EMP0337,2024-06-14 09:46:00,2024-06-20 19:51:55.902318727
TX008405,DEV0093,EMP0010,2026-01-20 07:07:00,2026-01-28 13:31:09.967134038
TX008406,DEV0076,EMP0241,2024-11-10 09:51:00,2024-12-12 07:53:37.302789091
TX008407,DEV0197,EMP0183,2024-09-08 09:13:00,2024-09-11 06:39:18.357507512
TX008408,DEV0003,EMP0189,2024-08-07 15:49:00,2024-08-10 13:29:29.135284065
TX008409,DEV0246,EMP0340,2024-07-21 14:18:00,2024-07-24 23:35:46.018940582
TX008410,DEV0089,EMP0234,2025-12-21 11:18:00,2025-12-23 03:53:40.642722307
TX008411,DEV0234,EMP0353,2026-02-22 07:52:00,2026-03-29 19:51:51.598378761
TX008412,DEV0203,EMP0207,2025-05-18 09:16:00,2025-05-28 16:00:47.727135609
TX008413,DEV0093,EMP0294,2025-10-24 18:37:00,2025-10-31 12:13:09.016465844
TX008414,DEV0043,EMP0301,2025-08-24 09:54:00,2025-08-31 03:15:02.837899638
TX008415,DEV0122,EMP0282,2024-01-21 10:01:00,2024-01-28 00:05:27.678508115
TX008416,DEV0011,EMP0353,2024-08-25 07:03:00,2024-08-30 08:31:18.257936840
TX008417,DEV0092,EMP0295,2024-01-01 07:49:00,2024-01-04 02:15:01.946563635
TX008418,DEV0143,EMP0106,2025-07-27 10:25:00,2025-08-06 10:44:05.083578277
TX008419,DEV0091,EMP0419,2025-03-26 17:08:00,2025-04-05 16:51:10.438673980
TX008420,DEV0175,EMP0027,2026-03-13 17:28:00,2026-03-17 18:40:33.686313956
TX008421,DEV0166,EMP0171,2024-05-08 11:44:00,2024-05-12 16:49:23.076825664
TX008422,DEV0186,EMP0394,2026-08-28 07:22:00,2026-08-30 08:03:32.765718089
TX008423,DEV0165,EMP0200,2026-05-06 18:33:00,2026-05-23 07:39:02.417457204
TX008424,DEV0057,EMP0002,2024-06-07 15:39:00,2024-06-10 02:02:54.440344171
TX008425,DEV0028,EMP0311,2026-01-14 10:13:00,2026-01-17 01:34:34.679277516
TX008426,DEV0067,EMP0415,2025-09-08 15:59:00,2025-09-09 22:10:34.342980024
TX008427,DEV0138,EMP0370,2024-11-09 16:30:00,2024-11-11 06:09:32.751400168
TX008428,DEV0181,EMP0202,2024-07-31 09:25:00,2024-08-03 01:43:46.946321251
TX008429,DEV0015,EMP0062,2025-09-28 12:26:00,2025-10-06 03:35:00.893764237
TX008430,DEV0045,EMP0309,2024-02-03 08:23:00,2024-02-29 18:46:41.026366558
TX008431,DEV0071,EMP0150,2024-04-06 16:54:00,2024-04-20 08:56:23.606123475
TX008432,DEV0203,EMP0217,2024-08-02 10:36:00,2024-08-14 14:25:41.268491939
TX008433,DEV0213,EMP0193,2025-09-20 17:58:00,2025-10-06 23:12:24.128886526
TX008434,DEV0027,EMP0164,2024-06-17 18:07:00,2024-06-22 03:56:20.182494351
TX008435,DEV0181,EMP0072,2025-04-18 07:55:00,2025-04-28 12:43:14.780471921
TX008436,DEV0218,EMP0076,2024-12-19 14:04:00,2024-12-21 20:02:20.703496642
TX008437,DEV0101,EMP0237,2024-05-03 08:22:00,2024-05-06 14:02:26.175724547
TX008438,DEV0243,EMP0309,2024-02-13 14:09:00,2024-02-15 06:29:38.838801528
TX008439,DEV0065,EMP0262,2025-08-20 17:57:00,2025-08-30 08:52:33.079977233
TX008440,DEV0132,EMP0242,2025-04-25 07:29:00,2025-05-08 11:34:40.823524183
TX008441,DEV0047,EMP0118,2025-03-05 11:38:00,2025-03-07 11:52:56.992364914
TX008442,DEV0161,EMP0103,2025-06-21 17:34:00,2025-06-30 07:36:38.652216049
TX008443,DEV0207,EMP0111,2025-12-27 18:11:00,2026-01-08 22:45:46.746365547
TX008444,DEV0260,EMP0296,2025-05-26 14:13:00,2025-05-27 07:56:45.813133782
TX008445,DEV0215,EMP0272,2024-12-07 16:20:00,2024-12-20 10:04:46.392744411
TX008446,DEV0197,EMP0083,2026-05-13 18:32:00,2026-05-25 10:14:40.893784339
TX008447,DEV0036,EMP0152,2025-03-30 14:30:00,2025-04-03 21:27:51.800819676
TX008448,DEV0197,EMP0175,2026-02-02 16:32:00,2026-02-14 19:02:02.833737037
TX008449,DEV0204,EMP0171,2025-12-10 13:51:00,2025-12-13 21:38:33.841174497
TX008450,DEV0027,EMP0299,2024-05-31 10:24:00,2024-06-11 13:57:26.175864714
TX008451,DEV0055,EMP0225,2026-04-05 16:15:00,2026-05-03 09:46:38.047977526
TX008452,DEV0123,EMP0204,2025-09-29 09:52:00,2025-10-07 02:19:11.610403234
TX008453,DEV0063,EMP0022,2025-03-07 07:39:00,2025-03-09 15:29:44.947141685
TX008454,DEV0100,EMP0019,2026-02-01 12:15:00,2026-02-03 13:53:26.136210315
TX008455,DEV0002,EMP0271,2024-07-30 07:05:00,2024-08-01 00:52:31.168316498
TX008456,DEV0134,EMP0077,2026-02-01 17:18:00,2026-02-04 19:06:53.636935109
TX008457,DEV0032,EMP0191,2026-03-29 07:16:00,2026-04-01 09:04:27.448633890
TX008458,DEV0009,EMP0226,2025-02-13 11:41:00,2025-02-15 16:44:57.383123764
TX008459,DEV0005,EMP0114,2025-03-20 08:29:00,2025-03-25 20:51:09.582669032
TX008460,DEV0195,EMP0090,2026-08-11 11:14:00,2026-08-17 13:23:21.396095275
TX008461,DEV0213,EMP0397,2025-06-11 14:57:00,2025-06-20 12:02:28.195691959
TX008462,DEV0041,EMP0154,2026-02-04 18:38:00,2026-02-07 12:10:09.864629270
TX008463,DEV0191,EMP0272,2025-02-10 16:43:00,2025-03-22 16:05:06.338428491
TX008464,DEV0048,EMP0181,2025-08-09 11:57:00,2025-08-14 01:02:53.124154574
TX008465,DEV0041,EMP0174,2024-06-20 17:51:00,2024-06-26 01:26:30.627534905
TX008466,DEV0216,EMP0223,2024-07-22 08:41:00,2024-07-31 15:46:08.396608107
TX008467,DEV0202,EMP0256,2024-04-06 15:04:00,2024-04-15 01:45:35.399318961
TX008468,DEV0036,EMP0028,2024-03-17 17:09:00,2024-03-23 10:14:58.113949229
TX008469,DEV0034,EMP0085,2025-11-25 07:15:00,2025-12-14 11:05:15.676404667
TX008470,DEV0163,EMP0202,2024-01-19 16:13:00,2024-01-23 19:23:17.954658444
TX008471,DEV0227,EMP0133,2026-06-14 10:28:00,2026-06-20 10:27:01.021533004
TX008472,DEV0033,EMP0244,2024-10-17 15:19:00,2024-10-25 03:12:38.678941807
TX008473,DEV0193,EMP0392,2024-07-19 17:45:00,2024-07-28 03:12:16.722985744
TX008474,DEV0163,EMP0307,2025-08-19 07:09:00,2025-08-20 17:43:59.205335439
TX008475,DEV0173,EMP0413,2025-02-24 18:49:00,2025-03-07 20:26:31.463121791
TX008476,DEV0092,EMP0019,2024-02-27 08:06:00,2024-03-03 11:08:11.361756381
TX008477,DEV0197,EMP0127,2026-06-04 15:18:00,2026-06-05 16:57:18.740553132
TX008478,DEV0181,EMP0238,2026-08-22 07:45:00,2026-08-28 15:36:36.742007880
TX008479,DEV0142,EMP0270,2024-06-02 16:29:00,2024-06-15 23:17:48.010504489
TX008480,DEV0082,EMP0147,2024-06-18 11:11:00,2024-07-07 09:48:21.822287309
TX008481,DEV0064,EMP0408,2025-05-30 07:56:00,2025-06-08 09:19:23.178653791
TX008482,DEV0045,EMP0417,2024-08-26 13:41:00,2024-09-03 12:40:17.517367894
TX008483,DEV0080,EMP0325,2025-06-19 14:13:00,2025-06-21 18:23:41.917655428
TX008484,DEV0216,EMP0171,2026-03-14 18:29:00,2026-03-28 11:20:18.208234884
TX008485,DEV0006,EMP0339,2025-11-27 17:32:00,2025-12-01 07:36:13.089436129
TX008486,DEV0006,EMP0271,2024-05-03 17:28:00,2024-05-10 05:32:02.847333352
TX008487,DEV0145,EMP0339,2026-02-24 17:04:00,2026-03-04 07:20:59.996060687
TX008488,DEV0012,EMP0189,2024-08-25 18:48:00,2024-09-01 10:58:48.664794452
TX008489,DEV0004,EMP0349,2025-08-09 09:53:00,2025-08-11 11:02:58.228360093
TX008490,DEV0221,EMP0420,2026-06-29 07:48:00,2026-07-04 03:33:15.753272491
TX008491,DEV0195,EMP0200,2024-06-27 08:42:00,2024-07-05 05:02:08.473871469
TX008492,DEV0191,EMP0182,2026-05-28 08:11:00,2026-06-10 09:17:04.433581820
TX008493,DEV0242,EMP0149,2024-02-19 11:12:00,2024-03-04 20:23:01.252824518
TX008494,DEV0103,EMP0352,2024-08-24 09:43:00,2024-08-25 22:42:35.142868037
TX008495,DEV0185,EMP0142,2024-04-10 13:47:00,2024-05-13 19:31:47.155883847
TX008496,DEV0193,EMP0101,2024-06-18 11:51:00,2024-06-27 15:00:07.418089230
TX008497,DEV0085,EMP0206,2024-10-28 12:03:00,2024-11-19 03:16:08.506246349
TX008498,DEV0063,EMP0319,2025-06-24 07:33:00,2025-06-30 18:58:30.988841708
TX008499,DEV0073,EMP0365,2026-08-16 08:14:00,2026-08-21 01:20:51.925104932
TX008500,DEV0074,EMP0301,2024-09-23 12:06:00,2024-10-11 13:17:28.616146664
TX008501,DEV0172,EMP0002,2024-04-08 10:21:00,2024-04-22 07:09:57.563848820
TX008502,DEV0021,EMP0040,2025-01-29 12:13:00,2025-02-14 04:07:21.514941506
TX008503,DEV0080,EMP0271,2025-06-14 17:52:00,2025-06-15 05:46:49.044079347
TX008504,DEV0024,EMP0081,2026-01-08 13:12:00,2026-01-09 23:20:31.622906398
TX008505,DEV0073,EMP0008,2024-01-09 10:46:00,2024-01-11 00:19:50.915993814
TX008506,DEV0048,EMP0293,2024-06-15 13:23:00,2024-06-16 23:13:42.421995071
TX008507,DEV0255,EMP0274,2024-03-24 07:44:00,2024-04-10 22:41:36.284262433
TX008508,DEV0233,EMP0351,2025-10-19 15:16:00,2025-10-27 22:01:41.002359440
TX008509,DEV0182,EMP0034,2025-01-01 16:44:00,2025-01-13 12:23:54.546713996
TX008510,DEV0127,EMP0318,2024-08-06 18:31:00,2024-08-11 04:45:14.347887098
TX008511,DEV0017,EMP0349,2025-03-19 14:35:00,2025-03-27 04:17:24.199004743
TX008512,DEV0252,EMP0291,2024-10-26 18:12:00,2024-11-12 16:28:40.668077803
TX008513,DEV0012,EMP0229,2026-06-28 16:50:00,2026-07-03 16:03:45.583151719
TX008514,DEV0107,EMP0104,2025-08-09 10:06:00,2025-08-11 22:15:37.862203239
TX008515,DEV0032,EMP0228,2025-10-13 14:53:00,2025-10-19 19:02:27.451301747
TX008516,DEV0179,EMP0319,2025-09-22 07:52:00,2025-09-22 21:58:16.622223557
TX008517,DEV0165,EMP0233,2026-05-04 10:43:00,2026-05-14 15:15:08.445414290
TX008518,DEV0236,EMP0198,2024-11-10 09:44:00,2024-11-18 08:05:10.499081060
TX008519,DEV0127,EMP0228,2024-02-03 14:55:00,2024-02-07 03:34:12.366201825
TX008520,DEV0161,EMP0373,2024-12-03 18:35:00,2024-12-05 21:43:21.552277322
TX008521,DEV0210,EMP0344,2025-06-30 18:14:00,2025-07-01 11:34:13.246286838
TX008522,DEV0211,EMP0323,2026-05-13 10:29:00,2026-05-23 21:59:19.438728094
TX008523,DEV0183,EMP0227,2025-08-20 14:09:00,2025-08-23 18:22:33.755329131
TX008524,DEV0109,EMP0262,2024-07-12 15:04:00,2024-07-14 15:27:46.301253311
TX008525,DEV0121,EMP0073,2025-08-16 10:39:00,2025-08-24 21:32:43.561150073
TX008526,DEV0142,EMP0402,2026-04-24 14:37:00,2026-04-27 22:49:50.738313583
TX008527,DEV0173,EMP0015,2026-01-17 08:38:00,2026-02-04 08:32:04.773207756
TX008528,DEV0103,EMP0250,2026-06-22 14:02:00,2026-06-26 14:52:53.340488965
TX008529,DEV0245,EMP0383,2025-07-14 11:26:00,2025-08-04 04:48:50.039094127
TX008530,DEV0080,EMP0086,2025-06-19 18:42:00,2025-06-26 03:19:47.567654093
TX008531,DEV0221,EMP0386,2026-07-23 13:33:00,2026-08-09 09:08:07.488453074
TX008532,DEV0073,EMP0115,2024-06-19 13:16:00,2024-06-30 15:03:47.279947977
TX008533,DEV0182,EMP0409,2025-12-31 11:14:00,2026-01-11 05:11:06.872883665
TX008534,DEV0129,EMP0101,2025-06-16 08:29:00,2025-06-19 05:26:15.562899979
TX008535,DEV0165,EMP0203,2024-09-19 10:58:00,2024-09-23 15:03:03.953881105
TX008536,DEV0183,EMP0362,2025-02-16 07:21:00,2025-02-18 15:00:19.408177426
TX008537,DEV0064,EMP0050,2025-06-03 16:51:00,2025-06-21 00:11:49.741666482
TX008538,DEV0165,EMP0184,2025-09-02 07:44:00,2025-09-12 17:47:06.770442962
TX008539,DEV0253,EMP0177,2024-11-28 12:37:00,2024-12-01 14:48:00.343572756
TX008540,DEV0048,EMP0408,2024-12-14 12:11:00,2024-12-17 17:52:56.366821324
TX008541,DEV0051,EMP0108,2024-07-09 13:14:00,2024-07-18 12:51:23.052902553
TX008542,DEV0083,EMP0348,2024-10-22 09:22:00,2024-11-04 08:47:44.072219089
TX008543,DEV0259,EMP0228,2025-11-06 14:52:00,2025-11-09 14:17:58.269141782
TX008544,DEV0122,EMP0224,2025-08-02 14:44:00,2025-08-11 13:28:53.547045399
TX008545,DEV0010,EMP0372,2024-04-27 14:02:00,2024-04-28 22:52:21.587258993
TX008546,DEV0153,EMP0159,2026-01-31 14:08:00,2026-02-10 09:41:45.720989373
TX008547,DEV0099,EMP0382,2026-01-04 09:40:00,2026-01-06 10:35:37.928394015
TX008548,DEV0227,EMP0378,2026-07-26 18:29:00,2026-08-04 06:18:14.455072819
TX008549,DEV0001,EMP0288,2024-10-14 12:22:00,2024-10-19 00:32:40.201681412
TX008550,DEV0173,EMP0067,2026-02-03 14:20:00,2026-02-13 00:38:07.992512374
TX008551,DEV0030,EMP0303,2025-03-05 11:10:00,2025-03-07 16:54:10.469286101
TX008552,DEV0002,EMP0213,2024-11-12 14:45:00,2024-12-01 17:07:48.112913232
TX008553,DEV0194,EMP0099,2025-03-23 14:37:00,2025-03-26 18:13:03.704215602
TX008554,DEV0002,EMP0091,2025-05-27 17:00:00,2025-06-24 10:06:46.245438840
TX008555,DEV0173,EMP0169,2026-01-04 13:58:00,2026-01-15 11:56:18.970920144
TX008556,DEV0144,EMP0199,2024-02-13 12:11:00,2024-03-15 16:59:48.129367834
TX008557,DEV0191,EMP0381,2026-02-26 11:51:00,2026-03-06 22:45:02.577925962
TX008558,DEV0028,EMP0029,2026-08-01 15:16:00,2026-08-03 20:40:45.080015878
TX008559,DEV0073,EMP0075,2024-03-25 07:29:00,2024-03-27 09:23:57.155245822
TX008560,DEV0183,EMP0383,2024-12-19 08:56:00,2024-12-27 13:35:14.231459496
TX008561,DEV0233,EMP0199,2026-05-05 17:30:00,2026-05-08 12:23:52.623135554
TX008562,DEV0195,EMP0396,2026-06-10 17:11:00,2026-07-01 05:57:31.203049369
TX008563,DEV0068,EMP0138,2025-02-10 08:10:00,2025-02-14 18:34:47.416225866
TX008564,DEV0004,EMP0297,2026-08-25 16:23:00,2026-08-28 11:59:12.542847019
TX008565,DEV0257,EMP0198,2024-06-23 16:39:00,2024-06-28 21:09:10.281981235
TX008566,DEV0052,EMP0205,2024-02-25 15:05:00,2024-03-08 10:57:27.071813541
TX008567,DEV0242,EMP0200,2026-04-29 10:46:00,2026-05-04 05:08:20.192708999
TX008568,DEV0251,EMP0148,2025-03-26 15:42:00,2025-04-09 23:36:00.038597026
TX008569,DEV0251,EMP0101,2025-11-22 17:07:00,2025-11-24 20:42:47.891079802
TX008570,DEV0255,EMP0163,2024-03-18 10:56:00,2024-03-24 14:40:41.576310889
TX008571,DEV0014,EMP0299,2026-07-16 08:36:00,2026-07-23 20:28:47.475468483
TX008572,DEV0132,EMP0114,2025-12-17 13:06:00,2025-12-23 16:29:20.554790042
TX008573,DEV0124,EMP0340,2025-08-29 12:23:00,2025-08-30 13:32:21.119318872
TX008574,DEV0184,EMP0104,2024-05-10 11:58:00,2024-05-21 00:16:28.954103939
TX008575,DEV0022,EMP0095,2025-07-26 08:17:00,2025-08-08 00:39:49.010347508
TX008576,DEV0160,EMP0218,2025-01-01 07:54:00,2025-01-03 18:47:45.459735931
TX008577,DEV0171,EMP0246,2024-03-30 17:01:00,2024-04-07 22:30:01.042586679
TX008578,DEV0202,EMP0137,2025-05-24 11:15:00,2025-05-30 11:29:02.225688961
TX008579,DEV0054,EMP0051,2025-09-07 13:51:00,2025-09-11 05:35:27.725141068
TX008580,DEV0012,EMP0164,2025-12-08 11:22:00,2025-12-12 07:01:54.261583892
TX008581,DEV0042,EMP0106,2024-02-06 18:46:00,2024-02-07 19:36:48.214349430
TX008582,DEV0196,EMP0266,2025-01-27 14:16:00,2025-02-09 14:35:06.106011487
TX008583,DEV0002,EMP0117,2025-09-05 14:16:00,2025-09-17 11:49:01.667941655
TX008584,DEV0183,EMP0017,2026-01-01 09:37:00,2026-01-16 22:35:10.990936804
TX008585,DEV0134,EMP0031,2026-04-14 14:26:00,2026-04-20 05:29:25.457125766
TX008586,DEV0120,EMP0418,2024-11-23 12:02:00,2024-11-26 23:23:44.280840828
TX008587,DEV0146,EMP0042,2024-10-28 15:02:00,2024-10-31 02:33:46.955013122
TX008588,DEV0247,EMP0017,2025-10-25 13:57:00,2025-10-30 23:24:39.856900129
TX008589,DEV0134,EMP0157,2026-05-24 09:31:00,2026-06-04 06:57:34.827642766
TX008590,DEV0021,EMP0158,2025-07-27 17:08:00,2025-08-07 20:17:44.476242047
TX008591,DEV0104,EMP0005,2025-01-20 16:25:00,2025-01-24 04:26:37.091543450
TX008592,DEV0070,EMP0010,2025-01-12 17:54:00,2025-01-14 05:37:43.026976169
TX008593,DEV0150,EMP0066,2026-02-16 18:21:00,2026-02-18 14:22:47.156579617
TX008594,DEV0213,EMP0040,2025-07-04 15:31:00,2025-07-08 16:58:48.719140877
TX008595,DEV0180,EMP0159,2025-07-18 15:32:00,2025-07-19 11:22:23.154156259
TX008596,DEV0001,EMP0043,2026-05-14 18:15:00,2026-05-31 19:31:54.219741376
TX008597,DEV0022,EMP0140,2024-06-28 10:41:00,2024-07-09 06:23:53.979489974
TX008598,DEV0001,EMP0021,2026-06-10 12:51:00,2026-06-11 17:31:45.968856973
TX008599,DEV0182,EMP0124,2024-04-27 14:40:00,2024-05-03 19:26:46.227319203
TX008600,DEV0034,EMP0002,2024-09-27 13:41:00,2024-10-14 17:39:51.536152639
TX008601,DEV0163,EMP0298,2024-02-11 11:36:00,2024-02-19 00:59:04.089880073
TX008602,DEV0234,EMP0345,2026-07-23 18:01:00,2026-07-30 12:36:19.033859980
TX008603,DEV0142,EMP0309,2024-08-03 12:20:00,2024-08-13 13:56:25.209922160
TX008604,DEV0213,EMP0335,2024-08-22 11:56:00,2024-09-06 11:37:49.671059708
TX008605,DEV0002,EMP0262,2026-07-24 13:08:00,2026-07-27 15:53:03.049878458
TX008606,DEV0170,EMP0109,2024-01-17 13:44:00,2024-01-17 17:07:01.555212325
TX008607,DEV0001,EMP0129,2024-06-10 18:04:00,2024-06-16 21:01:09.032052649
TX008608,DEV0162,EMP0221,2025-06-13 10:50:00,2025-07-15 17:08:04.839365905
TX008609,DEV0155,EMP0058,2024-05-02 15:11:00,2024-05-15 17:30:11.469441289
TX008610,DEV0202,EMP0417,2024-11-05 10:55:00,2024-11-12 19:14:48.908681107
TX008611,DEV0043,EMP0249,2026-04-03 12:09:00,2026-04-24 05:22:05.192707428
TX008612,DEV0010,EMP0122,2024-08-21 16:15:00,2024-08-22 16:52:37.578659937
TX008613,DEV0147,EMP0410,2025-12-07 17:48:00,2025-12-09 22:41:23.568317078
TX008614,DEV0044,EMP0214,2025-12-02 17:12:00,2025-12-18 17:34:40.989046250
TX008615,DEV0102,EMP0046,2025-04-02 07:15:00,2025-04-11 18:40:02.518803547
TX008616,DEV0132,EMP0397,2024-02-27 18:08:00,2024-03-01 07:37:39.929485361
TX008617,DEV0003,EMP0056,2025-03-20 13:39:00,2025-03-21 23:42:57.094769381
TX008618,DEV0040,EMP0019,2024-10-14 07:21:00,2024-10-15 09:28:00.129305059
TX008619,DEV0164,EMP0263,2024-01-23 18:26:00,2024-01-31 04:36:42.601162373
TX008620,DEV0142,EMP0349,2026-08-14 13:42:00,2026-09-05 07:57:36.544259225
TX008621,DEV0051,EMP0305,2025-07-17 13:21:00,2025-07-18 17:29:01.058763163
TX008622,DEV0046,EMP0414,2025-07-02 12:55:00,2025-07-06 09:03:27.507107678
TX008623,DEV0141,EMP0187,2024-08-12 12:44:00,2024-08-19 07:28:31.510704919
TX008624,DEV0093,EMP0046,2024-12-07 14:58:00,2024-12-15 19:42:00.069205094
TX008625,DEV0154,EMP0140,2025-05-29 09:04:00,2025-06-23 12:53:51.827820795
TX008626,DEV0253,EMP0100,2025-09-30 15:14:00,2025-10-14 22:47:09.550080540
TX008627,DEV0043,EMP0069,2025-12-29 10:02:00,2026-01-09 14:26:46.898714053
TX008628,DEV0173,EMP0075,2024-09-12 13:23:00,2024-09-18 03:48:51.971753904
TX008629,DEV0141,EMP0362,2026-03-10 08:57:00,2026-03-18 12:16:29.098874712
TX008630,DEV0212,EMP0343,2024-09-03 13:24:00,2024-09-09 00:41:53.148066001
TX008631,DEV0064,EMP0331,2026-02-26 10:55:00,2026-03-19 09:04:37.120375318
TX008632,DEV0075,EMP0273,2024-06-07 13:17:00,2024-06-09 21:44:58.626589214
TX008633,DEV0102,EMP0177,2026-01-04 07:51:00,2026-01-07 08:32:01.459161362
TX008634,DEV0165,EMP0254,2024-08-19 16:22:00,2024-09-20 05:41:59.851043437
TX008635,DEV0105,EMP0019,2024-02-23 08:44:00,2024-03-02 07:09:49.780883702
TX008636,DEV0201,EMP0201,2024-01-22 17:35:00,2024-02-08 07:50:52.122943326
TX008637,DEV0237,EMP0396,2024-07-16 08:32:00,2024-07-20 11:14:13.704643178
TX008638,DEV0108,EMP0200,2025-11-18 15:37:00,2025-11-19 21:48:42.311868399
TX008639,DEV0172,EMP0058,2026-06-14 10:46:00,2026-06-23 20:14:43.826093572
TX008640,DEV0131,EMP0220,2024-07-13 18:40:00,2024-08-01 09:21:56.997741318
TX008641,DEV0132,EMP0207,2025-06-09 09:49:00,2025-06-14 00:29:21.412446252
TX008642,DEV0072,EMP0366,2024-10-21 18:43:00,2024-10-28 00:51:51.077296001
TX008643,DEV0221,EMP0377,2024-02-28 12:54:00,2024-03-05 22:23:25.464517349
TX008644,DEV0035,EMP0351,2024-04-05 09:14:00,2024-04-14 16:59:27.584258338
TX008645,DEV0023,EMP0115,2025-07-02 18:35:00,2025-07-07 02:25:40.118649033
TX008646,DEV0032,EMP0123,2026-02-04 07:24:00,2026-02-08 13:29:39.203395716
TX008647,DEV0224,EMP0165,2024-06-17 07:26:00,2024-07-07 11:44:31.464214290
TX008648,DEV0138,EMP0034,2025-01-26 08:19:00,2025-01-30 07:51:49.517284538
TX008649,DEV0136,EMP0329,2024-06-03 14:49:00,2024-06-12 08:10:12.985131044
TX008650,DEV0091,EMP0136,2026-06-16 07:35:00,2026-06-27 10:52:34.699384015
TX008651,DEV0113,EMP0254,2024-10-18 10:44:00,2024-10-22 17:15:05.255523337
TX008652,DEV0203,EMP0285,2026-06-27 13:14:00,2026-07-04 08:07:46.761592741
TX008653,DEV0066,EMP0210,2024-07-05 10:09:00,2024-07-09 03:34:58.998470120
TX008654,DEV0054,EMP0239,2025-10-18 12:04:00,2025-10-22 07:31:17.664627524
TX008655,DEV0182,EMP0122,2024-05-28 14:07:00,2024-06-07 03:27:36.942877355
TX008656,DEV0004,EMP0375,2026-03-20 18:56:00,2026-04-03 05:30:28.813951721
TX008657,DEV0001,EMP0384,2024-10-23 09:15:00,2024-10-29 13:39:25.426003326
TX008658,DEV0052,EMP0386,2026-08-07 11:01:00,2026-08-13 21:23:00.444551561
TX008659,DEV0122,EMP0135,2025-01-10 10:20:00,2025-01-30 15:40:38.714036595
TX008660,DEV0120,EMP0069,2025-12-27 18:49:00,2025-12-30 06:38:14.295773074
TX008661,DEV0131,EMP0157,2025-05-02 15:30:00,2025-05-04 19:08:54.574826265
TX008662,DEV0223,EMP0259,2025-11-15 16:02:00,2025-11-17 16:39:26.850033582
TX008663,DEV0167,EMP0230,2025-05-14 18:03:00,2025-05-26 21:28:08.624623506
TX008664,DEV0181,EMP0046,2024-01-04 18:52:00,2024-01-08 03:57:10.718183497
TX008665,DEV0041,EMP0369,2026-03-07 15:56:00,2026-03-16 04:51:30.027561050
TX008666,DEV0088,EMP0328,2024-03-25 17:54:00,2024-03-26 03:02:33.491067005
TX008667,DEV0161,EMP0097,2026-07-22 09:58:00,2026-07-30 12:32:42.724831647
TX008668,DEV0222,EMP0386,2026-06-27 07:35:00,2026-07-01 10:30:28.227381362
TX008669,DEV0126,EMP0046,2026-03-20 11:23:00,2026-03-21 08:15:31.168464560
TX008670,DEV0220,EMP0065,2026-06-11 15:23:00,2026-06-12 18:04:47.427147148
TX008671,DEV0119,EMP0005,2024-09-14 14:52:00,2024-09-17 13:15:11.914638777
TX008672,DEV0245,EMP0323,2025-10-14 15:40:00,2025-11-01 06:55:42.928106919
TX008673,DEV0224,EMP0095,2025-11-15 11:29:00,2025-12-15 10:03:58.386921276
TX008674,DEV0235,EMP0172,2024-05-14 15:29:00,2024-05-21 23:28:02.096289718
TX008675,DEV0161,EMP0332,2024-04-19 18:21:00,2024-04-24 22:23:43.499731235
TX008676,DEV0190,EMP0337,2024-06-18 16:38:00,2024-06-19 22:04:30.209353847
TX008677,DEV0253,EMP0361,2024-08-21 10:09:00,2024-08-29 18:36:25.578879739
TX008678,DEV0204,EMP0404,2024-05-23 11:13:00,2024-05-31 11:56:52.309332114
TX008679,DEV0172,EMP0397,2024-06-13 18:04:00,2024-06-18 02:34:29.752195510
TX008680,DEV0176,EMP0027,2025-02-11 08:51:00,2025-02-14 21:29:23.210969582
TX008681,DEV0126,EMP0369,2025-03-28 10:43:00,2025-04-04 23:33:46.309568887
TX008682,DEV0209,EMP0098,2025-03-06 16:51:00,2025-03-12 00:03:29.489080671
TX008683,DEV0252,EMP0172,2024-06-06 18:21:00,2024-06-16 14:51:01.778778377
TX008684,DEV0135,EMP0348,2024-07-07 10:42:00,2024-07-31 01:35:11.743818405
TX008685,DEV0042,EMP0143,2026-07-18 10:52:00,2026-07-28 22:11:50.808100106
TX008686,DEV0210,EMP0131,2026-07-07 18:25:00,2026-07-11 15:18:23.910611523
TX008687,DEV0256,EMP0053,2026-07-02 08:24:00,2026-07-02 13:37:25.031796875
TX008688,DEV0194,EMP0340,2025-09-05 09:39:00,2025-09-07 08:43:28.775231818
TX008689,DEV0167,EMP0135,2025-11-08 08:53:00,2025-11-13 04:05:36.823747844
TX008690,DEV0182,EMP0207,2024-11-22 10:30:00,2024-12-02 12:44:05.547863175
TX008691,DEV0032,EMP0313,2025-01-30 07:18:00,2025-02-14 04:24:31.549034676
TX008692,DEV0101,EMP0034,2026-07-07 07:16:00,2026-07-12 07:55:37.258071056
TX008693,DEV0048,EMP0172,2024-08-21 10:49:00,2024-08-22 21:42:50.535873329
TX008694,DEV0014,EMP0188,2024-04-23 14:43:00,2024-05-03 16:53:22.574204239
TX008695,DEV0193,EMP0254,2025-09-14 13:11:00,2025-09-22 06:27:25.702179883
TX008696,DEV0051,EMP0161,2026-02-12 15:31:00,2026-02-20 23:00:26.389138947
TX008697,DEV0112,EMP0302,2024-03-02 11:13:00,2024-03-12 21:09:23.651514984
TX008698,DEV0055,EMP0347,2026-06-17 15:52:00,2026-06-24 10:11:29.030281692
TX008699,DEV0087,EMP0347,2025-05-18 11:27:00,2025-05-28 09:17:47.504865767
TX008700,DEV0249,EMP0407,2026-06-12 08:21:00,2026-06-14 20:21:34.752665198
TX008701,DEV0063,EMP0038,2025-09-02 07:52:00,2025-09-07 07:21:51.819222964
TX008702,DEV0133,EMP0206,2026-06-06 13:04:00,2026-06-19 13:03:26.640257767
TX008703,DEV0097,EMP0183,2026-07-28 15:58:00,2026-08-01 16:56:02.707651918
TX008704,DEV0096,EMP0135,2025-01-17 10:28:00,2025-01-24 03:28:52.570875905
TX008705,DEV0251,EMP0411,2024-03-06 07:05:00,2024-05-08 15:34:22.592057049
TX008706,DEV0081,EMP0182,2024-06-12 11:03:00,2024-06-25 07:47:01.083524176
TX008707,DEV0024,EMP0277,2025-07-31 10:43:00,2025-08-21 12:29:56.232463047
TX008708,DEV0183,EMP0087,2024-11-10 18:30:00,2024-11-21 17:19:51.516588492
TX008709,DEV0113,EMP0331,2025-03-21 08:00:00,2025-03-31 10:00:53.843171202
TX008710,DEV0113,EMP0073,2025-03-06 08:02:00,2025-03-12 23:05:04.323858692
TX008711,DEV0256,EMP0406,2024-06-22 17:04:00,2024-07-06 16:56:57.292257893
TX008712,DEV0153,EMP0364,2026-07-11 09:46:00,2026-07-14 06:07:52.270571719
TX008713,DEV0105,EMP0159,2025-12-02 14:44:00,2025-12-29 09:05:09.196821850
TX008714,DEV0031,EMP0067,2024-12-08 09:29:00,2024-12-13 07:38:22.457436330
TX008715,DEV0226,EMP0163,2025-11-07 09:08:00,2025-11-10 08:28:10.900677542
TX008716,DEV0214,EMP0254,2025-04-08 13:17:00,2025-04-20 22:19:19.652452469
TX008717,DEV0243,EMP0132,2024-12-01 10:46:00,2024-12-14 12:19:52.089697288
TX008718,DEV0043,EMP0412,2025-04-22 07:33:00,2025-05-15 08:24:34.772929663
TX008719,DEV0072,EMP0323,2025-03-12 13:16:00,2025-03-23 05:14:11.528030433
TX008720,DEV0053,EMP0114,2025-01-21 16:15:00,2025-01-30 16:15:23.222401565
TX008721,DEV0082,EMP0340,2026-07-23 13:47:00,2026-07-27 01:09:50.510411748
TX008722,DEV0180,EMP0096,2025-07-26 15:40:00,2025-07-27 15:29:57.069972375
TX008723,DEV0101,EMP0089,2025-08-15 14:22:00,2025-08-18 00:52:49.430197080
TX008724,DEV0035,EMP0132,2024-08-17 16:10:00,2024-08-22 23:46:35.153460639
TX008725,DEV0011,EMP0220,2026-01-17 09:03:00,2026-01-24 08:13:39.069601040
TX008726,DEV0034,EMP0414,2025-11-22 14:13:00,2025-12-03 02:10:14.976076813
TX008727,DEV0116,EMP0143,2026-07-19 09:20:00,2026-07-22 12:24:08.053698782
TX008728,DEV0015,EMP0240,2026-06-13 18:11:00,2026-07-07 04:29:49.911408180
TX008729,DEV0176,EMP0173,2024-03-04 15:24:00,2024-03-07 07:44:09.133650208
TX008730,DEV0042,EMP0068,2025-07-21 13:23:00,2025-08-02 22:32:59.181290825
TX008731,DEV0043,EMP0287,2025-04-03 09:48:00,2025-04-11 23:41:01.553039082
TX008732,DEV0225,EMP0411,2025-03-03 15:11:00,2025-03-09 02:48:41.627010863
TX008733,DEV0175,EMP0312,2025-04-29 14:24:00,2025-05-02 05:03:08.701790395
TX008734,DEV0065,EMP0376,2026-01-28 12:26:00,2026-02-05 05:43:05.768180828
TX008735,DEV0021,EMP0363,2025-02-11 13:56:00,2025-02-19 16:24:01.063599588
TX008736,DEV0133,EMP0344,2026-02-22 10:50:00,2026-03-10 04:46:28.912750860
TX008737,DEV0177,EMP0176,2024-05-13 14:28:00,2024-05-15 09:21:01.070303372
TX008738,DEV0003,EMP0271,2026-07-14 16:42:00,2026-08-01 07:31:42.582402799
TX008739,DEV0143,EMP0197,2026-01-17 17:30:00,2026-01-17 14:30:00.000000000
TX008740,DEV0013,EMP0309,2025-04-06 08:20:00,2025-04-14 09:06:44.210066676
TX008741,DEV0117,EMP0358,2026-03-03 15:55:00,2026-03-13 01:06:04.001139353
TX008742,DEV0163,EMP0268,2025-06-24 15:25:00,2025-06-29 00:28:12.795066035
TX008743,DEV0104,EMP0090,2024-07-22 13:57:00,2024-07-24 11:41:00.081319808
TX008744,DEV0056,EMP0047,2025-06-27 11:16:00,2025-06-28 01:01:12.911023141
TX008745,DEV0062,EMP0153,2025-03-02 13:07:00,2025-05-29 13:38:32.943142515
TX008746,DEV0221,EMP0249,2024-02-19 17:04:00,2024-02-22 09:55:26.714986877
TX008747,DEV0146,EMP0036,2025-09-13 11:43:00,2025-09-20 19:35:10.749980121
TX008748,DEV0034,EMP0307,2025-08-20 18:42:00,2025-08-30 14:58:33.499229398
TX008749,DEV0252,EMP0382,2024-12-05 09:12:00,2024-12-12 13:57:08.109135078
TX008750,DEV0044,EMP0256,2024-02-01 13:02:00,2024-02-05 18:36:15.661497450
TX008751,DEV0003,EMP0147,2025-12-08 07:50:00,2025-12-08 18:50:22.631008461
TX008752,DEV0251,EMP0344,2024-09-09 16:58:00,2024-09-13 15:09:04.105036310
TX008753,DEV0135,EMP0328,2026-04-15 16:21:00,2026-04-24 02:03:11.279498113
TX008754,DEV0173,EMP0367,2025-04-12 11:12:00,2025-04-21 01:22:56.181168704
TX008755,DEV0162,EMP0316,2024-03-20 12:40:00,2024-03-26 17:48:57.857768840
TX008756,DEV0021,EMP0104,2026-07-07 15:47:00,2026-07-14 14:40:45.667546806
TX008757,DEV0156,EMP0113,2024-10-02 13:43:00,2024-10-08 18:30:52.195943662
TX008758,DEV0005,EMP0085,2024-05-08 18:23:00,2024-05-25 05:23:51.597032362
TX008759,DEV0223,EMP0059,2025-06-28 07:30:00,2025-07-02 14:29:27.252518780
TX008760,DEV0041,EMP0025,2025-04-24 09:40:00,2025-04-30 03:06:38.115053636
TX008761,DEV0166,EMP0186,2024-06-17 11:52:00,2024-06-27 02:12:32.308484516
TX008762,DEV0097,EMP0030,2024-02-04 13:33:00,2024-02-09 22:04:22.653726320
TX008763,DEV0100,EMP0216,2026-07-31 07:21:00,2026-08-01 07:17:55.472129189
TX008764,DEV0260,EMP0216,2025-09-23 07:39:00,2025-09-25 14:30:17.089750873
TX008765,DEV0021,EMP0288,2024-06-16 18:51:00,2024-06-19 11:24:39.014507122
TX008766,DEV0104,EMP0054,2025-03-11 18:10:00,2025-03-18 02:25:28.457499323
TX008767,DEV0191,EMP0407,2025-12-08 17:04:00,2025-12-11 19:28:35.656166706
TX008768,DEV0222,EMP0239,2026-07-15 16:20:00,2026-07-22 18:28:34.031888363
TX008769,DEV0176,EMP0073,2024-04-26 15:57:00,2024-04-29 07:38:19.789843744
TX008770,DEV0052,EMP0249,2024-06-12 07:46:00,2024-06-18 23:56:14.788556816
TX008771,DEV0155,EMP0023,2025-01-13 09:36:00,2025-01-20 13:49:08.693623036
TX008772,DEV0153,EMP0088,2025-01-07 12:58:00,2025-01-11 18:14:06.218706385
TX008773,DEV0240,EMP0062,2025-07-23 08:27:00,2025-07-26 00:08:01.522768984
TX008774,DEV0051,EMP0011,2025-01-15 07:02:00,2025-02-05 05:34:17.909872379
TX008775,DEV0004,EMP0144,2024-06-20 13:46:00,2024-07-13 15:29:18.071117197
TX008776,DEV0107,EMP0408,2024-09-13 11:45:00,2024-09-22 22:15:57.575682047
TX008777,DEV0038,EMP0091,2025-07-04 12:06:00,2025-07-05 13:16:32.451956866
TX008778,DEV0094,EMP0356,2026-04-04 11:45:00,2026-04-19 13:43:30.917404032
TX008779,DEV0003,EMP0293,2024-10-19 13:42:00,2024-10-24 12:55:38.024736832
TX008780,DEV0081,EMP0134,2024-04-09 07:35:00,2024-04-16 06:17:44.587437746
TX008781,DEV0069,EMP0392,2025-10-21 10:19:00,2025-10-22 16:31:25.210829084
TX008782,DEV0172,EMP0242,2024-01-21 11:08:00,2024-01-26 10:05:40.478420152
TX008783,DEV0052,EMP0259,2025-11-10 09:16:00,2025-11-21 12:52:24.407023003
TX008784,DEV0127,EMP0236,2026-08-13 15:38:00,2026-08-21 18:11:22.923349182
TX008785,DEV0007,EMP0212,2025-10-18 16:12:00,2025-10-21 05:15:13.717336730
TX008786,DEV0003,EMP0037,2024-11-09 08:22:00,2024-11-14 10:39:44.691304047
TX008787,DEV0034,EMP0158,2025-08-28 17:13:00,2025-09-06 22:37:54.092262193
TX008788,DEV0142,EMP0211,2025-03-14 14:20:00,2025-03-23 05:22:12.210526531
TX008789,DEV0120,EMP0375,2026-04-12 09:59:00,2026-04-14 09:30:16.309139437
TX008790,DEV0062,EMP0336,2025-07-30 16:53:00,2025-07-31 15:07:21.466214115
TX008791,DEV0155,EMP0245,2025-02-12 16:21:00,2025-02-14 17:37:24.649951066
TX008792,DEV0032,EMP0047,2025-11-30 16:30:00,2025-12-13 12:06:52.357659208
TX008793,DEV0191,EMP0089,2024-04-30 11:09:00,2024-05-06 23:47:59.264454926
TX008794,DEV0133,EMP0241,2024-12-27 18:58:00,2024-12-29 11:48:10.295035112
TX008795,DEV0042,EMP0404,2025-10-25 14:08:00,2025-10-31 20:24:23.316695683
TX008796,DEV0235,EMP0275,2025-09-26 13:04:00,2025-10-04 18:41:42.410391541
TX008797,DEV0051,EMP0019,2026-08-19 07:42:00,2026-08-21 18:05:34.819019437
TX008798,DEV0151,EMP0377,2024-10-30 18:31:00,2024-11-05 05:43:01.079766364
TX008799,DEV0223,EMP0083,2025-05-21 11:57:00,2025-05-23 13:10:12.316881839
TX008800,DEV0097,EMP0043,2025-09-11 13:36:00,2025-09-11 23:37:57.984951331
TX008801,DEV0257,EMP0266,2026-02-16 10:21:00,2026-02-23 15:00:44.241654197
TX008802,DEV0170,EMP0232,2025-11-26 07:03:00,2025-11-29 09:40:28.486116178
TX008803,DEV0183,EMP0412,2026-01-31 09:53:00,2026-02-05 14:06:48.983606276
TX008804,DEV0053,EMP0373,2024-03-08 07:53:00,2024-03-14 01:05:21.221727850
TX008805,DEV0092,EMP0276,2026-07-05 18:21:00,2026-07-13 08:12:34.826810134
TX008806,DEV0093,EMP0300,2025-10-10 17:03:00,2025-10-26 14:02:40.517235930
TX008807,DEV0071,EMP0278,2026-05-18 10:56:00,2026-05-20 17:35:59.168992370
TX008808,DEV0070,EMP0301,2026-03-15 09:58:00,2026-03-21 19:52:44.054519290
TX008809,DEV0058,EMP0023,2026-01-23 07:28:00,2026-01-25 14:54:44.135504817
TX008810,DEV0183,EMP0089,2026-03-15 08:28:00,2026-03-16 15:15:48.160080014
TX008811,DEV0243,EMP0373,2025-11-24 12:00:00,2025-12-09 01:46:57.489151017
TX008812,DEV0083,EMP0309,2025-08-07 17:09:00,2025-08-18 13:25:11.093915995
TX008813,DEV0019,EMP0003,2024-02-04 11:38:00,2024-02-06 04:10:42.297290100
TX008814,DEV0204,EMP0228,2026-03-29 10:36:00,2026-04-24 23:12:07.994553051
TX008815,DEV0022,EMP0366,2026-02-20 16:25:00,2026-02-22 20:04:05.821389039
TX008816,DEV0146,EMP0318,2025-03-08 07:55:00,2025-03-10 05:57:55.598676055
TX008817,DEV0193,EMP0047,2024-04-02 08:57:00,2024-04-08 22:56:11.326696003
TX008818,DEV0019,EMP0151,2024-06-22 13:40:00,2024-06-25 04:19:48.827595734
TX008819,DEV0245,EMP0219,2024-05-06 14:20:00,2024-05-13 07:21:55.312615341
TX008820,DEV0094,EMP0299,2026-06-01 18:40:00,2026-06-13 05:15:34.747641206
TX008821,DEV0134,EMP0075,2024-08-23 14:37:00,2024-09-04 02:40:39.738831435
TX008822,DEV0081,EMP0294,2026-04-23 17:46:00,2026-05-07 04:44:46.860475887
TX008823,DEV0141,EMP0003,2026-04-15 12:04:00,2026-04-22 17:20:18.662151413
TX008824,DEV0040,EMP0345,2024-02-12 12:48:00,2024-02-12 20:17:28.725783632
TX008825,DEV0061,EMP0315,2026-07-22 11:43:00,2026-07-25 07:24:05.215967861
TX008826,DEV0021,EMP0289,2024-01-20 09:13:00,2024-01-24 09:32:50.911018981
TX008827,DEV0090,EMP0296,2025-02-17 13:18:00,2025-02-17 21:01:37.546839954
TX008828,DEV0041,EMP0376,2024-11-04 13:10:00,2024-11-09 07:26:38.985070774
TX008829,DEV0139,EMP0303,2024-01-04 11:58:00,2024-01-06 00:12:58.092168993
TX008830,DEV0258,EMP0004,2025-09-25 09:36:00,2025-09-27 00:28:05.185296038
TX008831,DEV0135,EMP0317,2025-12-02 10:57:00,2025-12-07 21:41:07.860439813
TX008832,DEV0112,EMP0363,2025-12-08 14:22:00,2025-12-28 20:09:06.427422356
TX008833,DEV0131,EMP0309,2024-05-25 08:59:00,2024-05-31 12:53:12.792112707
TX008834,DEV0091,EMP0121,2024-08-22 14:24:00,2024-08-29 06:57:11.063174838
TX008835,DEV0141,EMP0350,2025-04-29 12:41:00,2025-05-06 02:23:13.757102106
TX008836,DEV0165,EMP0070,2024-11-25 13:22:00,2024-12-28 20:31:15.546284414
TX008837,DEV0194,EMP0307,2025-02-20 11:13:00,2025-02-22 03:18:23.641811421
TX008838,DEV0087,EMP0063,2025-11-24 17:46:00,2025-11-29 08:18:17.422893600
TX008839,DEV0222,EMP0002,2024-01-31 14:45:00,2024-02-02 00:41:47.899555620
TX008840,DEV0106,EMP0126,2025-11-14 17:34:00,2025-11-20 16:58:28.348485984
TX008841,DEV0245,EMP0164,2026-02-15 07:52:00,2026-02-24 03:31:34.055869169
TX008842,DEV0172,EMP0247,2024-11-21 11:35:00,2024-11-23 18:23:54.744434020
TX008843,DEV0254,EMP0372,2026-04-15 10:36:00,2026-04-27 17:25:12.231460949
TX008844,DEV0122,EMP0417,2025-07-31 11:52:00,2025-08-08 15:37:36.646529698
TX008845,DEV0101,EMP0414,2026-05-11 09:33:00,2026-05-15 21:57:47.086265680
TX008846,DEV0091,EMP0071,2024-08-02 16:58:00,2024-08-06 23:42:28.061750285
TX008847,DEV0157,EMP0075,2024-09-14 14:19:00,2024-09-21 08:48:42.317575363
TX008848,DEV0160,EMP0317,2025-10-15 10:52:00,2025-10-17 10:54:38.416025090
TX008849,DEV0244,EMP0076,2026-02-26 13:34:00,2026-03-15 11:03:27.432034316
TX008850,DEV0035,EMP0015,2025-05-10 11:20:00,2025-06-06 14:13:14.942729933
TX008851,DEV0002,EMP0026,2024-05-30 07:36:00,2024-07-05 18:17:59.111560954
TX008852,DEV0012,EMP0078,2025-05-16 15:25:00,2025-06-05 04:15:59.307929250
TX008853,DEV0131,EMP0148,2024-07-06 12:26:00,2024-07-10 05:39:03.438169597
TX008854,DEV0054,EMP0309,2024-01-23 11:43:00,2024-02-12 03:55:06.719565603
TX008855,DEV0105,EMP0369,2025-03-29 09:57:00,2025-04-05 01:51:29.141083576
TX008856,DEV0127,EMP0416,2026-02-16 11:21:00,2026-02-18 05:16:01.228484549
TX008857,DEV0093,EMP0027,2024-07-24 14:16:00,2024-08-03 18:46:37.275223708
TX008858,DEV0164,EMP0215,2024-07-07 12:15:00,2024-07-14 05:37:35.845323322
TX008859,DEV0026,EMP0044,2024-03-23 16:16:00,2024-03-25 07:20:21.020087072
TX008860,DEV0103,EMP0053,2025-06-25 14:33:00,2025-06-30 13:38:53.920977664
TX008861,DEV0111,EMP0130,2026-06-02 13:20:00,2026-06-09 22:53:41.955470731
TX008862,DEV0251,EMP0125,2024-07-17 11:41:00,2024-07-29 13:06:19.147463971
TX008863,DEV0162,EMP0056,2025-08-23 13:24:00,2025-08-25 13:06:46.450475598
TX008864,DEV0185,EMP0156,2024-03-07 07:19:00,2024-03-11 05:27:46.220101200
TX008865,DEV0082,EMP0184,2025-07-10 18:09:00,2025-07-12 07:42:14.616839169
TX008866,DEV0123,EMP0184,2026-03-27 15:22:00,2026-04-07 23:49:56.918562491
TX008867,DEV0157,EMP0406,2025-06-07 17:45:00,2025-06-13 16:01:12.377634972
TX008868,DEV0042,EMP0068,2025-09-08 07:52:00,2025-09-14 10:21:29.068382540
TX008869,DEV0224,EMP0415,2024-07-10 15:36:00,2024-07-15 17:13:16.871178607
TX008870,DEV0163,EMP0260,2025-07-27 11:22:00,2025-08-02 06:18:52.222749810
TX008871,DEV0091,EMP0137,2025-09-29 18:17:00,2025-10-10 23:25:52.800320773
TX008872,DEV0171,EMP0055,2024-11-08 12:04:00,2024-11-18 19:41:55.938941880
TX008873,DEV0134,EMP0145,2026-03-20 18:52:00,2026-04-09 22:20:02.171864006
TX008874,DEV0153,EMP0318,2025-03-04 16:10:00,2025-03-07 11:08:27.769725922
TX008875,DEV0174,EMP0313,2025-02-18 17:50:00,2025-02-27 20:49:54.373165149
TX008876,DEV0065,EMP0287,2024-04-25 11:01:00,2024-05-03 20:16:01.503836449
TX008877,DEV0201,EMP0194,2026-03-27 16:48:00,2026-03-31 03:49:15.641565694
TX008878,DEV0245,EMP0307,2026-05-14 14:00:00,2026-05-27 18:37:17.447943775
TX008879,DEV0221,EMP0075,2025-02-09 14:41:00,2025-02-18 19:20:53.238391640
TX008880,DEV0163,EMP0122,2024-02-03 10:02:00,2024-02-11 13:31:50.147935079
TX008881,DEV0041,EMP0035,2026-06-07 18:02:00,2026-06-09 09:21:35.873059750
TX008882,DEV0094,EMP0142,2024-06-25 13:07:00,2024-07-05 04:28:12.104614948
TX008883,DEV0203,EMP0194,2026-02-22 10:50:00,2026-03-02 04:37:56.457345251
TX008884,DEV0228,EMP0235,2025-05-26 08:38:00,2025-05-30 04:19:17.126260239
TX008885,DEV0202,EMP0006,2024-12-18 13:02:00,2024-12-25 07:50:26.273865824
TX008886,DEV0021,EMP0054,2026-02-04 08:35:00,2026-02-07 07:42:50.954065224
TX008887,DEV0015,EMP0326,2024-12-13 09:53:00,2024-12-26 14:07:20.142753058
TX008888,DEV0101,EMP0027,2025-03-28 18:59:00,2025-04-01 18:04:55.913404554
TX008889,DEV0193,EMP0274,2025-09-26 13:51:00,2025-10-06 11:54:11.177130135
TX008890,DEV0072,EMP0078,2026-05-16 17:11:00,2026-05-18 23:28:43.602133775
TX008891,DEV0184,EMP0377,2026-05-17 10:37:00,2026-06-01 11:56:08.307504833
TX008892,DEV0224,EMP0165,2025-04-06 12:00:00,2025-04-08 01:57:02.475227232
TX008893,DEV0116,EMP0154,2024-12-18 09:21:00,2024-12-28 18:06:11.220231802
TX008894,DEV0146,EMP0152,2025-05-27 17:18:00,2025-06-03 21:00:45.788896494
TX008895,DEV0203,EMP0181,2024-08-20 16:34:00,2024-08-30 03:06:28.087474667
TX008896,DEV0223,EMP0304,2025-11-13 07:57:00,2025-11-30 21:34:19.870659453
TX008897,DEV0122,EMP0366,2024-01-02 12:59:00,2024-01-15 00:47:10.091671301
TX008898,DEV0112,EMP0367,2024-08-01 09:13:00,2024-08-04 12:56:37.611508986
TX008899,DEV0096,EMP0136,2025-01-01 10:42:00,2025-01-04 00:13:03.884752434
TX008900,DEV0084,EMP0156,2025-11-30 17:47:00,2026-01-02 05:39:59.844062210
TX008901,DEV0071,EMP0149,2026-01-21 10:13:00,2026-01-31 02:16:50.917279598
TX008902,DEV0035,EMP0075,2025-09-19 10:12:00,2025-09-20 21:28:31.323740196
TX008903,DEV0171,EMP0318,2026-06-23 07:52:00,2026-06-24 20:39:56.358154177
TX008904,DEV0254,EMP0383,2025-07-15 14:32:00,2025-07-25 04:35:42.503664172
TX008905,DEV0038,EMP0022,2024-04-09 15:18:00,2024-04-10 16:56:27.640058725
TX008906,DEV0148,EMP0305,2026-06-24 13:53:00,2026-06-27 02:36:03.162643189
TX008907,DEV0012,EMP0178,2024-06-04 07:43:00,2024-06-14 13:38:49.507519000
TX008908,DEV0226,EMP0135,2024-09-16 18:55:00,2024-09-21 09:21:12.056662151
TX008909,DEV0023,EMP0039,2024-09-05 12:39:00,2024-09-18 10:07:01.147084306
TX008910,DEV0133,EMP0348,2025-10-09 12:08:00,2025-10-13 01:23:41.219388261
TX008911,DEV0125,EMP0357,2024-03-28 07:42:00,2024-04-01 12:20:30.622593781
TX008912,DEV0100,EMP0283,2024-11-02 10:26:00,2024-11-04 12:25:38.076607927
TX008913,DEV0013,EMP0018,2026-04-09 07:31:00,2026-04-16 21:21:00.866209994
TX008914,DEV0086,EMP0275,2026-03-08 13:32:00,2026-03-13 07:48:48.297893954
TX008915,DEV0057,EMP0133,2025-12-21 17:10:00,2025-12-22 20:35:23.982137316
TX008916,DEV0181,EMP0364,2024-01-12 08:48:00,2024-01-17 10:39:02.773599854
TX008917,DEV0112,EMP0254,2024-10-07 13:28:00,2024-10-18 19:01:07.190611446
TX008918,DEV0029,EMP0163,2025-09-12 11:37:00,2025-09-22 08:50:23.116234261
TX008919,DEV0041,EMP0097,2026-03-08 11:00:00,2026-03-10 17:45:42.310306278
TX008920,DEV0081,EMP0369,2024-08-23 15:49:00,2024-09-03 17:35:29.202116705
TX008921,DEV0190,EMP0025,2025-10-05 10:42:00,2025-10-07 22:17:34.812564501
TX008922,DEV0168,EMP0216,2024-05-22 10:38:00,2024-05-23 09:14:15.993924763
TX008923,DEV0257,EMP0403,2025-01-07 18:06:00,2025-01-10 09:53:22.244941914
TX008924,DEV0012,EMP0221,2025-03-18 18:27:00,2025-04-08 01:46:00.127647555
TX008925,DEV0225,EMP0337,2024-06-15 12:02:00,2024-06-16 08:47:20.873072962
TX008926,DEV0013,EMP0364,2025-03-22 16:26:00,2025-04-13 10:24:15.333642318
TX008927,DEV0132,EMP0203,2025-06-18 18:13:00,2025-06-26 13:43:18.298805106
TX008928,DEV0007,EMP0417,2024-04-17 08:35:00,2024-04-26 07:33:09.543403086
TX008929,DEV0165,EMP0340,2025-07-31 12:18:00,2025-08-22 04:10:07.281638677
TX008930,DEV0218,EMP0244,2024-12-30 18:00:00,2025-01-02 06:48:39.619581759
TX008931,DEV0007,EMP0380,2026-03-09 16:41:00,2026-03-17 08:42:16.960887266
TX008932,DEV0017,EMP0221,2024-12-19 11:23:00,2024-12-20 15:51:58.859116696
TX008933,DEV0099,EMP0023,2026-05-16 08:29:00,2026-05-19 12:54:49.079141895
TX008934,DEV0223,EMP0249,2025-01-23 10:52:00,2025-01-27 15:24:23.962119874
TX008935,DEV0030,EMP0218,2024-05-19 15:08:00,2024-05-22 10:14:22.164473754
TX008936,DEV0072,EMP0086,2025-01-18 09:11:00,2025-01-24 21:07:45.414762757
TX008937,DEV0021,EMP0322,2024-05-08 07:55:00,2024-05-10 12:44:07.611209204
TX008938,DEV0136,EMP0361,2025-12-28 14:03:00,2026-01-02 22:55:56.591786290
TX008939,DEV0172,EMP0373,2026-04-22 13:22:00,2026-05-03 20:15:40.542895934
TX008940,DEV0110,EMP0152,2024-08-26 14:00:00,2024-08-27 01:55:00.041316441
TX008941,DEV0044,EMP0003,2024-01-20 15:11:00,2024-01-22 15:40:21.912886424
TX008942,DEV0180,EMP0218,2025-04-10 09:39:00,2025-04-13 02:15:11.770125956
TX008943,DEV0055,EMP0289,2024-05-15 15:24:00,2024-05-29 21:59:10.061768048
TX008944,DEV0125,EMP0343,2025-05-19 17:55:00,2025-05-26 16:08:50.028037108
TX008945,DEV0012,EMP0215,2024-02-22 14:34:00,2024-02-25 08:40:36.887079303
TX008946,DEV0072,EMP0182,2025-08-13 18:53:00,2025-09-01 08:26:33.375356087
TX008947,DEV0197,EMP0327,2026-03-31 16:32:00,2026-04-04 03:33:43.914523171
TX008948,DEV0173,EMP0295,2026-01-16 14:04:00,2026-01-19 14:52:15.004787738
TX008949,DEV0012,EMP0030,2024-11-28 15:57:00,2024-12-02 00:15:21.283843147
TX008950,DEV0033,EMP0118,2026-07-05 16:48:00,2026-07-12 04:01:23.508655752
TX008951,DEV0151,EMP0363,2026-01-31 15:30:00,2026-02-03 22:11:26.115618713
TX008952,DEV0206,EMP0110,2026-06-16 09:10:00,2026-06-19 10:55:45.091513541
TX008953,DEV0232,EMP0386,2024-06-24 12:27:00,2024-07-02 00:46:31.579551050
TX008954,DEV0252,EMP0379,2024-10-11 15:09:00,2024-10-18 21:26:44.277647754
TX008955,DEV0007,EMP0347,2024-10-11 14:32:00,2024-10-13 03:19:09.860897614
TX008956,DEV0181,EMP0369,2025-02-28 17:34:00,2025-03-11 04:37:05.404767311
TX008957,DEV0073,EMP0272,2025-05-13 14:20:00,2025-05-18 05:08:36.534635224
TX008958,DEV0135,EMP0058,2025-07-14 12:14:00,2025-07-15 03:13:25.328477849
TX008959,DEV0086,EMP0146,2025-11-18 15:35:00,2025-12-11 01:02:09.704648848
TX008960,DEV0137,EMP0308,2024-11-26 11:10:00,2024-11-27 12:31:49.144287324
TX008961,DEV0186,EMP0149,2024-09-06 16:15:00,2024-09-08 18:44:12.295278323
TX008962,DEV0163,EMP0126,2024-12-17 10:38:00,2025-01-12 19:30:01.250123248
TX008963,DEV0024,EMP0004,2025-11-20 08:31:00,2025-11-25 23:49:41.591919703
TX008964,DEV0033,EMP0142,2024-01-31 16:53:00,2024-02-07 00:56:08.880025980
TX008965,DEV0097,EMP0307,2026-08-20 08:46:00,2026-08-24 04:08:18.239027497
TX008966,DEV0206,EMP0303,2024-02-16 18:06:00,2024-02-17 08:09:49.728367195
TX008967,DEV0152,EMP0327,2026-08-06 10:16:00,2026-08-10 21:31:03.462162087
TX008968,DEV0202,EMP0240,2025-02-12 09:35:00,2025-02-15 09:22:48.302450258
TX008969,DEV0016,EMP0192,2024-07-16 16:16:00,2024-07-25 05:22:09.829811552
TX008970,DEV0117,EMP0300,2024-08-31 07:14:00,2024-09-05 23:07:03.938482923
TX008971,DEV0172,EMP0290,2025-01-03 07:05:00,2025-01-04 14:51:56.217782981
TX008972,DEV0152,EMP0375,2025-10-09 10:28:00,2025-10-14 06:35:04.705076938
TX008973,DEV0063,EMP0314,2025-04-05 16:01:00,2025-04-13 14:52:58.516345797
TX008974,DEV0192,EMP0305,2025-02-25 16:36:00,2025-03-13 23:26:05.182667206
TX008975,DEV0073,EMP0216,2025-09-04 11:16:00,2025-09-08 06:14:58.452776805
TX008976,DEV0181,EMP0285,2025-04-21 13:32:00,2025-04-27 15:07:53.099287613
TX008977,DEV0076,EMP0044,2025-10-26 07:06:00,2025-10-31 13:26:53.011613448
TX008978,DEV0055,EMP0346,2026-04-11 13:28:00,2026-04-13 17:24:22.538409171
TX008979,DEV0001,EMP0041,2025-03-12 17:52:00,2025-04-21 02:24:07.073314421
TX008980,DEV0023,EMP0370,2024-08-02 13:41:00,2024-08-05 16:38:10.094861512
TX008981,DEV0064,EMP0046,2025-01-31 18:10:00,2025-02-18 00:12:09.408500418
TX008982,DEV0074,EMP0304,2024-09-12 13:28:00,2024-10-05 09:48:35.201082900
TX008983,DEV0201,EMP0018,2024-12-09 08:51:00,2024-12-15 08:26:06.969415784
TX008984,DEV0043,EMP0387,2024-01-13 12:52:00,2024-01-18 06:20:16.062838489
TX008985,DEV0092,EMP0060,2025-05-25 12:28:00,2025-06-11 00:44:06.902865711
TX008986,DEV0235,EMP0390,2024-02-05 16:45:00,2024-02-17 00:26:01.957099272
TX008987,DEV0075,EMP0326,2024-04-19 18:13:00,2024-05-01 09:14:47.035405266
TX008988,DEV0169,EMP0272,2024-11-12 15:56:00,2024-11-13 13:48:55.100226062
TX008989,DEV0084,EMP0012,2026-05-10 15:29:00,2026-07-26 15:44:56.660583572
TX008990,DEV0161,EMP0386,2025-10-29 08:03:00,2025-11-10 11:01:47.256860320
TX008991,DEV0124,EMP0249,2025-01-09 11:08:00,2025-01-18 21:28:05.494389798
TX008992,DEV0221,EMP0414,2025-01-04 17:24:00,2025-01-07 19:46:12.120216637
TX008993,DEV0033,EMP0109,2025-02-21 16:14:00,2025-03-18 23:13:25.762765638
TX008994,DEV0075,EMP0406,2026-03-06 14:26:00,2026-03-19 17:09:39.277448491
TX008995,DEV0037,EMP0416,2024-05-11 07:47:00,2024-05-13 05:22:21.245348331
TX008996,DEV0052,EMP0057,2025-11-29 07:56:00,2025-12-03 00:58:47.161097177
TX008997,DEV0163,EMP0116,2026-03-17 12:38:00,2026-03-20 22:32:52.882343292
TX008998,DEV0022,EMP0343,2026-07-04 13:35:00,2026-07-19 19:34:07.514204936
TX008999,DEV0144,EMP0056,2026-04-27 09:40:00,2026-06-25 00:08:39.679266909
TX009000,DEV0009,EMP0268,2024-03-20 16:10:00,2024-03-23 06:11:39.995882939
TX007941,DEV0128,EMP0147,2026-05-09 11:12:00,2026-05-13 14:20:51.345690575
TX001163,DEV0153,EMP0323,2026-02-15 09:58:00,2026-02-25 00:10:16.223518528
TX000583,DEV0260,EMP0247,2024-10-13 18:11:00,2024-10-15 09:47:06.171389604
TX004082,DEV0002,EMP0401,2024-01-23 12:47:00,2024-01-25 02:59:10.262617477
TX008413,DEV0093,EMP0294,2025-10-24 18:37:00,2025-10-31 12:13:09.016465844
TX008731,DEV0043,EMP0287,2025-04-03 09:48:00,2025-04-11 23:41:01.553039082
TX005937,DEV0038,EMP0043,2025-09-29 07:22:00,2025-09-30 12:05:30.345272750
TX008284,DEV0092,EMP0415,2025-10-15 11:04:00,2025-10-20 04:20:54.997524262
TX003707,DEV0049,EMP0250,2025-10-07 11:47:00,2025-10-11 15:49:09.714929990
TX004072,DEV0074,EMP0183,2025-01-05 07:24:00,2025-01-26 09:14:02.725707170
TX003754,DEV0123,EMP0187,2025-08-13 17:38:00,2025-08-18 12:24:58.734898429
TX005488,DEV0242,EMP0076,2026-03-11 09:48:00,2026-03-21 01:20:34.062339054
TX003654,DEV0252,EMP0079,2024-11-19 18:58:00,2024-11-22 21:42:46.209701235
TX006822,DEV0082,EMP0107,2024-11-23 09:50:00,2024-12-03 14:23:29.146839791
TX007638,DEV0183,EMP0121,2024-04-02 13:36:00,2024-04-09 03:09:20.238211145
